Using pre-set license
Built from '6000.0/staging' branch; Version is '6000.0.28f1 (f336aca0cab5) revision 15939244'; Using compiler version '193933523'; Build Type 'Release'
OS: 'Windows 11  (10.0.26200) 64bit Professional' Language: 'en' Physical Memory: 16075 MB
BatchMode: 1, IsHumanControllingUs: 0, StartBugReporterOnCrash: 0, Is64bit: 1, IsPro: 1

COMMAND LINE ARGUMENTS:
C:\Program Files\Unity\Hub\Editor\6000.0.28f1\Editor\Unity.exe
-adb2
-batchMode
-noUpm
-name
AssetImportWorker0
-projectPath
C:/Users/User/Documents/GitHub/PacManVR_Git/Survival-Game-Unity/Survival Game
-logFile
Logs/AssetImportWorker0.log
-srvPort
14618
-job-worker-count
3
-background-job-worker-count
8
-asset-garbage-collectors
1
Successfully changed project path to: C:/Users/User/Documents/GitHub/PacManVR_Git/Survival-Game-Unity/Survival Game
C:/Users/User/Documents/GitHub/PacManVR_Git/Survival-Game-Unity/Survival Game
[UnityMemory] Configuration Parameters - Can be set up in boot.config
    "memorysetup-bucket-allocator-granularity=16"
    "memorysetup-bucket-allocator-bucket-count=8"
    "memorysetup-bucket-allocator-block-size=33554432"
    "memorysetup-bucket-allocator-block-count=8"
    "memorysetup-main-allocator-block-size=16777216"
    "memorysetup-thread-allocator-block-size=16777216"
    "memorysetup-gfx-main-allocator-block-size=16777216"
    "memorysetup-gfx-thread-allocator-block-size=16777216"
    "memorysetup-cache-allocator-block-size=4194304"
    "memorysetup-typetree-allocator-block-size=2097152"
    "memorysetup-profiler-bucket-allocator-granularity=16"
    "memorysetup-profiler-bucket-allocator-bucket-count=8"
    "memorysetup-profiler-bucket-allocator-block-size=33554432"
    "memorysetup-profiler-bucket-allocator-block-count=8"
    "memorysetup-profiler-allocator-block-size=16777216"
    "memorysetup-profiler-editor-allocator-block-size=1048576"
    "memorysetup-temp-allocator-size-main=16777216"
    "memorysetup-job-temp-allocator-block-size=2097152"
    "memorysetup-job-temp-allocator-block-size-background=1048576"
    "memorysetup-job-temp-allocator-reduction-small-platforms=262144"
    "memorysetup-allocator-temp-initial-block-size-main=262144"
    "memorysetup-allocator-temp-initial-block-size-worker=262144"
    "memorysetup-temp-allocator-size-background-worker=32768"
    "memorysetup-temp-allocator-size-job-worker=262144"
    "memorysetup-temp-allocator-size-preload-manager=33554432"
    "memorysetup-temp-allocator-size-nav-mesh-worker=65536"
    "memorysetup-temp-allocator-size-audio-worker=65536"
    "memorysetup-temp-allocator-size-cloud-worker=32768"
    "memorysetup-temp-allocator-size-gi-baking-worker=262144"
    "memorysetup-temp-allocator-size-gi-baking-worker=262144"
    "memorysetup-temp-allocator-size-gi-baking-worker=262144"
    "memorysetup-temp-allocator-size-gi-baking-worker=262144"
    "memorysetup-temp-allocator-size-gi-baking-worker=262144"
    "memorysetup-temp-allocator-size-gfx=262144"
Player connection [23688]  Target information:

Player connection [23688]  * "[IP] 172.29.224.1 [Port] 0 [Flags] 2 [Guid] 398759559 [EditorId] 398759559 [Version] 1048832 [Id] WindowsEditor(7,DESKTOP-6KD9S8Q) [Debug] 1 [PackageName] WindowsEditor [ProjectName] Editor" 

Player connection [23688]  * "[IP] 192.168.56.1 [Port] 0 [Flags] 2 [Guid] 398759559 [EditorId] 398759559 [Version] 1048832 [Id] WindowsEditor(7,DESKTOP-6KD9S8Q) [Debug] 1 [PackageName] WindowsEditor [ProjectName] Editor" 

Player connection [23688]  * "[IP] 192.168.196.1 [Port] 0 [Flags] 2 [Guid] 398759559 [EditorId] 398759559 [Version] 1048832 [Id] WindowsEditor(7,DESKTOP-6KD9S8Q) [Debug] 1 [PackageName] WindowsEditor [ProjectName] Editor" 

Player connection [23688]  * "[IP] 192.168.111.1 [Port] 0 [Flags] 2 [Guid] 398759559 [EditorId] 398759559 [Version] 1048832 [Id] WindowsEditor(7,DESKTOP-6KD9S8Q) [Debug] 1 [PackageName] WindowsEditor [ProjectName] Editor" 

Player connection [23688]  * "[IP] 10.29.61.35 [Port] 0 [Flags] 2 [Guid] 398759559 [EditorId] 398759559 [Version] 1048832 [Id] WindowsEditor(7,DESKTOP-6KD9S8Q) [Debug] 1 [PackageName] WindowsEditor [ProjectName] Editor" 

Player connection [23688] Host joined multi-casting on [225.0.0.222:54997]...
Player connection [23688] Host joined alternative multi-casting on [225.0.0.222:34997]...
JobSystem: Creating JobQueue using job-worker-count value 3
[Physics::Module] Initialized fallback backend.
[Physics::Module] Id: 0xdecafbad
Library Redirect Path: Library/
[Physics::Module] Selected backend.
[Physics::Module] Name: PhysX
[Physics::Module] Id: 0xf2b8ea05
[Physics::Module] SDK Version: 4.1.2
[Physics::Module] Integration Version: 1.0.0
[Physics::Module] Threading Mode: Multi-Threaded
Refreshing native plugins compatible for Editor in 2.25 ms, found 4 plugins.
Preloading 0 native plugins for Editor in 0.00 ms.
Initialize engine version: 6000.0.28f1 (f336aca0cab5)
[Subsystems] Discovering subsystems at path C:/Program Files/Unity/Hub/Editor/6000.0.28f1/Editor/Data/Resources/UnitySubsystems
[Subsystems] Discovering subsystems at path C:/Users/User/Documents/GitHub/PacManVR_Git/Survival-Game-Unity/Survival Game/Assets
GfxDevice: creating device client; kGfxThreadingModeNonThreaded
Direct3D:
    Version:  Direct3D 11.0 [level 11.1]
    Renderer: NVIDIA GeForce RTX 3060 Laptop GPU (ID=0x2520)
    Vendor:   NVIDIA
    VRAM:     5996 MB
    Driver:   32.0.15.5597
Initialize mono
Mono path[0] = 'C:/Program Files/Unity/Hub/Editor/6000.0.28f1/Editor/Data/Managed'
Mono path[1] = 'C:/Program Files/Unity/Hub/Editor/6000.0.28f1/Editor/Data/MonoBleedingEdge/lib/mono/unityjit-win32'
Mono config path = 'C:/Program Files/Unity/Hub/Editor/6000.0.28f1/Editor/Data/MonoBleedingEdge/etc'
Using monoOptions --debugger-agent=transport=dt_socket,embedding=1,server=y,suspend=n,address=127.0.0.1:56892
Begin MonoManager ReloadAssembly
Registering precompiled unity dll's ...
Register platform support module: C:/Program Files/Unity/Hub/Editor/6000.0.28f1/Editor/Data/PlaybackEngines/WebGLSupport/UnityEditor.WebGL.Extensions.dll
Register platform support module: C:/Program Files/Unity/Hub/Editor/6000.0.28f1/Editor/Data/PlaybackEngines/VisionOSPlayer/UnityEditor.VisionOS.Extensions.dll
Register platform support module: C:/Program Files/Unity/Hub/Editor/6000.0.28f1/Editor/Data/PlaybackEngines/WindowsStandaloneSupport/UnityEditor.WindowsStandalone.Extensions.dll
Register platform support module: C:/Program Files/Unity/Hub/Editor/6000.0.28f1/Editor/Data/PlaybackEngines/MetroSupport/UnityEditor.UWP.Extensions.dll
Register platform support module: C:/Program Files/Unity/Hub/Editor/6000.0.28f1/Editor/Data/PlaybackEngines/AndroidPlayer/UnityEditor.Android.Extensions.dll
Register platform support module: C:/Program Files/Unity/Hub/Editor/6000.0.28f1/Editor/Data/PlaybackEngines/iOSSupport/UnityEditor.iOS.Extensions.dll
Registered in 0.006073 seconds.
- Loaded All Assemblies, in  0.373 seconds
[usbmuxd] Start listen thread
[usbmuxd] Listen thread started
Native extension for iOS target not found
Native extension for Android target not found
Android Extension - Scanning For ADB Devices 651 ms
Native extension for UWP target not found
Native extension for WindowsStandalone target not found
Failed to load: C:/Program Files/Unity/Hub/Editor/6000.0.28f1/Editor/Data/PlaybackEngines/VisionOSPlayer\x64\UnityEditor.VisionOS.Native.dll
Native extension for VisionOS target not found
Native extension for WebGL target not found
Mono: successfully reloaded assembly
- Finished resetting the current domain, in  1.044 seconds
Domain Reload Profiling: 1416ms
	BeginReloadAssembly (131ms)
		ExecutionOrderSort (0ms)
		DisableScriptedObjects (0ms)
		BackupInstance (0ms)
		ReleaseScriptingObjects (0ms)
		CreateAndSetChildDomain (1ms)
	RebuildCommonClasses (35ms)
	RebuildNativeTypeToScriptingClass (11ms)
	initialDomainReloadingComplete (46ms)
	LoadAllAssembliesAndSetupDomain (149ms)
		LoadAssemblies (129ms)
		RebuildTransferFunctionScriptingTraits (0ms)
		AnalyzeDomain (145ms)
			TypeCache.Refresh (144ms)
				TypeCache.ScanAssembly (131ms)
			BuildScriptInfoCaches (0ms)
			ResolveRequiredComponents (0ms)
	FinalizeReload (1045ms)
		ReleaseScriptCaches (0ms)
		RebuildScriptCaches (0ms)
		SetupLoadedEditorAssemblies (999ms)
			LogAssemblyErrors (0ms)
			InitializePlatformSupportModulesInManaged (740ms)
			SetLoadedEditorAssemblies (4ms)
			BeforeProcessingInitializeOnLoad (6ms)
			ProcessInitializeOnLoadAttributes (164ms)
			ProcessInitializeOnLoadMethodAttributes (81ms)
			AfterProcessingInitializeOnLoad (2ms)
			EditorAssembliesLoaded (0ms)
		ExecutionOrderSort2 (0ms)
		AwakeInstancesAfterBackupRestoration (0ms)
Assembly reference Packages/com.unity.cinemachine/Editor/Samples/ExposeHDRPInternals/HDRP-Editor-ref.asmref has no target assembly definition
========================================================================
Worker process is ready to serve import requests
Import Worker Mode flag is 0x00
Assembly reference Packages/com.unity.cinemachine/Editor/Samples/ExposeHDRPInternals/HDRP-Editor-ref.asmref has no target assembly definition
Assembly reference Packages/com.unity.cinemachine/Editor/Samples/ExposeHDRPInternals/HDRP-Editor-ref.asmref has no target assembly definition
Begin MonoManager ReloadAssembly
- Loaded All Assemblies, in  1.206 seconds
Assembly reference Packages/com.unity.cinemachine/Editor/Samples/ExposeHDRPInternals/HDRP-Editor-ref.asmref has no target assembly definition
'Packages/com.unity.cinemachine/Editor/Obsolete/CinemachineVirtualCameraBaseEditor.cs' contains partial class of Unity.Object, exactly 1 of the partial classes needs to be in a file with the same filename. This is to know the one that can be referenced from ie. GameObjects
'Packages/com.unity.cinemachine/Editor/Editors/CinemachineVirtualCameraBaseEditor.cs' contains partial class of Unity.Object, exactly 1 of the partial classes needs to be in a file with the same filename. This is to know the one that can be referenced from ie. GameObjects
Refreshing native plugins compatible for Editor in 1.52 ms, found 4 plugins.
Native extension for iOS target not found
Native extension for Android target not found
Native extension for UWP target not found
Native extension for WindowsStandalone target not found
Failed to load: C:/Program Files/Unity/Hub/Editor/6000.0.28f1/Editor/Data/PlaybackEngines/VisionOSPlayer\x64\UnityEditor.VisionOS.Native.dll
Native extension for VisionOS target not found
Native extension for WebGL target not found
Assembly reference Packages/com.unity.cinemachine/Editor/Samples/ExposeHDRPInternals/HDRP-Editor-ref.asmref has no target assembly definition
Package Manager log level set to [2]
[Package Manager] Failed to launch server process. Reason: Unity was launched with the -noUpm command-line argument
[Package Manager] Unable to send message (not connected to server process).
[Package Manager] Cannot connect to Unity Package Manager local server
Refreshing native plugins compatible for Editor in 1.94 ms, found 4 plugins.
Mono: successfully reloaded assembly
- Finished resetting the current domain, in  1.194 seconds
Domain Reload Profiling: 2396ms
	BeginReloadAssembly (445ms)
		ExecutionOrderSort (0ms)
		DisableScriptedObjects (8ms)
		BackupInstance (0ms)
		ReleaseScriptingObjects (0ms)
		CreateAndSetChildDomain (42ms)
	RebuildCommonClasses (47ms)
	RebuildNativeTypeToScriptingClass (14ms)
	initialDomainReloadingComplete (49ms)
	LoadAllAssembliesAndSetupDomain (646ms)
		LoadAssemblies (410ms)
		RebuildTransferFunctionScriptingTraits (0ms)
		AnalyzeDomain (346ms)
			TypeCache.Refresh (236ms)
				TypeCache.ScanAssembly (215ms)
			BuildScriptInfoCaches (90ms)
			ResolveRequiredComponents (14ms)
	FinalizeReload (1194ms)
		ReleaseScriptCaches (0ms)
		RebuildScriptCaches (0ms)
		SetupLoadedEditorAssemblies (878ms)
			LogAssemblyErrors (0ms)
			InitializePlatformSupportModulesInManaged (16ms)
			SetLoadedEditorAssemblies (5ms)
			BeforeProcessingInitializeOnLoad (83ms)
			ProcessInitializeOnLoadAttributes (669ms)
			ProcessInitializeOnLoadMethodAttributes (96ms)
			AfterProcessingInitializeOnLoad (8ms)
			EditorAssembliesLoaded (0ms)
		ExecutionOrderSort2 (0ms)
		AwakeInstancesAfterBackupRestoration (6ms)
Launched and connected shader compiler UnityShaderCompiler.exe after 0.01 seconds
Refreshing native plugins compatible for Editor in 1.99 ms, found 4 plugins.
Preloading 0 native plugins for Editor in 0.00 ms.
Unloading 219 Unused Serialized files (Serialized files now loaded: 0)
Unloading 6756 unused Assets / (4.8 MB). Loaded Objects now: 7544.
Memory consumption went from 192.6 MB to 187.8 MB.
Total: 19.126400 ms (FindLiveObjects: 2.071500 ms CreateObjectMapping: 2.443900 ms MarkObjects: 9.361400 ms  DeleteObjects: 5.247500 ms)

========================================================================
Received Import Request.
  Time since last request: 63769.205243 seconds.
  path: Assets/RPG_FPS_game_assets_industrial/Fences/Concrete_fences/Concrete_fence_v1/Concrete_fence_v1_c1.prefab
  artifactKey: Guid(d451d48adcbc4e14d817d2f55e6fe807) Importer(815301076,1909f56bfc062723c751e8b465ee728b)
Start importing Assets/RPG_FPS_game_assets_industrial/Fences/Concrete_fences/Concrete_fence_v1/Concrete_fence_v1_c1.prefab using Guid(d451d48adcbc4e14d817d2f55e6fe807) Importer(815301076,1909f56bfc062723c751e8b465ee728b) (PreviewImporter) -> (artifact id: 'f593d5546745157cedd0ad988ca7f12c') in 0.538111 seconds
Number of updated asset objects reloaded before import = 0Number of asset objects unloaded after import = 11

========================================================================
Received Import Request.
  Time since last request: 0.000048 seconds.
  path: Assets/RPG_FPS_game_assets_industrial/Fences/Concrete_fences/Concrete_fence_v1/Concrete_fence_v1_c4.prefab
  artifactKey: Guid(274192df2eb22c141b0d33bd4bc4a00b) Importer(815301076,1909f56bfc062723c751e8b465ee728b)
Start importing Assets/RPG_FPS_game_assets_industrial/Fences/Concrete_fences/Concrete_fence_v1/Concrete_fence_v1_c4.prefab using Guid(274192df2eb22c141b0d33bd4bc4a00b) Importer(815301076,1909f56bfc062723c751e8b465ee728b) (PreviewImporter) -> (artifact id: '1bd2606431386eecfbe68d48861cf5a0') in 0.021913 seconds
Number of updated asset objects reloaded before import = 0Number of asset objects unloaded after import = 11

========================================================================
Received Import Request.
  Time since last request: 0.000036 seconds.
  path: Assets/RPG_FPS_game_assets_industrial/Fences/Concrete_fences/Concrete_fence_v1/Concrete_fence_v1_column.prefab
  artifactKey: Guid(28b2b68147fce3c4187add1104d6ccd8) Importer(815301076,1909f56bfc062723c751e8b465ee728b)
Start importing Assets/RPG_FPS_game_assets_industrial/Fences/Concrete_fences/Concrete_fence_v1/Concrete_fence_v1_column.prefab using Guid(28b2b68147fce3c4187add1104d6ccd8) Importer(815301076,1909f56bfc062723c751e8b465ee728b) (PreviewImporter) -> (artifact id: '8a4f1ff1195e2e12f1a7d2e0eba552b6') in 0.018477 seconds
Number of updated asset objects reloaded before import = 0Number of asset objects unloaded after import = 11

========================================================================
Received Import Request.
  Time since last request: 0.851957 seconds.
  path: Assets/Scary_Evil/Prefab/Prefabs/evil@Idle (1).prefab
  artifactKey: Guid(9ea8cc3166e81af478a6fa55058a60e6) Importer(815301076,1909f56bfc062723c751e8b465ee728b)
Start importing Assets/Scary_Evil/Prefab/Prefabs/evil@Idle (1).prefab using Guid(9ea8cc3166e81af478a6fa55058a60e6) Importer(815301076,1909f56bfc062723c751e8b465ee728b) (PreviewImporter) -> (artifact id: '47fdc133e8922f8244e542d061306e89') in 0.1080159 seconds
Number of updated asset objects reloaded before import = 0Number of asset objects unloaded after import = 334

========================================================================
Received Import Request.
  Time since last request: 0.000043 seconds.
  path: Assets/Scary_Evil/Prefab/Prefabs/evil@Threatening.prefab
  artifactKey: Guid(5e5eafe0ff31d5a4b95157396a39ae44) Importer(815301076,1909f56bfc062723c751e8b465ee728b)
Start importing Assets/Scary_Evil/Prefab/Prefabs/evil@Threatening.prefab using Guid(5e5eafe0ff31d5a4b95157396a39ae44) Importer(815301076,1909f56bfc062723c751e8b465ee728b) (PreviewImporter) -> (artifact id: '9c44349b89f35aa8d53c49f8d2e565ed') in 0.0527843 seconds
Number of updated asset objects reloaded before import = 0Number of asset objects unloaded after import = 334

========================================================================
Received Import Request.
  Time since last request: 0.000064 seconds.
  path: Assets/Scary_Evil/Prefab/Prefabs/evil@Zombie Run (1).prefab
  artifactKey: Guid(3cde94e6aadb9dd419315cbc775b2b72) Importer(815301076,1909f56bfc062723c751e8b465ee728b)
Start importing Assets/Scary_Evil/Prefab/Prefabs/evil@Zombie Run (1).prefab using Guid(3cde94e6aadb9dd419315cbc775b2b72) Importer(815301076,1909f56bfc062723c751e8b465ee728b) (PreviewImporter) -> (artifact id: 'eb7f2123da5088c2195d5a0bbc3bea2e') in 0.0592047 seconds
Number of updated asset objects reloaded before import = 0Number of asset objects unloaded after import = 334

========================================================================
Received Import Request.
  Time since last request: 5.668680 seconds.
  path: Assets/Spoiled Unknown/XtremeFPS/Weapon/Effects/Prefabs/FleshImpacts.prefab
  artifactKey: Guid(24b82347924701148a13c746edfb6b22) Importer(815301076,1909f56bfc062723c751e8b465ee728b)
Start importing Assets/Spoiled Unknown/XtremeFPS/Weapon/Effects/Prefabs/FleshImpacts.prefab using Guid(24b82347924701148a13c746edfb6b22) Importer(815301076,1909f56bfc062723c751e8b465ee728b) (PreviewImporter) -> (artifact id: '4b98c92a25d493563e40cb8675e37aa1') in 4.2535771 seconds
Number of updated asset objects reloaded before import = 0Number of asset objects unloaded after import = 35

========================================================================
Received Import Request.
  Time since last request: 0.000031 seconds.
  path: Assets/Spoiled Unknown/XtremeFPS/Prefabs/M4_Carbine.prefab
  artifactKey: Guid(3d486f468af0fa8429b3f1dc99574534) Importer(815301076,1909f56bfc062723c751e8b465ee728b)
Start importing Assets/Spoiled Unknown/XtremeFPS/Prefabs/M4_Carbine.prefab using Guid(3d486f468af0fa8429b3f1dc99574534) Importer(815301076,1909f56bfc062723c751e8b465ee728b) (PreviewImporter) -> (artifact id: '803bf8b5cd953b06247fac3cf3064284') in 0.0757746 seconds
Number of updated asset objects reloaded before import = 0Number of asset objects unloaded after import = 86

========================================================================
Received Import Request.
  Time since last request: 0.000053 seconds.
  path: Assets/Spoiled Unknown/XtremeFPS/Weapon/Effects/Prefabs/StoneImpacts.prefab
  artifactKey: Guid(8b7a1ffda5bb7474b8fae646c45ce7b4) Importer(815301076,1909f56bfc062723c751e8b465ee728b)
Start importing Assets/Spoiled Unknown/XtremeFPS/Weapon/Effects/Prefabs/StoneImpacts.prefab using Guid(8b7a1ffda5bb7474b8fae646c45ce7b4) Importer(815301076,1909f56bfc062723c751e8b465ee728b) (PreviewImporter) -> (artifact id: '3ab6573891a3440159a7cdbaa3c504bb') in 8.9227879 seconds
Number of updated asset objects reloaded before import = 0Number of asset objects unloaded after import = 36

========================================================================
Received Prepare
Assembly reference Packages/com.unity.cinemachine/Editor/Samples/ExposeHDRPInternals/HDRP-Editor-ref.asmref has no target assembly definition
Assembly reference Packages/com.unity.cinemachine/Editor/Samples/ExposeHDRPInternals/HDRP-Editor-ref.asmref has no target assembly definition
Begin MonoManager ReloadAssembly
- Loaded All Assemblies, in  0.821 seconds
Assembly reference Packages/com.unity.cinemachine/Editor/Samples/ExposeHDRPInternals/HDRP-Editor-ref.asmref has no target assembly definition
'Packages/com.unity.cinemachine/Editor/Obsolete/CinemachineVirtualCameraBaseEditor.cs' contains partial class of Unity.Object, exactly 1 of the partial classes needs to be in a file with the same filename. This is to know the one that can be referenced from ie. GameObjects
'Packages/com.unity.cinemachine/Editor/Editors/CinemachineVirtualCameraBaseEditor.cs' contains partial class of Unity.Object, exactly 1 of the partial classes needs to be in a file with the same filename. This is to know the one that can be referenced from ie. GameObjects
Refreshing native plugins compatible for Editor in 2.30 ms, found 4 plugins.
Native extension for iOS target not found
Native extension for Android target not found
Native extension for UWP target not found
Native extension for WindowsStandalone target not found
Failed to load: C:/Program Files/Unity/Hub/Editor/6000.0.28f1/Editor/Data/PlaybackEngines/VisionOSPlayer\x64\UnityEditor.VisionOS.Native.dll
Native extension for VisionOS target not found
Native extension for WebGL target not found
Assembly reference Packages/com.unity.cinemachine/Editor/Samples/ExposeHDRPInternals/HDRP-Editor-ref.asmref has no target assembly definition
[Package Manager] Failed to launch server process. Reason: Unity was launched with the -noUpm command-line argument
[Package Manager] Unable to send message (not connected to server process).
[Package Manager] Cannot connect to Unity Package Manager local server
Mono: successfully reloaded assembly
- Finished resetting the current domain, in  1.160 seconds
Domain Reload Profiling: 1981ms
	BeginReloadAssembly (220ms)
		ExecutionOrderSort (0ms)
		DisableScriptedObjects (20ms)
		BackupInstance (0ms)
		ReleaseScriptingObjects (0ms)
		CreateAndSetChildDomain (62ms)
	RebuildCommonClasses (35ms)
	RebuildNativeTypeToScriptingClass (15ms)
	initialDomainReloadingComplete (25ms)
	LoadAllAssembliesAndSetupDomain (526ms)
		LoadAssemblies (372ms)
		RebuildTransferFunctionScriptingTraits (0ms)
		AnalyzeDomain (251ms)
			TypeCache.Refresh (10ms)
				TypeCache.ScanAssembly (0ms)
			BuildScriptInfoCaches (223ms)
			ResolveRequiredComponents (13ms)
	FinalizeReload (1160ms)
		ReleaseScriptCaches (0ms)
		RebuildScriptCaches (0ms)
		SetupLoadedEditorAssemblies (785ms)
			LogAssemblyErrors (0ms)
			InitializePlatformSupportModulesInManaged (19ms)
			SetLoadedEditorAssemblies (5ms)
			BeforeProcessingInitializeOnLoad (79ms)
			ProcessInitializeOnLoadAttributes (601ms)
			ProcessInitializeOnLoadMethodAttributes (73ms)
			AfterProcessingInitializeOnLoad (8ms)
			EditorAssembliesLoaded (1ms)
		ExecutionOrderSort2 (0ms)
		AwakeInstancesAfterBackupRestoration (15ms)
Refreshing native plugins compatible for Editor in 2.09 ms, found 4 plugins.
Preloading 0 native plugins for Editor in 0.00 ms.
Unloading 24 Unused Serialized files (Serialized files now loaded: 0)
Unloading 6754 unused Assets / (4.5 MB). Loaded Objects now: 7598.
Memory consumption went from 184.8 MB to 180.4 MB.
Total: 14.273100 ms (FindLiveObjects: 0.868400 ms CreateObjectMapping: 0.731000 ms MarkObjects: 8.748600 ms  DeleteObjects: 3.923100 ms)

Prepare: number of updated asset objects reloaded= 0
========================================================================
Received Prepare
'Packages/com.unity.cinemachine/Editor/Obsolete/CinemachineVirtualCameraBaseEditor.cs' contains partial class of Unity.Object, exactly 1 of the partial classes needs to be in a file with the same filename. This is to know the one that can be referenced from ie. GameObjects
'Packages/com.unity.cinemachine/Editor/Editors/CinemachineVirtualCameraBaseEditor.cs' contains partial class of Unity.Object, exactly 1 of the partial classes needs to be in a file with the same filename. This is to know the one that can be referenced from ie. GameObjects
Refreshing native plugins compatible for Editor in 2.42 ms, found 4 plugins.
Preloading 0 native plugins for Editor in 0.00 ms.
Unloading 14 Unused Serialized files (Serialized files now loaded: 0)
Unloading 6741 unused Assets / (3.8 MB). Loaded Objects now: 7599.
Memory consumption went from 183.2 MB to 179.4 MB.
Total: 17.525900 ms (FindLiveObjects: 0.949200 ms CreateObjectMapping: 1.115900 ms MarkObjects: 10.578000 ms  DeleteObjects: 4.881000 ms)

Prepare: number of updated asset objects reloaded= 0
========================================================================
Received Import Request.
  Time since last request: 416.903548 seconds.
  path: Assets/Survival/Scripts/SpawnManager.cs
  artifactKey: Guid(54d680d75575544469cda57a5da0ad60) Importer(815301076,1909f56bfc062723c751e8b465ee728b)
Start importing Assets/Survival/Scripts/SpawnManager.cs using Guid(54d680d75575544469cda57a5da0ad60) Importer(815301076,1909f56bfc062723c751e8b465ee728b) (PreviewImporter) -> (artifact id: '7fae916dbf054a1089dd710d765279cf') in 0.0242603 seconds
Number of updated asset objects reloaded before import = 0Number of asset objects unloaded after import = 0

========================================================================
Received Prepare
Assembly reference Packages/com.unity.cinemachine/Editor/Samples/ExposeHDRPInternals/HDRP-Editor-ref.asmref has no target assembly definition
Assembly reference Packages/com.unity.cinemachine/Editor/Samples/ExposeHDRPInternals/HDRP-Editor-ref.asmref has no target assembly definition
Begin MonoManager ReloadAssembly
- Loaded All Assemblies, in  1.763 seconds
Assembly reference Packages/com.unity.cinemachine/Editor/Samples/ExposeHDRPInternals/HDRP-Editor-ref.asmref has no target assembly definition
'Packages/com.unity.cinemachine/Editor/Obsolete/CinemachineVirtualCameraBaseEditor.cs' contains partial class of Unity.Object, exactly 1 of the partial classes needs to be in a file with the same filename. This is to know the one that can be referenced from ie. GameObjects
'Packages/com.unity.cinemachine/Editor/Editors/CinemachineVirtualCameraBaseEditor.cs' contains partial class of Unity.Object, exactly 1 of the partial classes needs to be in a file with the same filename. This is to know the one that can be referenced from ie. GameObjects
Refreshing native plugins compatible for Editor in 2.64 ms, found 4 plugins.
Native extension for iOS target not found
Native extension for Android target not found
Native extension for UWP target not found
Native extension for WindowsStandalone target not found
Failed to load: C:/Program Files/Unity/Hub/Editor/6000.0.28f1/Editor/Data/PlaybackEngines/VisionOSPlayer\x64\UnityEditor.VisionOS.Native.dll
Native extension for VisionOS target not found
Native extension for WebGL target not found
Assembly reference Packages/com.unity.cinemachine/Editor/Samples/ExposeHDRPInternals/HDRP-Editor-ref.asmref has no target assembly definition
[Package Manager] Failed to launch server process. Reason: Unity was launched with the -noUpm command-line argument
[Package Manager] Unable to send message (not connected to server process).
[Package Manager] Cannot connect to Unity Package Manager local server
Mono: successfully reloaded assembly
- Finished resetting the current domain, in  1.872 seconds
Domain Reload Profiling: 3635ms
	BeginReloadAssembly (370ms)
		ExecutionOrderSort (0ms)
		DisableScriptedObjects (9ms)
		BackupInstance (0ms)
		ReleaseScriptingObjects (0ms)
		CreateAndSetChildDomain (96ms)
	RebuildCommonClasses (130ms)
	RebuildNativeTypeToScriptingClass (25ms)
	initialDomainReloadingComplete (47ms)
	LoadAllAssembliesAndSetupDomain (1191ms)
		LoadAssemblies (876ms)
		RebuildTransferFunctionScriptingTraits (0ms)
		AnalyzeDomain (514ms)
			TypeCache.Refresh (19ms)
				TypeCache.ScanAssembly (2ms)
			BuildScriptInfoCaches (466ms)
			ResolveRequiredComponents (23ms)
	FinalizeReload (1873ms)
		ReleaseScriptCaches (0ms)
		RebuildScriptCaches (0ms)
		SetupLoadedEditorAssemblies (1356ms)
			LogAssemblyErrors (0ms)
			InitializePlatformSupportModulesInManaged (31ms)
			SetLoadedEditorAssemblies (9ms)
			BeforeProcessingInitializeOnLoad (201ms)
			ProcessInitializeOnLoadAttributes (1008ms)
			ProcessInitializeOnLoadMethodAttributes (95ms)
			AfterProcessingInitializeOnLoad (11ms)
			EditorAssembliesLoaded (1ms)
		ExecutionOrderSort2 (0ms)
		AwakeInstancesAfterBackupRestoration (18ms)
Refreshing native plugins compatible for Editor in 2.63 ms, found 4 plugins.
Preloading 0 native plugins for Editor in 0.00 ms.
Unloading 14 Unused Serialized files (Serialized files now loaded: 0)
Unloading 6753 unused Assets / (4.9 MB). Loaded Objects now: 7602.
Memory consumption went from 183.0 MB to 178.1 MB.
Total: 15.880600 ms (FindLiveObjects: 1.015900 ms CreateObjectMapping: 0.838600 ms MarkObjects: 8.925300 ms  DeleteObjects: 5.097400 ms)

Prepare: number of updated asset objects reloaded= 0
========================================================================
Received Prepare
Assembly reference Packages/com.unity.cinemachine/Editor/Samples/ExposeHDRPInternals/HDRP-Editor-ref.asmref has no target assembly definition
Assembly reference Packages/com.unity.cinemachine/Editor/Samples/ExposeHDRPInternals/HDRP-Editor-ref.asmref has no target assembly definition
Begin MonoManager ReloadAssembly
- Loaded All Assemblies, in  0.940 seconds
Assembly reference Packages/com.unity.cinemachine/Editor/Samples/ExposeHDRPInternals/HDRP-Editor-ref.asmref has no target assembly definition
'Packages/com.unity.cinemachine/Editor/Obsolete/CinemachineVirtualCameraBaseEditor.cs' contains partial class of Unity.Object, exactly 1 of the partial classes needs to be in a file with the same filename. This is to know the one that can be referenced from ie. GameObjects
'Packages/com.unity.cinemachine/Editor/Editors/CinemachineVirtualCameraBaseEditor.cs' contains partial class of Unity.Object, exactly 1 of the partial classes needs to be in a file with the same filename. This is to know the one that can be referenced from ie. GameObjects
Refreshing native plugins compatible for Editor in 2.13 ms, found 4 plugins.
Native extension for iOS target not found
Native extension for Android target not found
Native extension for UWP target not found
Native extension for WindowsStandalone target not found
Failed to load: C:/Program Files/Unity/Hub/Editor/6000.0.28f1/Editor/Data/PlaybackEngines/VisionOSPlayer\x64\UnityEditor.VisionOS.Native.dll
Native extension for VisionOS target not found
Native extension for WebGL target not found
Assembly reference Packages/com.unity.cinemachine/Editor/Samples/ExposeHDRPInternals/HDRP-Editor-ref.asmref has no target assembly definition
[Package Manager] Failed to launch server process. Reason: Unity was launched with the -noUpm command-line argument
[Package Manager] Unable to send message (not connected to server process).
[Package Manager] Cannot connect to Unity Package Manager local server
Mono: successfully reloaded assembly
- Finished resetting the current domain, in  0.987 seconds
Domain Reload Profiling: 1928ms
	BeginReloadAssembly (264ms)
		ExecutionOrderSort (0ms)
		DisableScriptedObjects (11ms)
		BackupInstance (0ms)
		ReleaseScriptingObjects (0ms)
		CreateAndSetChildDomain (66ms)
	RebuildCommonClasses (51ms)
	RebuildNativeTypeToScriptingClass (16ms)
	initialDomainReloadingComplete (25ms)
	LoadAllAssembliesAndSetupDomain (584ms)
		LoadAssemblies (410ms)
		RebuildTransferFunctionScriptingTraits (0ms)
		AnalyzeDomain (258ms)
			TypeCache.Refresh (18ms)
				TypeCache.ScanAssembly (1ms)
			BuildScriptInfoCaches (224ms)
			ResolveRequiredComponents (11ms)
	FinalizeReload (988ms)
		ReleaseScriptCaches (0ms)
		RebuildScriptCaches (0ms)
		SetupLoadedEditorAssemblies (689ms)
			LogAssemblyErrors (0ms)
			InitializePlatformSupportModulesInManaged (21ms)
			SetLoadedEditorAssemblies (6ms)
			BeforeProcessingInitializeOnLoad (85ms)
			ProcessInitializeOnLoadAttributes (517ms)
			ProcessInitializeOnLoadMethodAttributes (52ms)
			AfterProcessingInitializeOnLoad (7ms)
			EditorAssembliesLoaded (0ms)
		ExecutionOrderSort2 (0ms)
		AwakeInstancesAfterBackupRestoration (9ms)
Refreshing native plugins compatible for Editor in 1.99 ms, found 4 plugins.
Preloading 0 native plugins for Editor in 0.00 ms.
Unloading 14 Unused Serialized files (Serialized files now loaded: 0)
Unloading 6753 unused Assets / (4.4 MB). Loaded Objects now: 7605.
Memory consumption went from 183.0 MB to 178.6 MB.
Total: 10.278800 ms (FindLiveObjects: 0.736600 ms CreateObjectMapping: 0.752800 ms MarkObjects: 6.097800 ms  DeleteObjects: 2.690200 ms)

Prepare: number of updated asset objects reloaded= 0
========================================================================
Received Import Request.
  Time since last request: 270.138555 seconds.
  path: Assets/Survival/Prefabs
  artifactKey: Guid(ceb9c10b0cf7a7a4a801b802f72c4391) Importer(815301076,1909f56bfc062723c751e8b465ee728b)
Start importing Assets/Survival/Prefabs using Guid(ceb9c10b0cf7a7a4a801b802f72c4391) Importer(815301076,1909f56bfc062723c751e8b465ee728b) (PreviewImporter) -> (artifact id: 'bf573b8c969e8de5973c6f128d31075a') in 0.0251653 seconds
Number of updated asset objects reloaded before import = 0Number of asset objects unloaded after import = 0

========================================================================
Received Import Request.
  Time since last request: 3.573961 seconds.
  path: Assets/Scary_Evil/Prefab
  artifactKey: Guid(2a2e8117a5be88b419be76a1351642cb) Importer(815301076,1909f56bfc062723c751e8b465ee728b)
Start importing Assets/Scary_Evil/Prefab using Guid(2a2e8117a5be88b419be76a1351642cb) Importer(815301076,1909f56bfc062723c751e8b465ee728b) (PreviewImporter) -> (artifact id: '2e8cdb416bd8d0de995c75f23b631bce') in 0.000771 seconds
Number of updated asset objects reloaded before import = 0Number of asset objects unloaded after import = 0

========================================================================
Received Import Request.
  Time since last request: 0.075772 seconds.
  path: Assets/Scary_Evil/Prefab/a_huge_evil_with_an_h_0304192645_texture.png
  artifactKey: Guid(be015b64199b9234cb3d9c8db3cf14ff) Importer(815301076,1909f56bfc062723c751e8b465ee728b)
Start importing Assets/Scary_Evil/Prefab/a_huge_evil_with_an_h_0304192645_texture.png using Guid(be015b64199b9234cb3d9c8db3cf14ff) Importer(815301076,1909f56bfc062723c751e8b465ee728b) (PreviewImporter) -> (artifact id: 'd34a2c3fee52dcc11952aaacdfd5c163') in 0.0881797 seconds
Number of updated asset objects reloaded before import = 0Number of asset objects unloaded after import = 2

========================================================================
Received Import Request.
  Time since last request: 4.089261 seconds.
  path: Assets/Scary_Evil/Prefab/Prefabs
  artifactKey: Guid(1af84c3f06a61184dbd4d14e659dbb3f) Importer(815301076,1909f56bfc062723c751e8b465ee728b)
Start importing Assets/Scary_Evil/Prefab/Prefabs using Guid(1af84c3f06a61184dbd4d14e659dbb3f) Importer(815301076,1909f56bfc062723c751e8b465ee728b) (PreviewImporter) -> (artifact id: '30ed3108c8bac36a0383a5d4415cdbd5') in 0.0011035 seconds
Number of updated asset objects reloaded before import = 0Number of asset objects unloaded after import = 0

========================================================================
Received Prepare
Assembly reference Packages/com.unity.cinemachine/Editor/Samples/ExposeHDRPInternals/HDRP-Editor-ref.asmref has no target assembly definition
Assembly reference Packages/com.unity.cinemachine/Editor/Samples/ExposeHDRPInternals/HDRP-Editor-ref.asmref has no target assembly definition
Begin MonoManager ReloadAssembly
- Loaded All Assemblies, in  0.884 seconds
Assembly reference Packages/com.unity.cinemachine/Editor/Samples/ExposeHDRPInternals/HDRP-Editor-ref.asmref has no target assembly definition
'Packages/com.unity.cinemachine/Editor/Obsolete/CinemachineVirtualCameraBaseEditor.cs' contains partial class of Unity.Object, exactly 1 of the partial classes needs to be in a file with the same filename. This is to know the one that can be referenced from ie. GameObjects
'Packages/com.unity.cinemachine/Editor/Editors/CinemachineVirtualCameraBaseEditor.cs' contains partial class of Unity.Object, exactly 1 of the partial classes needs to be in a file with the same filename. This is to know the one that can be referenced from ie. GameObjects
Refreshing native plugins compatible for Editor in 1.83 ms, found 4 plugins.
Native extension for iOS target not found
Native extension for Android target not found
Native extension for UWP target not found
Native extension for WindowsStandalone target not found
Failed to load: C:/Program Files/Unity/Hub/Editor/6000.0.28f1/Editor/Data/PlaybackEngines/VisionOSPlayer\x64\UnityEditor.VisionOS.Native.dll
Native extension for VisionOS target not found
Native extension for WebGL target not found
Assembly reference Packages/com.unity.cinemachine/Editor/Samples/ExposeHDRPInternals/HDRP-Editor-ref.asmref has no target assembly definition
[Package Manager] Failed to launch server process. Reason: Unity was launched with the -noUpm command-line argument
[Package Manager] Unable to send message (not connected to server process).
[Package Manager] Cannot connect to Unity Package Manager local server
Mono: successfully reloaded assembly
- Finished resetting the current domain, in  1.878 seconds
Domain Reload Profiling: 2761ms
	BeginReloadAssembly (204ms)
		ExecutionOrderSort (0ms)
		DisableScriptedObjects (6ms)
		BackupInstance (0ms)
		ReleaseScriptingObjects (0ms)
		CreateAndSetChildDomain (64ms)
	RebuildCommonClasses (37ms)
	RebuildNativeTypeToScriptingClass (12ms)
	initialDomainReloadingComplete (32ms)
	LoadAllAssembliesAndSetupDomain (597ms)
		LoadAssemblies (424ms)
		RebuildTransferFunctionScriptingTraits (0ms)
		AnalyzeDomain (263ms)
			TypeCache.Refresh (12ms)
				TypeCache.ScanAssembly (0ms)
			BuildScriptInfoCaches (236ms)
			ResolveRequiredComponents (10ms)
	FinalizeReload (1879ms)
		ReleaseScriptCaches (0ms)
		RebuildScriptCaches (0ms)
		SetupLoadedEditorAssemblies (1298ms)
			LogAssemblyErrors (0ms)
			InitializePlatformSupportModulesInManaged (44ms)
			SetLoadedEditorAssemblies (7ms)
			BeforeProcessingInitializeOnLoad (111ms)
			ProcessInitializeOnLoadAttributes (997ms)
			ProcessInitializeOnLoadMethodAttributes (104ms)
			AfterProcessingInitializeOnLoad (33ms)
			EditorAssembliesLoaded (1ms)
		ExecutionOrderSort2 (0ms)
		AwakeInstancesAfterBackupRestoration (26ms)
Refreshing native plugins compatible for Editor in 2.24 ms, found 4 plugins.
Preloading 0 native plugins for Editor in 0.00 ms.
Unloading 14 Unused Serialized files (Serialized files now loaded: 0)
Unloading 6753 unused Assets / (4.1 MB). Loaded Objects now: 7610.
Memory consumption went from 183.0 MB to 178.9 MB.
Total: 17.346400 ms (FindLiveObjects: 1.455400 ms CreateObjectMapping: 0.804400 ms MarkObjects: 8.236800 ms  DeleteObjects: 6.847700 ms)

Prepare: number of updated asset objects reloaded= 0
========================================================================
Received Import Request.
  Time since last request: 27.158603 seconds.
  path: Assets/Scary_Evil/Prefab/Prefabs/evil@Walking.prefab
  artifactKey: Guid(2c0a3f6b096b6ac4190d9e468aef043a) Importer(815301076,1909f56bfc062723c751e8b465ee728b)
Start importing Assets/Scary_Evil/Prefab/Prefabs/evil@Walking.prefab using Guid(2c0a3f6b096b6ac4190d9e468aef043a) Importer(815301076,1909f56bfc062723c751e8b465ee728b) (PreviewImporter) -> (artifact id: '7179a1a9a41e0814f123ea61356fa51d') in 0.6433888 seconds
Number of updated asset objects reloaded before import = 0Number of asset objects unloaded after import = 337

========================================================================
Received Prepare
Assembly reference Packages/com.unity.cinemachine/Editor/Samples/ExposeHDRPInternals/HDRP-Editor-ref.asmref has no target assembly definition
Assembly reference Packages/com.unity.cinemachine/Editor/Samples/ExposeHDRPInternals/HDRP-Editor-ref.asmref has no target assembly definition
Begin MonoManager ReloadAssembly
- Loaded All Assemblies, in  0.822 seconds
Assembly reference Packages/com.unity.cinemachine/Editor/Samples/ExposeHDRPInternals/HDRP-Editor-ref.asmref has no target assembly definition
'Packages/com.unity.cinemachine/Editor/Obsolete/CinemachineVirtualCameraBaseEditor.cs' contains partial class of Unity.Object, exactly 1 of the partial classes needs to be in a file with the same filename. This is to know the one that can be referenced from ie. GameObjects
'Packages/com.unity.cinemachine/Editor/Editors/CinemachineVirtualCameraBaseEditor.cs' contains partial class of Unity.Object, exactly 1 of the partial classes needs to be in a file with the same filename. This is to know the one that can be referenced from ie. GameObjects
Refreshing native plugins compatible for Editor in 1.68 ms, found 4 plugins.
Native extension for iOS target not found
Native extension for Android target not found
Native extension for UWP target not found
Native extension for WindowsStandalone target not found
Failed to load: C:/Program Files/Unity/Hub/Editor/6000.0.28f1/Editor/Data/PlaybackEngines/VisionOSPlayer\x64\UnityEditor.VisionOS.Native.dll
Native extension for VisionOS target not found
Native extension for WebGL target not found
Assembly reference Packages/com.unity.cinemachine/Editor/Samples/ExposeHDRPInternals/HDRP-Editor-ref.asmref has no target assembly definition
[Package Manager] Failed to launch server process. Reason: Unity was launched with the -noUpm command-line argument
[Package Manager] Unable to send message (not connected to server process).
[Package Manager] Cannot connect to Unity Package Manager local server
Mono: successfully reloaded assembly
- Finished resetting the current domain, in  1.078 seconds
Domain Reload Profiling: 1902ms
	BeginReloadAssembly (224ms)
		ExecutionOrderSort (0ms)
		DisableScriptedObjects (27ms)
		BackupInstance (0ms)
		ReleaseScriptingObjects (0ms)
		CreateAndSetChildDomain (61ms)
	RebuildCommonClasses (35ms)
	RebuildNativeTypeToScriptingClass (19ms)
	initialDomainReloadingComplete (30ms)
	LoadAllAssembliesAndSetupDomain (515ms)
		LoadAssemblies (357ms)
		RebuildTransferFunctionScriptingTraits (0ms)
		AnalyzeDomain (246ms)
			TypeCache.Refresh (9ms)
				TypeCache.ScanAssembly (0ms)
			BuildScriptInfoCaches (217ms)
			ResolveRequiredComponents (14ms)
	FinalizeReload (1078ms)
		ReleaseScriptCaches (0ms)
		RebuildScriptCaches (0ms)
		SetupLoadedEditorAssemblies (762ms)
			LogAssemblyErrors (0ms)
			InitializePlatformSupportModulesInManaged (17ms)
			SetLoadedEditorAssemblies (5ms)
			BeforeProcessingInitializeOnLoad (85ms)
			ProcessInitializeOnLoadAttributes (583ms)
			ProcessInitializeOnLoadMethodAttributes (64ms)
			AfterProcessingInitializeOnLoad (8ms)
			EditorAssembliesLoaded (0ms)
		ExecutionOrderSort2 (0ms)
		AwakeInstancesAfterBackupRestoration (14ms)
Refreshing native plugins compatible for Editor in 3.00 ms, found 4 plugins.
Preloading 0 native plugins for Editor in 0.00 ms.
Unloading 14 Unused Serialized files (Serialized files now loaded: 0)
Unloading 6754 unused Assets / (4.4 MB). Loaded Objects now: 7633.
Memory consumption went from 187.3 MB to 183.0 MB.
Total: 13.743300 ms (FindLiveObjects: 0.893300 ms CreateObjectMapping: 1.117400 ms MarkObjects: 8.073500 ms  DeleteObjects: 3.657800 ms)

Prepare: number of updated asset objects reloaded= 0
========================================================================
Received Import Request.
  Time since last request: 213.208198 seconds.
  path: Assets/Scary_Evil/Scenes/DemoScene.unity
  artifactKey: Guid(6ed481eb6e24e89408fb375412bd0e0f) Importer(815301076,1909f56bfc062723c751e8b465ee728b)
Start importing Assets/Scary_Evil/Scenes/DemoScene.unity using Guid(6ed481eb6e24e89408fb375412bd0e0f) Importer(815301076,1909f56bfc062723c751e8b465ee728b) (PreviewImporter) -> (artifact id: '79d93a8b29ed9f2ecec62af10dbb04d9') in 0.0115039 seconds
Number of updated asset objects reloaded before import = 0Number of asset objects unloaded after import = 0

========================================================================
Received Prepare
Assembly reference Packages/com.unity.cinemachine/Editor/Samples/ExposeHDRPInternals/HDRP-Editor-ref.asmref has no target assembly definition
Assembly reference Packages/com.unity.cinemachine/Editor/Samples/ExposeHDRPInternals/HDRP-Editor-ref.asmref has no target assembly definition
Begin MonoManager ReloadAssembly
- Loaded All Assemblies, in  0.880 seconds
Assembly reference Packages/com.unity.cinemachine/Editor/Samples/ExposeHDRPInternals/HDRP-Editor-ref.asmref has no target assembly definition
'Packages/com.unity.cinemachine/Editor/Obsolete/CinemachineVirtualCameraBaseEditor.cs' contains partial class of Unity.Object, exactly 1 of the partial classes needs to be in a file with the same filename. This is to know the one that can be referenced from ie. GameObjects
'Packages/com.unity.cinemachine/Editor/Editors/CinemachineVirtualCameraBaseEditor.cs' contains partial class of Unity.Object, exactly 1 of the partial classes needs to be in a file with the same filename. This is to know the one that can be referenced from ie. GameObjects
Refreshing native plugins compatible for Editor in 1.41 ms, found 4 plugins.
Native extension for iOS target not found
Native extension for Android target not found
Native extension for UWP target not found
Native extension for WindowsStandalone target not found
Failed to load: C:/Program Files/Unity/Hub/Editor/6000.0.28f1/Editor/Data/PlaybackEngines/VisionOSPlayer\x64\UnityEditor.VisionOS.Native.dll
Native extension for VisionOS target not found
Native extension for WebGL target not found
Assembly reference Packages/com.unity.cinemachine/Editor/Samples/ExposeHDRPInternals/HDRP-Editor-ref.asmref has no target assembly definition
[Package Manager] Failed to launch server process. Reason: Unity was launched with the -noUpm command-line argument
[Package Manager] Unable to send message (not connected to server process).
[Package Manager] Cannot connect to Unity Package Manager local server
Mono: successfully reloaded assembly
- Finished resetting the current domain, in  1.286 seconds
Domain Reload Profiling: 2167ms
	BeginReloadAssembly (267ms)
		ExecutionOrderSort (0ms)
		DisableScriptedObjects (10ms)
		BackupInstance (0ms)
		ReleaseScriptingObjects (6ms)
		CreateAndSetChildDomain (74ms)
	RebuildCommonClasses (34ms)
	RebuildNativeTypeToScriptingClass (15ms)
	initialDomainReloadingComplete (34ms)
	LoadAllAssembliesAndSetupDomain (531ms)
		LoadAssemblies (375ms)
		RebuildTransferFunctionScriptingTraits (0ms)
		AnalyzeDomain (250ms)
			TypeCache.Refresh (8ms)
				TypeCache.ScanAssembly (0ms)
			BuildScriptInfoCaches (221ms)
			ResolveRequiredComponents (16ms)
	FinalizeReload (1286ms)
		ReleaseScriptCaches (0ms)
		RebuildScriptCaches (0ms)
		SetupLoadedEditorAssemblies (891ms)
			LogAssemblyErrors (0ms)
			InitializePlatformSupportModulesInManaged (19ms)
			SetLoadedEditorAssemblies (7ms)
			BeforeProcessingInitializeOnLoad (108ms)
			ProcessInitializeOnLoadAttributes (680ms)
			ProcessInitializeOnLoadMethodAttributes (67ms)
			AfterProcessingInitializeOnLoad (9ms)
			EditorAssembliesLoaded (1ms)
		ExecutionOrderSort2 (0ms)
		AwakeInstancesAfterBackupRestoration (15ms)
Refreshing native plugins compatible for Editor in 1.76 ms, found 4 plugins.
Preloading 0 native plugins for Editor in 0.00 ms.
Unloading 14 Unused Serialized files (Serialized files now loaded: 0)
Unloading 6753 unused Assets / (4.3 MB). Loaded Objects now: 7636.
Memory consumption went from 187.2 MB to 182.9 MB.
Total: 10.961600 ms (FindLiveObjects: 1.016300 ms CreateObjectMapping: 0.670100 ms MarkObjects: 6.108900 ms  DeleteObjects: 3.164900 ms)

Prepare: number of updated asset objects reloaded= 0
========================================================================
Received Import Request.
  Time since last request: 31.622923 seconds.
  path: Assets/Scary_Evil/Animations/Animator_Controller/Scary_Evil_Run.controller
  artifactKey: Guid(1ea2358c75ff9ae47a7270b0ca9ac6e6) Importer(815301076,1909f56bfc062723c751e8b465ee728b)
Start importing Assets/Scary_Evil/Animations/Animator_Controller/Scary_Evil_Run.controller using Guid(1ea2358c75ff9ae47a7270b0ca9ac6e6) Importer(815301076,1909f56bfc062723c751e8b465ee728b) (PreviewImporter) -> (artifact id: 'ef4a8f757856b34b8e6c0787188a636a') in 0.0341224 seconds
Number of updated asset objects reloaded before import = 0Number of asset objects unloaded after import = 4

========================================================================
Received Import Request.
  Time since last request: 66013.800734 seconds.
  path: Assets/Scenes/Map_v1.unity
  artifactKey: Guid(5a463281e6e238742a45430f11e82829) Importer(815301076,1909f56bfc062723c751e8b465ee728b)
Start importing Assets/Scenes/Map_v1.unity using Guid(5a463281e6e238742a45430f11e82829) Importer(815301076,1909f56bfc062723c751e8b465ee728b) (PreviewImporter) -> (artifact id: '4d8cf5548982d620a1f9ffede759dcb5') in 0.0166436 seconds
Number of updated asset objects reloaded before import = 0Number of asset objects unloaded after import = 0

========================================================================
Received Import Request.
  Time since last request: 61.205160 seconds.
  path: Assets/Scary_Evil/Prefab/Prefabs/evil@Walking.prefab
  artifactKey: Guid(2c0a3f6b096b6ac4190d9e468aef043a) Importer(815301076,1909f56bfc062723c751e8b465ee728b)
Start importing Assets/Scary_Evil/Prefab/Prefabs/evil@Walking.prefab using Guid(2c0a3f6b096b6ac4190d9e468aef043a) Importer(815301076,1909f56bfc062723c751e8b465ee728b) (PreviewImporter) -> (artifact id: '26965dd499bd889bd40562afddcaa33d') in 1.0913618 seconds
Number of updated asset objects reloaded before import = 0Number of asset objects unloaded after import = 341

========================================================================
Received Prepare
Assembly reference Packages/com.unity.cinemachine/Editor/Samples/ExposeHDRPInternals/HDRP-Editor-ref.asmref has no target assembly definition
Assembly reference Packages/com.unity.cinemachine/Editor/Samples/ExposeHDRPInternals/HDRP-Editor-ref.asmref has no target assembly definition
Begin MonoManager ReloadAssembly
- Loaded All Assemblies, in  4.341 seconds
Assembly reference Packages/com.unity.cinemachine/Editor/Samples/ExposeHDRPInternals/HDRP-Editor-ref.asmref has no target assembly definition
'Packages/com.unity.cinemachine/Editor/Obsolete/CinemachineVirtualCameraBaseEditor.cs' contains partial class of Unity.Object, exactly 1 of the partial classes needs to be in a file with the same filename. This is to know the one that can be referenced from ie. GameObjects
'Packages/com.unity.cinemachine/Editor/Editors/CinemachineVirtualCameraBaseEditor.cs' contains partial class of Unity.Object, exactly 1 of the partial classes needs to be in a file with the same filename. This is to know the one that can be referenced from ie. GameObjects
Refreshing native plugins compatible for Editor in 2.84 ms, found 4 plugins.
Native extension for iOS target not found
Native extension for Android target not found
Native extension for UWP target not found
Native extension for WindowsStandalone target not found
Failed to load: C:/Program Files/Unity/Hub/Editor/6000.0.28f1/Editor/Data/PlaybackEngines/VisionOSPlayer\x64\UnityEditor.VisionOS.Native.dll
Native extension for VisionOS target not found
Native extension for WebGL target not found
Assembly reference Packages/com.unity.cinemachine/Editor/Samples/ExposeHDRPInternals/HDRP-Editor-ref.asmref has no target assembly definition
[Package Manager] Failed to launch server process. Reason: Unity was launched with the -noUpm command-line argument
[Package Manager] Unable to send message (not connected to server process).
[Package Manager] Cannot connect to Unity Package Manager local server
Mono: successfully reloaded assembly
- Finished resetting the current domain, in  1.904 seconds
Domain Reload Profiling: 6248ms
	BeginReloadAssembly (789ms)
		ExecutionOrderSort (0ms)
		DisableScriptedObjects (24ms)
		BackupInstance (0ms)
		ReleaseScriptingObjects (1ms)
		CreateAndSetChildDomain (131ms)
	RebuildCommonClasses (209ms)
	RebuildNativeTypeToScriptingClass (13ms)
	initialDomainReloadingComplete (32ms)
	LoadAllAssembliesAndSetupDomain (3301ms)
		LoadAssemblies (3312ms)
		RebuildTransferFunctionScriptingTraits (0ms)
		AnalyzeDomain (540ms)
			TypeCache.Refresh (16ms)
				TypeCache.ScanAssembly (0ms)
			BuildScriptInfoCaches (499ms)
			ResolveRequiredComponents (16ms)
	FinalizeReload (1905ms)
		ReleaseScriptCaches (0ms)
		RebuildScriptCaches (0ms)
		SetupLoadedEditorAssemblies (1042ms)
			LogAssemblyErrors (0ms)
			InitializePlatformSupportModulesInManaged (28ms)
			SetLoadedEditorAssemblies (7ms)
			BeforeProcessingInitializeOnLoad (121ms)
			ProcessInitializeOnLoadAttributes (802ms)
			ProcessInitializeOnLoadMethodAttributes (73ms)
			AfterProcessingInitializeOnLoad (9ms)
			EditorAssembliesLoaded (0ms)
		ExecutionOrderSort2 (0ms)
		AwakeInstancesAfterBackupRestoration (16ms)
Refreshing native plugins compatible for Editor in 2.78 ms, found 4 plugins.
Preloading 0 native plugins for Editor in 0.00 ms.
Unloading 14 Unused Serialized files (Serialized files now loaded: 0)
Unloading 6754 unused Assets / (4.6 MB). Loaded Objects now: 7659.
Memory consumption went from 191.5 MB to 186.9 MB.
Total: 18.286000 ms (FindLiveObjects: 1.262500 ms CreateObjectMapping: 1.652800 ms MarkObjects: 10.036800 ms  DeleteObjects: 5.332300 ms)

Prepare: number of updated asset objects reloaded= 0
========================================================================
Received Import Request.
  Time since last request: 271.957415 seconds.
  path: Assets/Survival/Prefabs/Enemy
  artifactKey: Guid(57ba8747414b48944944b4dec5f4e320) Importer(815301076,1909f56bfc062723c751e8b465ee728b)
Start importing Assets/Survival/Prefabs/Enemy using Guid(57ba8747414b48944944b4dec5f4e320) Importer(815301076,1909f56bfc062723c751e8b465ee728b) (PreviewImporter) -> (artifact id: '83ef406c0b1f39775cfcbc13fa1534f8') in 0.0434652 seconds
Number of updated asset objects reloaded before import = 0Number of asset objects unloaded after import = 0

========================================================================
Received Import Request.
  Time since last request: 27.370310 seconds.
  path: Assets/Survival/Animations
  artifactKey: Guid(d6bafee3966b1c4448b7d57091d01229) Importer(815301076,1909f56bfc062723c751e8b465ee728b)
Start importing Assets/Survival/Animations using Guid(d6bafee3966b1c4448b7d57091d01229) Importer(815301076,1909f56bfc062723c751e8b465ee728b) (PreviewImporter) -> (artifact id: '36f41e0c0c8e2e6c9075409ad5d2b3ec') in 0.0008412 seconds
Number of updated asset objects reloaded before import = 0Number of asset objects unloaded after import = 0

========================================================================
Received Import Request.
  Time since last request: 6.596529 seconds.
  path: Assets/Survival/Animations/Controllers
  artifactKey: Guid(01960414b221ded4fb87da7ae3a1eb61) Importer(815301076,1909f56bfc062723c751e8b465ee728b)
Start importing Assets/Survival/Animations/Controllers using Guid(01960414b221ded4fb87da7ae3a1eb61) Importer(815301076,1909f56bfc062723c751e8b465ee728b) (PreviewImporter) -> (artifact id: '48a97eb099512efc954c4cd226f77f16') in 0.0011977 seconds
Number of updated asset objects reloaded before import = 0Number of asset objects unloaded after import = 0

========================================================================
Received Import Request.
  Time since last request: 2.395596 seconds.
  path: Assets/Survival/Animations/Controllers/Scary_Evil_Run.controller
  artifactKey: Guid(1ea2358c75ff9ae47a7270b0ca9ac6e6) Importer(815301076,1909f56bfc062723c751e8b465ee728b)
Start importing Assets/Survival/Animations/Controllers/Scary_Evil_Run.controller using Guid(1ea2358c75ff9ae47a7270b0ca9ac6e6) Importer(815301076,1909f56bfc062723c751e8b465ee728b) (PreviewImporter) -> (artifact id: 'a688d8e0c0391f763e3bb0a3cf541220') in 0.0214805 seconds
Number of updated asset objects reloaded before import = 0Number of asset objects unloaded after import = 4

========================================================================
Received Import Request.
  Time since last request: 34.887733 seconds.
  path: Assets/Scary_Evil/Animations/Standing Melee Attack Backhand.anim
  artifactKey: Guid(991bce22050248b44a6a4b485b796957) Importer(815301076,1909f56bfc062723c751e8b465ee728b)
Start importing Assets/Scary_Evil/Animations/Standing Melee Attack Backhand.anim using Guid(991bce22050248b44a6a4b485b796957) Importer(815301076,1909f56bfc062723c751e8b465ee728b) (PreviewImporter) -> (artifact id: 'acca973c50c3c30fec44c3db0a102c22') in 0.0098406 seconds
Number of updated asset objects reloaded before import = 0Number of asset objects unloaded after import = 1

========================================================================
Received Import Request.
  Time since last request: 9.518034 seconds.
  path: Assets/Survival/Animations/Clips
  artifactKey: Guid(2111cb83383784749a77e34003ee5568) Importer(815301076,1909f56bfc062723c751e8b465ee728b)
Start importing Assets/Survival/Animations/Clips using Guid(2111cb83383784749a77e34003ee5568) Importer(815301076,1909f56bfc062723c751e8b465ee728b) (PreviewImporter) -> (artifact id: 'd8c059c7a5b270c94a5de8ac4227fea6') in 0.0006292 seconds
Number of updated asset objects reloaded before import = 0Number of asset objects unloaded after import = 0

========================================================================
Received Import Request.
  Time since last request: 130.002029 seconds.
  path: Assets/Survival/Prefabs/Enemy/evil@Walking.prefab
  artifactKey: Guid(2c0a3f6b096b6ac4190d9e468aef043a) Importer(815301076,1909f56bfc062723c751e8b465ee728b)
Start importing Assets/Survival/Prefabs/Enemy/evil@Walking.prefab using Guid(2c0a3f6b096b6ac4190d9e468aef043a) Importer(815301076,1909f56bfc062723c751e8b465ee728b) (PreviewImporter) -> (artifact id: '9a85465da79f02b6817c8f954adcbb73') in 0.5113195 seconds
Number of updated asset objects reloaded before import = 0Number of asset objects unloaded after import = 341

========================================================================
Received Prepare
'Packages/com.unity.cinemachine/Editor/Obsolete/CinemachineVirtualCameraBaseEditor.cs' contains partial class of Unity.Object, exactly 1 of the partial classes needs to be in a file with the same filename. This is to know the one that can be referenced from ie. GameObjects
'Packages/com.unity.cinemachine/Editor/Editors/CinemachineVirtualCameraBaseEditor.cs' contains partial class of Unity.Object, exactly 1 of the partial classes needs to be in a file with the same filename. This is to know the one that can be referenced from ie. GameObjects
Refreshing native plugins compatible for Editor in 1.56 ms, found 4 plugins.
Preloading 0 native plugins for Editor in 0.00 ms.
Unloading 14 Unused Serialized files (Serialized files now loaded: 0)
Unloading 6743 unused Assets / (5.0 MB). Loaded Objects now: 7800.
Memory consumption went from 199.7 MB to 194.7 MB.
Total: 78.511900 ms (FindLiveObjects: 1.633400 ms CreateObjectMapping: 1.661100 ms MarkObjects: 70.458700 ms  DeleteObjects: 4.756400 ms)

Prepare: number of updated asset objects reloaded= 0
========================================================================
Received Import Request.
  Time since last request: 6819.128718 seconds.
  path: Assets/Survival/Scripts/EnemyAi.cs
  artifactKey: Guid(737d2cf4ebe1b09409087041c0924420) Importer(815301076,1909f56bfc062723c751e8b465ee728b)
Start importing Assets/Survival/Scripts/EnemyAi.cs using Guid(737d2cf4ebe1b09409087041c0924420) Importer(815301076,1909f56bfc062723c751e8b465ee728b) (PreviewImporter) -> (artifact id: '92286f872ee44b9986db54f545f561a6') in 0.0587323 seconds
Number of updated asset objects reloaded before import = 0Number of asset objects unloaded after import = 0

========================================================================
Received Prepare
Assembly reference Packages/com.unity.cinemachine/Editor/Samples/ExposeHDRPInternals/HDRP-Editor-ref.asmref has no target assembly definition
Assembly reference Packages/com.unity.cinemachine/Editor/Samples/ExposeHDRPInternals/HDRP-Editor-ref.asmref has no target assembly definition
Begin MonoManager ReloadAssembly
- Loaded All Assemblies, in  1.967 seconds
Assembly reference Packages/com.unity.cinemachine/Editor/Samples/ExposeHDRPInternals/HDRP-Editor-ref.asmref has no target assembly definition
'Packages/com.unity.cinemachine/Editor/Obsolete/CinemachineVirtualCameraBaseEditor.cs' contains partial class of Unity.Object, exactly 1 of the partial classes needs to be in a file with the same filename. This is to know the one that can be referenced from ie. GameObjects
'Packages/com.unity.cinemachine/Editor/Editors/CinemachineVirtualCameraBaseEditor.cs' contains partial class of Unity.Object, exactly 1 of the partial classes needs to be in a file with the same filename. This is to know the one that can be referenced from ie. GameObjects
Refreshing native plugins compatible for Editor in 1.52 ms, found 4 plugins.
Native extension for iOS target not found
Native extension for Android target not found
Native extension for UWP target not found
Native extension for WindowsStandalone target not found
Failed to load: C:/Program Files/Unity/Hub/Editor/6000.0.28f1/Editor/Data/PlaybackEngines/VisionOSPlayer\x64\UnityEditor.VisionOS.Native.dll
Native extension for VisionOS target not found
Native extension for WebGL target not found
Assembly reference Packages/com.unity.cinemachine/Editor/Samples/ExposeHDRPInternals/HDRP-Editor-ref.asmref has no target assembly definition
[Package Manager] Failed to launch server process. Reason: Unity was launched with the -noUpm command-line argument
[Package Manager] Unable to send message (not connected to server process).
[Package Manager] Cannot connect to Unity Package Manager local server
Mono: successfully reloaded assembly
- Finished resetting the current domain, in  1.186 seconds
Domain Reload Profiling: 3152ms
	BeginReloadAssembly (726ms)
		ExecutionOrderSort (0ms)
		DisableScriptedObjects (67ms)
		BackupInstance (0ms)
		ReleaseScriptingObjects (0ms)
		CreateAndSetChildDomain (224ms)
	RebuildCommonClasses (74ms)
	RebuildNativeTypeToScriptingClass (19ms)
	initialDomainReloadingComplete (68ms)
	LoadAllAssembliesAndSetupDomain (1078ms)
		LoadAssemblies (1074ms)
		RebuildTransferFunctionScriptingTraits (0ms)
		AnalyzeDomain (370ms)
			TypeCache.Refresh (31ms)
				TypeCache.ScanAssembly (2ms)
			BuildScriptInfoCaches (308ms)
			ResolveRequiredComponents (21ms)
	FinalizeReload (1186ms)
		ReleaseScriptCaches (0ms)
		RebuildScriptCaches (0ms)
		SetupLoadedEditorAssemblies (811ms)
			LogAssemblyErrors (0ms)
			InitializePlatformSupportModulesInManaged (21ms)
			SetLoadedEditorAssemblies (6ms)
			BeforeProcessingInitializeOnLoad (92ms)
			ProcessInitializeOnLoadAttributes (629ms)
			ProcessInitializeOnLoadMethodAttributes (56ms)
			AfterProcessingInitializeOnLoad (7ms)
			EditorAssembliesLoaded (1ms)
		ExecutionOrderSort2 (0ms)
		AwakeInstancesAfterBackupRestoration (11ms)
Refreshing native plugins compatible for Editor in 1.35 ms, found 4 plugins.
Preloading 0 native plugins for Editor in 0.00 ms.
Unloading 14 Unused Serialized files (Serialized files now loaded: 0)
Unloading 6754 unused Assets / (4.7 MB). Loaded Objects now: 7683.
Memory consumption went from 195.6 MB to 190.9 MB.
Total: 9.858800 ms (FindLiveObjects: 0.785000 ms CreateObjectMapping: 0.690100 ms MarkObjects: 5.386300 ms  DeleteObjects: 2.996000 ms)

Prepare: number of updated asset objects reloaded= 0
========================================================================
Received Import Request.
  Time since last request: 148.082799 seconds.
  path: Assets/Survival/Scripts/EnemyAi.cs
  artifactKey: Guid(737d2cf4ebe1b09409087041c0924420) Importer(815301076,1909f56bfc062723c751e8b465ee728b)
Start importing Assets/Survival/Scripts/EnemyAi.cs using Guid(737d2cf4ebe1b09409087041c0924420) Importer(815301076,1909f56bfc062723c751e8b465ee728b) (PreviewImporter) -> (artifact id: 'e3b5b1e5585acbbe5a02d1392909d57d') in 0.0108677 seconds
Number of updated asset objects reloaded before import = 0Number of asset objects unloaded after import = 0

========================================================================
Received Prepare
'Packages/com.unity.cinemachine/Editor/Obsolete/CinemachineVirtualCameraBaseEditor.cs' contains partial class of Unity.Object, exactly 1 of the partial classes needs to be in a file with the same filename. This is to know the one that can be referenced from ie. GameObjects
'Packages/com.unity.cinemachine/Editor/Editors/CinemachineVirtualCameraBaseEditor.cs' contains partial class of Unity.Object, exactly 1 of the partial classes needs to be in a file with the same filename. This is to know the one that can be referenced from ie. GameObjects
Refreshing native plugins compatible for Editor in 1.95 ms, found 4 plugins.
Preloading 0 native plugins for Editor in 0.00 ms.
Unloading 14 Unused Serialized files (Serialized files now loaded: 0)
Unloading 6741 unused Assets / (5.2 MB). Loaded Objects now: 7682.
Memory consumption went from 195.6 MB to 190.4 MB.
Total: 11.566300 ms (FindLiveObjects: 0.811200 ms CreateObjectMapping: 0.695700 ms MarkObjects: 5.594900 ms  DeleteObjects: 4.462600 ms)

Prepare: number of updated asset objects reloaded= 0
========================================================================
Received Prepare
Assembly reference Packages/com.unity.cinemachine/Editor/Samples/ExposeHDRPInternals/HDRP-Editor-ref.asmref has no target assembly definition
Assembly reference Packages/com.unity.cinemachine/Editor/Samples/ExposeHDRPInternals/HDRP-Editor-ref.asmref has no target assembly definition
Begin MonoManager ReloadAssembly
- Loaded All Assemblies, in  0.890 seconds
Assembly reference Packages/com.unity.cinemachine/Editor/Samples/ExposeHDRPInternals/HDRP-Editor-ref.asmref has no target assembly definition
'Packages/com.unity.cinemachine/Editor/Obsolete/CinemachineVirtualCameraBaseEditor.cs' contains partial class of Unity.Object, exactly 1 of the partial classes needs to be in a file with the same filename. This is to know the one that can be referenced from ie. GameObjects
'Packages/com.unity.cinemachine/Editor/Editors/CinemachineVirtualCameraBaseEditor.cs' contains partial class of Unity.Object, exactly 1 of the partial classes needs to be in a file with the same filename. This is to know the one that can be referenced from ie. GameObjects
Refreshing native plugins compatible for Editor in 1.77 ms, found 4 plugins.
Native extension for iOS target not found
Native extension for Android target not found
Native extension for UWP target not found
Native extension for WindowsStandalone target not found
Failed to load: C:/Program Files/Unity/Hub/Editor/6000.0.28f1/Editor/Data/PlaybackEngines/VisionOSPlayer\x64\UnityEditor.VisionOS.Native.dll
Native extension for VisionOS target not found
Native extension for WebGL target not found
Assembly reference Packages/com.unity.cinemachine/Editor/Samples/ExposeHDRPInternals/HDRP-Editor-ref.asmref has no target assembly definition
[Package Manager] Failed to launch server process. Reason: Unity was launched with the -noUpm command-line argument
[Package Manager] Unable to send message (not connected to server process).
[Package Manager] Cannot connect to Unity Package Manager local server
Mono: successfully reloaded assembly
- Finished resetting the current domain, in  0.924 seconds
Domain Reload Profiling: 1815ms
	BeginReloadAssembly (257ms)
		ExecutionOrderSort (0ms)
		DisableScriptedObjects (11ms)
		BackupInstance (0ms)
		ReleaseScriptingObjects (0ms)
		CreateAndSetChildDomain (55ms)
	RebuildCommonClasses (55ms)
	RebuildNativeTypeToScriptingClass (14ms)
	initialDomainReloadingComplete (28ms)
	LoadAllAssembliesAndSetupDomain (536ms)
		LoadAssemblies (364ms)
		RebuildTransferFunctionScriptingTraits (0ms)
		AnalyzeDomain (269ms)
			TypeCache.Refresh (18ms)
				TypeCache.ScanAssembly (2ms)
			BuildScriptInfoCaches (235ms)
			ResolveRequiredComponents (11ms)
	FinalizeReload (925ms)
		ReleaseScriptCaches (0ms)
		RebuildScriptCaches (0ms)
		SetupLoadedEditorAssemblies (654ms)
			LogAssemblyErrors (0ms)
			InitializePlatformSupportModulesInManaged (18ms)
			SetLoadedEditorAssemblies (5ms)
			BeforeProcessingInitializeOnLoad (76ms)
			ProcessInitializeOnLoadAttributes (503ms)
			ProcessInitializeOnLoadMethodAttributes (46ms)
			AfterProcessingInitializeOnLoad (6ms)
			EditorAssembliesLoaded (0ms)
		ExecutionOrderSort2 (0ms)
		AwakeInstancesAfterBackupRestoration (10ms)
Refreshing native plugins compatible for Editor in 1.58 ms, found 4 plugins.
Preloading 0 native plugins for Editor in 0.00 ms.
Unloading 14 Unused Serialized files (Serialized files now loaded: 0)
Unloading 6753 unused Assets / (4.4 MB). Loaded Objects now: 7685.
Memory consumption went from 195.5 MB to 191.1 MB.
Total: 9.487500 ms (FindLiveObjects: 0.779500 ms CreateObjectMapping: 0.707900 ms MarkObjects: 5.260700 ms  DeleteObjects: 2.738100 ms)

Prepare: number of updated asset objects reloaded= 0
========================================================================
Received Prepare
'Packages/com.unity.cinemachine/Editor/Obsolete/CinemachineVirtualCameraBaseEditor.cs' contains partial class of Unity.Object, exactly 1 of the partial classes needs to be in a file with the same filename. This is to know the one that can be referenced from ie. GameObjects
'Packages/com.unity.cinemachine/Editor/Editors/CinemachineVirtualCameraBaseEditor.cs' contains partial class of Unity.Object, exactly 1 of the partial classes needs to be in a file with the same filename. This is to know the one that can be referenced from ie. GameObjects
Refreshing native plugins compatible for Editor in 2.40 ms, found 4 plugins.
Preloading 0 native plugins for Editor in 0.00 ms.
Unloading 14 Unused Serialized files (Serialized files now loaded: 0)
Unloading 6742 unused Assets / (4.4 MB). Loaded Objects now: 7686.
Memory consumption went from 195.6 MB to 191.3 MB.
Total: 11.415800 ms (FindLiveObjects: 0.966700 ms CreateObjectMapping: 1.192500 ms MarkObjects: 6.023400 ms  DeleteObjects: 3.231700 ms)

Prepare: number of updated asset objects reloaded= 0
========================================================================
Received Import Request.
  Time since last request: 18.217564 seconds.
  path: Assets/Survival/Scripts/EnemyAI.cs
  artifactKey: Guid(737d2cf4ebe1b09409087041c0924420) Importer(815301076,1909f56bfc062723c751e8b465ee728b)
Start importing Assets/Survival/Scripts/EnemyAI.cs using Guid(737d2cf4ebe1b09409087041c0924420) Importer(815301076,1909f56bfc062723c751e8b465ee728b) (PreviewImporter) -> (artifact id: '632b9ba859285bc25de8c1b087a4d307') in 0.0285044 seconds
Number of updated asset objects reloaded before import = 0Number of asset objects unloaded after import = 0

========================================================================
Received Prepare
Assembly reference Packages/com.unity.cinemachine/Editor/Samples/ExposeHDRPInternals/HDRP-Editor-ref.asmref has no target assembly definition
Assembly reference Packages/com.unity.cinemachine/Editor/Samples/ExposeHDRPInternals/HDRP-Editor-ref.asmref has no target assembly definition
Begin MonoManager ReloadAssembly
- Loaded All Assemblies, in  5.966 seconds
Assembly reference Packages/com.unity.cinemachine/Editor/Samples/ExposeHDRPInternals/HDRP-Editor-ref.asmref has no target assembly definition
'Packages/com.unity.cinemachine/Editor/Obsolete/CinemachineVirtualCameraBaseEditor.cs' contains partial class of Unity.Object, exactly 1 of the partial classes needs to be in a file with the same filename. This is to know the one that can be referenced from ie. GameObjects
'Packages/com.unity.cinemachine/Editor/Editors/CinemachineVirtualCameraBaseEditor.cs' contains partial class of Unity.Object, exactly 1 of the partial classes needs to be in a file with the same filename. This is to know the one that can be referenced from ie. GameObjects
Refreshing native plugins compatible for Editor in 7.74 ms, found 4 plugins.
Native extension for iOS target not found
Native extension for Android target not found
Native extension for UWP target not found
Native extension for WindowsStandalone target not found
Failed to load: C:/Program Files/Unity/Hub/Editor/6000.0.28f1/Editor/Data/PlaybackEngines/VisionOSPlayer\x64\UnityEditor.VisionOS.Native.dll
Native extension for VisionOS target not found
Native extension for WebGL target not found
Assembly reference Packages/com.unity.cinemachine/Editor/Samples/ExposeHDRPInternals/HDRP-Editor-ref.asmref has no target assembly definition
[Package Manager] Failed to launch server process. Reason: Unity was launched with the -noUpm command-line argument
[Package Manager] Unable to send message (not connected to server process).
[Package Manager] Cannot connect to Unity Package Manager local server
Mono: successfully reloaded assembly
- Finished resetting the current domain, in  2.155 seconds
Domain Reload Profiling: 8188ms
	BeginReloadAssembly (443ms)
		ExecutionOrderSort (0ms)
		DisableScriptedObjects (15ms)
		BackupInstance (0ms)
		ReleaseScriptingObjects (0ms)
		CreateAndSetChildDomain (127ms)
	RebuildCommonClasses (63ms)
	RebuildNativeTypeToScriptingClass (20ms)
	initialDomainReloadingComplete (82ms)
	LoadAllAssembliesAndSetupDomain (5406ms)
		LoadAssemblies (4784ms)
		RebuildTransferFunctionScriptingTraits (0ms)
		AnalyzeDomain (794ms)
			TypeCache.Refresh (27ms)
				TypeCache.ScanAssembly (2ms)
			BuildScriptInfoCaches (730ms)
			ResolveRequiredComponents (25ms)
	FinalizeReload (2173ms)
		ReleaseScriptCaches (0ms)
		RebuildScriptCaches (0ms)
		SetupLoadedEditorAssemblies (1437ms)
			LogAssemblyErrors (0ms)
			InitializePlatformSupportModulesInManaged (35ms)
			SetLoadedEditorAssemblies (12ms)
			BeforeProcessingInitializeOnLoad (168ms)
			ProcessInitializeOnLoadAttributes (1128ms)
			ProcessInitializeOnLoadMethodAttributes (85ms)
			AfterProcessingInitializeOnLoad (9ms)
			EditorAssembliesLoaded (0ms)
		ExecutionOrderSort2 (0ms)
		AwakeInstancesAfterBackupRestoration (13ms)
Refreshing native plugins compatible for Editor in 2.34 ms, found 4 plugins.
Preloading 0 native plugins for Editor in 0.00 ms.
Unloading 14 Unused Serialized files (Serialized files now loaded: 0)
Unloading 6754 unused Assets / (3.1 MB). Loaded Objects now: 7689.
Memory consumption went from 195.5 MB to 192.4 MB.
Total: 14.025900 ms (FindLiveObjects: 1.091300 ms CreateObjectMapping: 1.511000 ms MarkObjects: 7.465100 ms  DeleteObjects: 3.955700 ms)

Prepare: number of updated asset objects reloaded= 0
========================================================================
Received Prepare
'Packages/com.unity.cinemachine/Editor/Obsolete/CinemachineVirtualCameraBaseEditor.cs' contains partial class of Unity.Object, exactly 1 of the partial classes needs to be in a file with the same filename. This is to know the one that can be referenced from ie. GameObjects
'Packages/com.unity.cinemachine/Editor/Editors/CinemachineVirtualCameraBaseEditor.cs' contains partial class of Unity.Object, exactly 1 of the partial classes needs to be in a file with the same filename. This is to know the one that can be referenced from ie. GameObjects
Refreshing native plugins compatible for Editor in 2.18 ms, found 4 plugins.
Preloading 0 native plugins for Editor in 0.00 ms.
Unloading 14 Unused Serialized files (Serialized files now loaded: 0)
Unloading 6742 unused Assets / (4.3 MB). Loaded Objects now: 7689.
Memory consumption went from 195.7 MB to 191.4 MB.
Total: 12.898900 ms (FindLiveObjects: 0.994200 ms CreateObjectMapping: 0.781300 ms MarkObjects: 7.346600 ms  DeleteObjects: 3.775600 ms)

Prepare: number of updated asset objects reloaded= 0
========================================================================
Received Prepare
'Packages/com.unity.cinemachine/Editor/Obsolete/CinemachineVirtualCameraBaseEditor.cs' contains partial class of Unity.Object, exactly 1 of the partial classes needs to be in a file with the same filename. This is to know the one that can be referenced from ie. GameObjects
'Packages/com.unity.cinemachine/Editor/Editors/CinemachineVirtualCameraBaseEditor.cs' contains partial class of Unity.Object, exactly 1 of the partial classes needs to be in a file with the same filename. This is to know the one that can be referenced from ie. GameObjects
Refreshing native plugins compatible for Editor in 1.52 ms, found 4 plugins.
Preloading 0 native plugins for Editor in 0.00 ms.
Unloading 14 Unused Serialized files (Serialized files now loaded: 0)
Unloading 6743 unused Assets / (4.5 MB). Loaded Objects now: 7690.
Memory consumption went from 195.7 MB to 191.2 MB.
Total: 10.529900 ms (FindLiveObjects: 0.771100 ms CreateObjectMapping: 0.726800 ms MarkObjects: 5.918200 ms  DeleteObjects: 3.112600 ms)

Prepare: number of updated asset objects reloaded= 0
========================================================================
Received Import Request.
  Time since last request: 34.578485 seconds.
  path: Assets/Survival/Scripts/NewMonoBehaviourScript.cs
  artifactKey: Guid(f8780a262edd62d47b9d08d8dc08c3c6) Importer(815301076,1909f56bfc062723c751e8b465ee728b)
Start importing Assets/Survival/Scripts/NewMonoBehaviourScript.cs using Guid(f8780a262edd62d47b9d08d8dc08c3c6) Importer(815301076,1909f56bfc062723c751e8b465ee728b) (PreviewImporter) -> (artifact id: '28513c2a3b1667cda895456d357108ff') in 0.1555818 seconds
Number of updated asset objects reloaded before import = 0Number of asset objects unloaded after import = 0

========================================================================
Received Prepare
'Packages/com.unity.cinemachine/Editor/Obsolete/CinemachineVirtualCameraBaseEditor.cs' contains partial class of Unity.Object, exactly 1 of the partial classes needs to be in a file with the same filename. This is to know the one that can be referenced from ie. GameObjects
'Packages/com.unity.cinemachine/Editor/Editors/CinemachineVirtualCameraBaseEditor.cs' contains partial class of Unity.Object, exactly 1 of the partial classes needs to be in a file with the same filename. This is to know the one that can be referenced from ie. GameObjects
Refreshing native plugins compatible for Editor in 2.06 ms, found 4 plugins.
Preloading 0 native plugins for Editor in 0.00 ms.
Unloading 14 Unused Serialized files (Serialized files now loaded: 0)
Unloading 6742 unused Assets / (4.6 MB). Loaded Objects now: 7689.
Memory consumption went from 195.7 MB to 191.1 MB.
Total: 14.701800 ms (FindLiveObjects: 1.031700 ms CreateObjectMapping: 1.354200 ms MarkObjects: 8.247700 ms  DeleteObjects: 4.066500 ms)

Prepare: number of updated asset objects reloaded= 0
========================================================================
Received Prepare
'Packages/com.unity.cinemachine/Editor/Obsolete/CinemachineVirtualCameraBaseEditor.cs' contains partial class of Unity.Object, exactly 1 of the partial classes needs to be in a file with the same filename. This is to know the one that can be referenced from ie. GameObjects
'Packages/com.unity.cinemachine/Editor/Editors/CinemachineVirtualCameraBaseEditor.cs' contains partial class of Unity.Object, exactly 1 of the partial classes needs to be in a file with the same filename. This is to know the one that can be referenced from ie. GameObjects
Refreshing native plugins compatible for Editor in 2.44 ms, found 4 plugins.
Preloading 0 native plugins for Editor in 0.00 ms.
Unloading 14 Unused Serialized files (Serialized files now loaded: 0)
Unloading 6743 unused Assets / (3.9 MB). Loaded Objects now: 7690.
Memory consumption went from 195.7 MB to 191.7 MB.
Total: 20.083000 ms (FindLiveObjects: 1.168400 ms CreateObjectMapping: 2.123700 ms MarkObjects: 11.553400 ms  DeleteObjects: 5.235900 ms)

Prepare: number of updated asset objects reloaded= 0
========================================================================
Received Import Request.
  Time since last request: 21.445591 seconds.
  path: Assets/Survival/Scripts/PlayerHealth.cs
  artifactKey: Guid(32f3b713aca4ed44dba4b411aa7629fd) Importer(815301076,1909f56bfc062723c751e8b465ee728b)
Start importing Assets/Survival/Scripts/PlayerHealth.cs using Guid(32f3b713aca4ed44dba4b411aa7629fd) Importer(815301076,1909f56bfc062723c751e8b465ee728b) (PreviewImporter) -> (artifact id: '2a5656fbb1636263641d0f69a35c7063') in 0.0235251 seconds
Number of updated asset objects reloaded before import = 0Number of asset objects unloaded after import = 0

========================================================================
Received Prepare
Assembly reference Packages/com.unity.cinemachine/Editor/Samples/ExposeHDRPInternals/HDRP-Editor-ref.asmref has no target assembly definition
Assembly reference Packages/com.unity.cinemachine/Editor/Samples/ExposeHDRPInternals/HDRP-Editor-ref.asmref has no target assembly definition
Begin MonoManager ReloadAssembly
- Loaded All Assemblies, in  1.009 seconds
Assembly reference Packages/com.unity.cinemachine/Editor/Samples/ExposeHDRPInternals/HDRP-Editor-ref.asmref has no target assembly definition
'Packages/com.unity.cinemachine/Editor/Obsolete/CinemachineVirtualCameraBaseEditor.cs' contains partial class of Unity.Object, exactly 1 of the partial classes needs to be in a file with the same filename. This is to know the one that can be referenced from ie. GameObjects
'Packages/com.unity.cinemachine/Editor/Editors/CinemachineVirtualCameraBaseEditor.cs' contains partial class of Unity.Object, exactly 1 of the partial classes needs to be in a file with the same filename. This is to know the one that can be referenced from ie. GameObjects
Refreshing native plugins compatible for Editor in 1.35 ms, found 4 plugins.
Native extension for iOS target not found
Native extension for Android target not found
Native extension for UWP target not found
Native extension for WindowsStandalone target not found
Failed to load: C:/Program Files/Unity/Hub/Editor/6000.0.28f1/Editor/Data/PlaybackEngines/VisionOSPlayer\x64\UnityEditor.VisionOS.Native.dll
Native extension for VisionOS target not found
Native extension for WebGL target not found
Assembly reference Packages/com.unity.cinemachine/Editor/Samples/ExposeHDRPInternals/HDRP-Editor-ref.asmref has no target assembly definition
[Package Manager] Failed to launch server process. Reason: Unity was launched with the -noUpm command-line argument
[Package Manager] Unable to send message (not connected to server process).
[Package Manager] Cannot connect to Unity Package Manager local server
Mono: successfully reloaded assembly
- Finished resetting the current domain, in  1.038 seconds
Domain Reload Profiling: 2047ms
	BeginReloadAssembly (325ms)
		ExecutionOrderSort (0ms)
		DisableScriptedObjects (67ms)
		BackupInstance (0ms)
		ReleaseScriptingObjects (1ms)
		CreateAndSetChildDomain (76ms)
	RebuildCommonClasses (41ms)
	RebuildNativeTypeToScriptingClass (19ms)
	initialDomainReloadingComplete (40ms)
	LoadAllAssembliesAndSetupDomain (584ms)
		LoadAssemblies (431ms)
		RebuildTransferFunctionScriptingTraits (0ms)
		AnalyzeDomain (276ms)
			TypeCache.Refresh (15ms)
				TypeCache.ScanAssembly (2ms)
			BuildScriptInfoCaches (243ms)
			ResolveRequiredComponents (11ms)
	FinalizeReload (1039ms)
		ReleaseScriptCaches (0ms)
		RebuildScriptCaches (0ms)
		SetupLoadedEditorAssemblies (722ms)
			LogAssemblyErrors (0ms)
			InitializePlatformSupportModulesInManaged (21ms)
			SetLoadedEditorAssemblies (6ms)
			BeforeProcessingInitializeOnLoad (96ms)
			ProcessInitializeOnLoadAttributes (540ms)
			ProcessInitializeOnLoadMethodAttributes (51ms)
			AfterProcessingInitializeOnLoad (6ms)
			EditorAssembliesLoaded (0ms)
		ExecutionOrderSort2 (0ms)
		AwakeInstancesAfterBackupRestoration (11ms)
Refreshing native plugins compatible for Editor in 1.83 ms, found 4 plugins.
Preloading 0 native plugins for Editor in 0.00 ms.
Unloading 14 Unused Serialized files (Serialized files now loaded: 0)
Unloading 6755 unused Assets / (5.0 MB). Loaded Objects now: 7693.
Memory consumption went from 195.5 MB to 190.5 MB.
Total: 9.971400 ms (FindLiveObjects: 0.804200 ms CreateObjectMapping: 0.723100 ms MarkObjects: 5.018100 ms  DeleteObjects: 3.424400 ms)

Prepare: number of updated asset objects reloaded= 0
========================================================================
Received Import Request.
  Time since last request: 710.606447 seconds.
  path: Assets/Survival/Prefabs/Enemy/evil@Walking.prefab
  artifactKey: Guid(2c0a3f6b096b6ac4190d9e468aef043a) Importer(815301076,1909f56bfc062723c751e8b465ee728b)
Start importing Assets/Survival/Prefabs/Enemy/evil@Walking.prefab using Guid(2c0a3f6b096b6ac4190d9e468aef043a) Importer(815301076,1909f56bfc062723c751e8b465ee728b) (PreviewImporter) -> (artifact id: 'f9cf27b1e7a59cd5f55c3d0cacfff128') in 0.8107492 seconds
Number of updated asset objects reloaded before import = 0Number of asset objects unloaded after import = 347

========================================================================
Received Import Request.
  Time since last request: 9.616951 seconds.
  path: Assets/Survival/Prefabs/Enemy/evil@Walking.prefab
  artifactKey: Guid(2c0a3f6b096b6ac4190d9e468aef043a) Importer(815301076,1909f56bfc062723c751e8b465ee728b)
Start importing Assets/Survival/Prefabs/Enemy/evil@Walking.prefab using Guid(2c0a3f6b096b6ac4190d9e468aef043a) Importer(815301076,1909f56bfc062723c751e8b465ee728b) (PreviewImporter) -> (artifact id: '461bc243a7f41cf6da1c13e94fef6b03') in 0.0752158 seconds
Number of updated asset objects reloaded before import = 0Number of asset objects unloaded after import = 348

========================================================================
Received Prepare
Assembly reference Packages/com.unity.cinemachine/Editor/Samples/ExposeHDRPInternals/HDRP-Editor-ref.asmref has no target assembly definition
Assembly reference Packages/com.unity.cinemachine/Editor/Samples/ExposeHDRPInternals/HDRP-Editor-ref.asmref has no target assembly definition
Begin MonoManager ReloadAssembly
- Loaded All Assemblies, in  0.920 seconds
Assembly reference Packages/com.unity.cinemachine/Editor/Samples/ExposeHDRPInternals/HDRP-Editor-ref.asmref has no target assembly definition
'Packages/com.unity.cinemachine/Editor/Obsolete/CinemachineVirtualCameraBaseEditor.cs' contains partial class of Unity.Object, exactly 1 of the partial classes needs to be in a file with the same filename. This is to know the one that can be referenced from ie. GameObjects
'Packages/com.unity.cinemachine/Editor/Editors/CinemachineVirtualCameraBaseEditor.cs' contains partial class of Unity.Object, exactly 1 of the partial classes needs to be in a file with the same filename. This is to know the one that can be referenced from ie. GameObjects
Refreshing native plugins compatible for Editor in 1.81 ms, found 4 plugins.
Native extension for iOS target not found
Native extension for Android target not found
Native extension for UWP target not found
Native extension for WindowsStandalone target not found
Failed to load: C:/Program Files/Unity/Hub/Editor/6000.0.28f1/Editor/Data/PlaybackEngines/VisionOSPlayer\x64\UnityEditor.VisionOS.Native.dll
Native extension for VisionOS target not found
Native extension for WebGL target not found
Assembly reference Packages/com.unity.cinemachine/Editor/Samples/ExposeHDRPInternals/HDRP-Editor-ref.asmref has no target assembly definition
[Package Manager] Failed to launch server process. Reason: Unity was launched with the -noUpm command-line argument
[Package Manager] Unable to send message (not connected to server process).
[Package Manager] Cannot connect to Unity Package Manager local server
Mono: successfully reloaded assembly
- Finished resetting the current domain, in  1.243 seconds
Domain Reload Profiling: 2165ms
	BeginReloadAssembly (293ms)
		ExecutionOrderSort (0ms)
		DisableScriptedObjects (20ms)
		BackupInstance (0ms)
		ReleaseScriptingObjects (0ms)
		CreateAndSetChildDomain (80ms)
	RebuildCommonClasses (38ms)
	RebuildNativeTypeToScriptingClass (12ms)
	initialDomainReloadingComplete (27ms)
	LoadAllAssembliesAndSetupDomain (550ms)
		LoadAssemblies (380ms)
		RebuildTransferFunctionScriptingTraits (0ms)
		AnalyzeDomain (257ms)
			TypeCache.Refresh (9ms)
				TypeCache.ScanAssembly (0ms)
			BuildScriptInfoCaches (231ms)
			ResolveRequiredComponents (12ms)
	FinalizeReload (1243ms)
		ReleaseScriptCaches (0ms)
		RebuildScriptCaches (0ms)
		SetupLoadedEditorAssemblies (857ms)
			LogAssemblyErrors (0ms)
			InitializePlatformSupportModulesInManaged (20ms)
			SetLoadedEditorAssemblies (7ms)
			BeforeProcessingInitializeOnLoad (108ms)
			ProcessInitializeOnLoadAttributes (643ms)
			ProcessInitializeOnLoadMethodAttributes (70ms)
			AfterProcessingInitializeOnLoad (9ms)
			EditorAssembliesLoaded (0ms)
		ExecutionOrderSort2 (0ms)
		AwakeInstancesAfterBackupRestoration (18ms)
Refreshing native plugins compatible for Editor in 1.61 ms, found 4 plugins.
Preloading 0 native plugins for Editor in 0.00 ms.
Unloading 14 Unused Serialized files (Serialized files now loaded: 0)
Unloading 6756 unused Assets / (5.3 MB). Loaded Objects now: 7716.
Memory consumption went from 199.9 MB to 194.6 MB.
Total: 12.610100 ms (FindLiveObjects: 0.941700 ms CreateObjectMapping: 0.994000 ms MarkObjects: 6.272900 ms  DeleteObjects: 4.400200 ms)

Prepare: number of updated asset objects reloaded= 0
========================================================================
Received Prepare
Assembly reference Packages/com.unity.cinemachine/Editor/Samples/ExposeHDRPInternals/HDRP-Editor-ref.asmref has no target assembly definition
Assembly reference Packages/com.unity.cinemachine/Editor/Samples/ExposeHDRPInternals/HDRP-Editor-ref.asmref has no target assembly definition
Begin MonoManager ReloadAssembly
- Loaded All Assemblies, in  0.823 seconds
Assembly reference Packages/com.unity.cinemachine/Editor/Samples/ExposeHDRPInternals/HDRP-Editor-ref.asmref has no target assembly definition
'Packages/com.unity.cinemachine/Editor/Obsolete/CinemachineVirtualCameraBaseEditor.cs' contains partial class of Unity.Object, exactly 1 of the partial classes needs to be in a file with the same filename. This is to know the one that can be referenced from ie. GameObjects
'Packages/com.unity.cinemachine/Editor/Editors/CinemachineVirtualCameraBaseEditor.cs' contains partial class of Unity.Object, exactly 1 of the partial classes needs to be in a file with the same filename. This is to know the one that can be referenced from ie. GameObjects
Refreshing native plugins compatible for Editor in 1.67 ms, found 4 plugins.
Native extension for iOS target not found
Native extension for Android target not found
Native extension for UWP target not found
Native extension for WindowsStandalone target not found
Failed to load: C:/Program Files/Unity/Hub/Editor/6000.0.28f1/Editor/Data/PlaybackEngines/VisionOSPlayer\x64\UnityEditor.VisionOS.Native.dll
Native extension for VisionOS target not found
Native extension for WebGL target not found
Assembly reference Packages/com.unity.cinemachine/Editor/Samples/ExposeHDRPInternals/HDRP-Editor-ref.asmref has no target assembly definition
[Package Manager] Failed to launch server process. Reason: Unity was launched with the -noUpm command-line argument
[Package Manager] Unable to send message (not connected to server process).
[Package Manager] Cannot connect to Unity Package Manager local server
Mono: successfully reloaded assembly
- Finished resetting the current domain, in  1.156 seconds
Domain Reload Profiling: 1982ms
	BeginReloadAssembly (214ms)
		ExecutionOrderSort (0ms)
		DisableScriptedObjects (5ms)
		BackupInstance (0ms)
		ReleaseScriptingObjects (0ms)
		CreateAndSetChildDomain (62ms)
	RebuildCommonClasses (37ms)
	RebuildNativeTypeToScriptingClass (13ms)
	initialDomainReloadingComplete (24ms)
	LoadAllAssembliesAndSetupDomain (537ms)
		LoadAssemblies (375ms)
		RebuildTransferFunctionScriptingTraits (0ms)
		AnalyzeDomain (260ms)
			TypeCache.Refresh (10ms)
				TypeCache.ScanAssembly (0ms)
			BuildScriptInfoCaches (230ms)
			ResolveRequiredComponents (15ms)
	FinalizeReload (1157ms)
		ReleaseScriptCaches (0ms)
		RebuildScriptCaches (0ms)
		SetupLoadedEditorAssemblies (786ms)
			LogAssemblyErrors (0ms)
			InitializePlatformSupportModulesInManaged (25ms)
			SetLoadedEditorAssemblies (7ms)
			BeforeProcessingInitializeOnLoad (91ms)
			ProcessInitializeOnLoadAttributes (584ms)
			ProcessInitializeOnLoadMethodAttributes (68ms)
			AfterProcessingInitializeOnLoad (11ms)
			EditorAssembliesLoaded (1ms)
		ExecutionOrderSort2 (0ms)
		AwakeInstancesAfterBackupRestoration (15ms)
Refreshing native plugins compatible for Editor in 2.50 ms, found 4 plugins.
Preloading 0 native plugins for Editor in 0.00 ms.
Unloading 14 Unused Serialized files (Serialized files now loaded: 0)
Unloading 6755 unused Assets / (4.8 MB). Loaded Objects now: 7719.
Memory consumption went from 199.7 MB to 194.9 MB.
Total: 14.092200 ms (FindLiveObjects: 1.159700 ms CreateObjectMapping: 1.746200 ms MarkObjects: 7.310700 ms  DeleteObjects: 3.874100 ms)

Prepare: number of updated asset objects reloaded= 0
========================================================================
Received Import Request.
  Time since last request: 120.071021 seconds.
  path: Assets/Survival/Prefabs/Enemy/evil@Walking.prefab
  artifactKey: Guid(2c0a3f6b096b6ac4190d9e468aef043a) Importer(815301076,1909f56bfc062723c751e8b465ee728b)
Start importing Assets/Survival/Prefabs/Enemy/evil@Walking.prefab using Guid(2c0a3f6b096b6ac4190d9e468aef043a) Importer(815301076,1909f56bfc062723c751e8b465ee728b) (PreviewImporter) -> (artifact id: '06fde7af985f657b6c62e366ed21b37e') in 0.5027719 seconds
Number of updated asset objects reloaded before import = 0Number of asset objects unloaded after import = 349

========================================================================
Received Prepare
Assembly reference Packages/com.unity.cinemachine/Editor/Samples/ExposeHDRPInternals/HDRP-Editor-ref.asmref has no target assembly definition
Assembly reference Packages/com.unity.cinemachine/Editor/Samples/ExposeHDRPInternals/HDRP-Editor-ref.asmref has no target assembly definition
Begin MonoManager ReloadAssembly
- Loaded All Assemblies, in  0.846 seconds
Assembly reference Packages/com.unity.cinemachine/Editor/Samples/ExposeHDRPInternals/HDRP-Editor-ref.asmref has no target assembly definition
'Packages/com.unity.cinemachine/Editor/Obsolete/CinemachineVirtualCameraBaseEditor.cs' contains partial class of Unity.Object, exactly 1 of the partial classes needs to be in a file with the same filename. This is to know the one that can be referenced from ie. GameObjects
'Packages/com.unity.cinemachine/Editor/Editors/CinemachineVirtualCameraBaseEditor.cs' contains partial class of Unity.Object, exactly 1 of the partial classes needs to be in a file with the same filename. This is to know the one that can be referenced from ie. GameObjects
Refreshing native plugins compatible for Editor in 1.58 ms, found 4 plugins.
Native extension for iOS target not found
Native extension for Android target not found
Native extension for UWP target not found
Native extension for WindowsStandalone target not found
Failed to load: C:/Program Files/Unity/Hub/Editor/6000.0.28f1/Editor/Data/PlaybackEngines/VisionOSPlayer\x64\UnityEditor.VisionOS.Native.dll
Native extension for VisionOS target not found
Native extension for WebGL target not found
Assembly reference Packages/com.unity.cinemachine/Editor/Samples/ExposeHDRPInternals/HDRP-Editor-ref.asmref has no target assembly definition
[Package Manager] Failed to launch server process. Reason: Unity was launched with the -noUpm command-line argument
[Package Manager] Unable to send message (not connected to server process).
[Package Manager] Cannot connect to Unity Package Manager local server
Mono: successfully reloaded assembly
- Finished resetting the current domain, in  1.175 seconds
Domain Reload Profiling: 2022ms
	BeginReloadAssembly (233ms)
		ExecutionOrderSort (0ms)
		DisableScriptedObjects (20ms)
		BackupInstance (0ms)
		ReleaseScriptingObjects (0ms)
		CreateAndSetChildDomain (75ms)
	RebuildCommonClasses (36ms)
	RebuildNativeTypeToScriptingClass (18ms)
	initialDomainReloadingComplete (29ms)
	LoadAllAssembliesAndSetupDomain (530ms)
		LoadAssemblies (373ms)
		RebuildTransferFunctionScriptingTraits (0ms)
		AnalyzeDomain (246ms)
			TypeCache.Refresh (8ms)
				TypeCache.ScanAssembly (0ms)
			BuildScriptInfoCaches (218ms)
			ResolveRequiredComponents (14ms)
	FinalizeReload (1175ms)
		ReleaseScriptCaches (0ms)
		RebuildScriptCaches (0ms)
		SetupLoadedEditorAssemblies (820ms)
			LogAssemblyErrors (0ms)
			InitializePlatformSupportModulesInManaged (20ms)
			SetLoadedEditorAssemblies (5ms)
			BeforeProcessingInitializeOnLoad (110ms)
			ProcessInitializeOnLoadAttributes (606ms)
			ProcessInitializeOnLoadMethodAttributes (70ms)
			AfterProcessingInitializeOnLoad (9ms)
			EditorAssembliesLoaded (0ms)
		ExecutionOrderSort2 (0ms)
		AwakeInstancesAfterBackupRestoration (17ms)
Refreshing native plugins compatible for Editor in 1.81 ms, found 4 plugins.
Preloading 0 native plugins for Editor in 0.00 ms.
Unloading 14 Unused Serialized files (Serialized files now loaded: 0)
Unloading 6756 unused Assets / (6.4 MB). Loaded Objects now: 7742.
Memory consumption went from 204.0 MB to 197.6 MB.
Total: 15.718400 ms (FindLiveObjects: 0.820600 ms CreateObjectMapping: 0.958300 ms MarkObjects: 7.196000 ms  DeleteObjects: 6.742100 ms)

Prepare: number of updated asset objects reloaded= 0
========================================================================
Received Prepare
Assembly reference Packages/com.unity.cinemachine/Editor/Samples/ExposeHDRPInternals/HDRP-Editor-ref.asmref has no target assembly definition
Assembly reference Packages/com.unity.cinemachine/Editor/Samples/ExposeHDRPInternals/HDRP-Editor-ref.asmref has no target assembly definition
Begin MonoManager ReloadAssembly
- Loaded All Assemblies, in  0.856 seconds
Assembly reference Packages/com.unity.cinemachine/Editor/Samples/ExposeHDRPInternals/HDRP-Editor-ref.asmref has no target assembly definition
'Packages/com.unity.cinemachine/Editor/Obsolete/CinemachineVirtualCameraBaseEditor.cs' contains partial class of Unity.Object, exactly 1 of the partial classes needs to be in a file with the same filename. This is to know the one that can be referenced from ie. GameObjects
'Packages/com.unity.cinemachine/Editor/Editors/CinemachineVirtualCameraBaseEditor.cs' contains partial class of Unity.Object, exactly 1 of the partial classes needs to be in a file with the same filename. This is to know the one that can be referenced from ie. GameObjects
Refreshing native plugins compatible for Editor in 1.44 ms, found 4 plugins.
Native extension for iOS target not found
Native extension for Android target not found
Native extension for UWP target not found
Native extension for WindowsStandalone target not found
Failed to load: C:/Program Files/Unity/Hub/Editor/6000.0.28f1/Editor/Data/PlaybackEngines/VisionOSPlayer\x64\UnityEditor.VisionOS.Native.dll
Native extension for VisionOS target not found
Native extension for WebGL target not found
Assembly reference Packages/com.unity.cinemachine/Editor/Samples/ExposeHDRPInternals/HDRP-Editor-ref.asmref has no target assembly definition
[Package Manager] Failed to launch server process. Reason: Unity was launched with the -noUpm command-line argument
[Package Manager] Unable to send message (not connected to server process).
[Package Manager] Cannot connect to Unity Package Manager local server
Mono: successfully reloaded assembly
- Finished resetting the current domain, in  1.211 seconds
Domain Reload Profiling: 2070ms
	BeginReloadAssembly (219ms)
		ExecutionOrderSort (0ms)
		DisableScriptedObjects (5ms)
		BackupInstance (0ms)
		ReleaseScriptingObjects (0ms)
		CreateAndSetChildDomain (62ms)
	RebuildCommonClasses (34ms)
	RebuildNativeTypeToScriptingClass (12ms)
	initialDomainReloadingComplete (32ms)
	LoadAllAssembliesAndSetupDomain (561ms)
		LoadAssemblies (370ms)
		RebuildTransferFunctionScriptingTraits (0ms)
		AnalyzeDomain (288ms)
			TypeCache.Refresh (9ms)
				TypeCache.ScanAssembly (0ms)
			BuildScriptInfoCaches (258ms)
			ResolveRequiredComponents (14ms)
	FinalizeReload (1212ms)
		ReleaseScriptCaches (0ms)
		RebuildScriptCaches (0ms)
		SetupLoadedEditorAssemblies (852ms)
			LogAssemblyErrors (0ms)
			InitializePlatformSupportModulesInManaged (25ms)
			SetLoadedEditorAssemblies (5ms)
			BeforeProcessingInitializeOnLoad (107ms)
			ProcessInitializeOnLoadAttributes (637ms)
			ProcessInitializeOnLoadMethodAttributes (69ms)
			AfterProcessingInitializeOnLoad (9ms)
			EditorAssembliesLoaded (1ms)
		ExecutionOrderSort2 (0ms)
		AwakeInstancesAfterBackupRestoration (13ms)
Refreshing native plugins compatible for Editor in 2.08 ms, found 4 plugins.
Preloading 0 native plugins for Editor in 0.00 ms.
Unloading 14 Unused Serialized files (Serialized files now loaded: 0)
Unloading 6755 unused Assets / (4.4 MB). Loaded Objects now: 7745.
Memory consumption went from 203.9 MB to 199.4 MB.
Total: 10.207000 ms (FindLiveObjects: 0.943000 ms CreateObjectMapping: 0.708400 ms MarkObjects: 5.408100 ms  DeleteObjects: 3.145800 ms)

Prepare: number of updated asset objects reloaded= 0
========================================================================
Received Prepare
'Packages/com.unity.cinemachine/Editor/Obsolete/CinemachineVirtualCameraBaseEditor.cs' contains partial class of Unity.Object, exactly 1 of the partial classes needs to be in a file with the same filename. This is to know the one that can be referenced from ie. GameObjects
'Packages/com.unity.cinemachine/Editor/Editors/CinemachineVirtualCameraBaseEditor.cs' contains partial class of Unity.Object, exactly 1 of the partial classes needs to be in a file with the same filename. This is to know the one that can be referenced from ie. GameObjects
Refreshing native plugins compatible for Editor in 2.60 ms, found 4 plugins.
Preloading 0 native plugins for Editor in 0.00 ms.
Unloading 14 Unused Serialized files (Serialized files now loaded: 0)
Unloading 6744 unused Assets / (5.2 MB). Loaded Objects now: 7746.
Memory consumption went from 204.0 MB to 198.9 MB.
Total: 25.851800 ms (FindLiveObjects: 1.158300 ms CreateObjectMapping: 1.393900 ms MarkObjects: 11.554900 ms  DeleteObjects: 11.742800 ms)

Prepare: number of updated asset objects reloaded= 0
========================================================================
Received Prepare
Assembly reference Packages/com.unity.cinemachine/Editor/Samples/ExposeHDRPInternals/HDRP-Editor-ref.asmref has no target assembly definition
Assembly reference Packages/com.unity.cinemachine/Editor/Samples/ExposeHDRPInternals/HDRP-Editor-ref.asmref has no target assembly definition
Begin MonoManager ReloadAssembly
- Loaded All Assemblies, in  1.168 seconds
Assembly reference Packages/com.unity.cinemachine/Editor/Samples/ExposeHDRPInternals/HDRP-Editor-ref.asmref has no target assembly definition
'Packages/com.unity.cinemachine/Editor/Obsolete/CinemachineVirtualCameraBaseEditor.cs' contains partial class of Unity.Object, exactly 1 of the partial classes needs to be in a file with the same filename. This is to know the one that can be referenced from ie. GameObjects
'Packages/com.unity.cinemachine/Editor/Editors/CinemachineVirtualCameraBaseEditor.cs' contains partial class of Unity.Object, exactly 1 of the partial classes needs to be in a file with the same filename. This is to know the one that can be referenced from ie. GameObjects
Refreshing native plugins compatible for Editor in 3.27 ms, found 4 plugins.
Native extension for iOS target not found
Native extension for Android target not found
Native extension for UWP target not found
Native extension for WindowsStandalone target not found
Failed to load: C:/Program Files/Unity/Hub/Editor/6000.0.28f1/Editor/Data/PlaybackEngines/VisionOSPlayer\x64\UnityEditor.VisionOS.Native.dll
Native extension for VisionOS target not found
Native extension for WebGL target not found
Assembly reference Packages/com.unity.cinemachine/Editor/Samples/ExposeHDRPInternals/HDRP-Editor-ref.asmref has no target assembly definition
[Package Manager] Failed to launch server process. Reason: Unity was launched with the -noUpm command-line argument
[Package Manager] Unable to send message (not connected to server process).
[Package Manager] Cannot connect to Unity Package Manager local server
Mono: successfully reloaded assembly
- Finished resetting the current domain, in  1.470 seconds
Domain Reload Profiling: 2642ms
	BeginReloadAssembly (318ms)
		ExecutionOrderSort (0ms)
		DisableScriptedObjects (48ms)
		BackupInstance (0ms)
		ReleaseScriptingObjects (0ms)
		CreateAndSetChildDomain (76ms)
	RebuildCommonClasses (47ms)
	RebuildNativeTypeToScriptingClass (15ms)
	initialDomainReloadingComplete (38ms)
	LoadAllAssembliesAndSetupDomain (749ms)
		LoadAssemblies (534ms)
		RebuildTransferFunctionScriptingTraits (0ms)
		AnalyzeDomain (338ms)
			TypeCache.Refresh (15ms)
				TypeCache.ScanAssembly (1ms)
			BuildScriptInfoCaches (301ms)
			ResolveRequiredComponents (14ms)
	FinalizeReload (1474ms)
		ReleaseScriptCaches (0ms)
		RebuildScriptCaches (0ms)
		SetupLoadedEditorAssemblies (1028ms)
			LogAssemblyErrors (0ms)
			InitializePlatformSupportModulesInManaged (26ms)
			SetLoadedEditorAssemblies (7ms)
			BeforeProcessingInitializeOnLoad (117ms)
			ProcessInitializeOnLoadAttributes (791ms)
			ProcessInitializeOnLoadMethodAttributes (78ms)
			AfterProcessingInitializeOnLoad (10ms)
			EditorAssembliesLoaded (0ms)
		ExecutionOrderSort2 (0ms)
		AwakeInstancesAfterBackupRestoration (15ms)
Refreshing native plugins compatible for Editor in 2.74 ms, found 4 plugins.
Preloading 0 native plugins for Editor in 0.00 ms.
Unloading 14 Unused Serialized files (Serialized files now loaded: 0)
Unloading 6756 unused Assets / (5.0 MB). Loaded Objects now: 7749.
Memory consumption went from 204.0 MB to 199.0 MB.
Total: 19.736600 ms (FindLiveObjects: 1.084300 ms CreateObjectMapping: 1.811700 ms MarkObjects: 9.034100 ms  DeleteObjects: 7.804400 ms)

Prepare: number of updated asset objects reloaded= 0
========================================================================
Received Import Request.
  Time since last request: 706.663829 seconds.
  path: Assets/Survival/Scripts/WeaponShoot.cs
  artifactKey: Guid(1479a3e89aa9dbd4fae2b6d81e157285) Importer(815301076,1909f56bfc062723c751e8b465ee728b)
Start importing Assets/Survival/Scripts/WeaponShoot.cs using Guid(1479a3e89aa9dbd4fae2b6d81e157285) Importer(815301076,1909f56bfc062723c751e8b465ee728b) (PreviewImporter) -> (artifact id: '4a71ad6d2a73f8f672acebaa8e4b6457') in 0.0381337 seconds
Number of updated asset objects reloaded before import = 0Number of asset objects unloaded after import = 0

========================================================================
Received Prepare
Assembly reference Packages/com.unity.cinemachine/Editor/Samples/ExposeHDRPInternals/HDRP-Editor-ref.asmref has no target assembly definition
Assembly reference Packages/com.unity.cinemachine/Editor/Samples/ExposeHDRPInternals/HDRP-Editor-ref.asmref has no target assembly definition
Begin MonoManager ReloadAssembly
- Loaded All Assemblies, in  1.025 seconds
Assembly reference Packages/com.unity.cinemachine/Editor/Samples/ExposeHDRPInternals/HDRP-Editor-ref.asmref has no target assembly definition
'Packages/com.unity.cinemachine/Editor/Obsolete/CinemachineVirtualCameraBaseEditor.cs' contains partial class of Unity.Object, exactly 1 of the partial classes needs to be in a file with the same filename. This is to know the one that can be referenced from ie. GameObjects
'Packages/com.unity.cinemachine/Editor/Editors/CinemachineVirtualCameraBaseEditor.cs' contains partial class of Unity.Object, exactly 1 of the partial classes needs to be in a file with the same filename. This is to know the one that can be referenced from ie. GameObjects
Refreshing native plugins compatible for Editor in 1.51 ms, found 4 plugins.
Native extension for iOS target not found
Native extension for Android target not found
Native extension for UWP target not found
Native extension for WindowsStandalone target not found
Failed to load: C:/Program Files/Unity/Hub/Editor/6000.0.28f1/Editor/Data/PlaybackEngines/VisionOSPlayer\x64\UnityEditor.VisionOS.Native.dll
Native extension for VisionOS target not found
Native extension for WebGL target not found
Assembly reference Packages/com.unity.cinemachine/Editor/Samples/ExposeHDRPInternals/HDRP-Editor-ref.asmref has no target assembly definition
[Package Manager] Failed to launch server process. Reason: Unity was launched with the -noUpm command-line argument
[Package Manager] Unable to send message (not connected to server process).
[Package Manager] Cannot connect to Unity Package Manager local server
Mono: successfully reloaded assembly
- Finished resetting the current domain, in  1.071 seconds
Domain Reload Profiling: 2097ms
	BeginReloadAssembly (324ms)
		ExecutionOrderSort (0ms)
		DisableScriptedObjects (11ms)
		BackupInstance (0ms)
		ReleaseScriptingObjects (0ms)
		CreateAndSetChildDomain (134ms)
	RebuildCommonClasses (34ms)
	RebuildNativeTypeToScriptingClass (12ms)
	initialDomainReloadingComplete (25ms)
	LoadAllAssembliesAndSetupDomain (629ms)
		LoadAssemblies (453ms)
		RebuildTransferFunctionScriptingTraits (0ms)
		AnalyzeDomain (290ms)
			TypeCache.Refresh (15ms)
				TypeCache.ScanAssembly (2ms)
			BuildScriptInfoCaches (255ms)
			ResolveRequiredComponents (14ms)
	FinalizeReload (1072ms)
		ReleaseScriptCaches (0ms)
		RebuildScriptCaches (0ms)
		SetupLoadedEditorAssemblies (746ms)
			LogAssemblyErrors (0ms)
			InitializePlatformSupportModulesInManaged (21ms)
			SetLoadedEditorAssemblies (5ms)
			BeforeProcessingInitializeOnLoad (106ms)
			ProcessInitializeOnLoadAttributes (557ms)
			ProcessInitializeOnLoadMethodAttributes (50ms)
			AfterProcessingInitializeOnLoad (9ms)
			EditorAssembliesLoaded (0ms)
		ExecutionOrderSort2 (0ms)
		AwakeInstancesAfterBackupRestoration (12ms)
Refreshing native plugins compatible for Editor in 2.67 ms, found 4 plugins.
Preloading 0 native plugins for Editor in 0.00 ms.
Unloading 14 Unused Serialized files (Serialized files now loaded: 0)
Unloading 6756 unused Assets / (4.0 MB). Loaded Objects now: 7752.
Memory consumption went from 204.0 MB to 200.0 MB.
Total: 11.412400 ms (FindLiveObjects: 0.893700 ms CreateObjectMapping: 0.763000 ms MarkObjects: 5.521600 ms  DeleteObjects: 4.232900 ms)

Prepare: number of updated asset objects reloaded= 0
========================================================================
Received Import Request.
  Time since last request: 164.462087 seconds.
  path: Assets/Survival/Prefabs/Enemy/evil@Walking.prefab
  artifactKey: Guid(2c0a3f6b096b6ac4190d9e468aef043a) Importer(815301076,1909f56bfc062723c751e8b465ee728b)
Start importing Assets/Survival/Prefabs/Enemy/evil@Walking.prefab using Guid(2c0a3f6b096b6ac4190d9e468aef043a) Importer(815301076,1909f56bfc062723c751e8b465ee728b) (PreviewImporter) -> (artifact id: '0cbaf3887201485724573ccb986494bd') in 0.5779804 seconds
Number of updated asset objects reloaded before import = 0Number of asset objects unloaded after import = 350

========================================================================
Received Import Request.
  Time since last request: 8.771319 seconds.
  path: Assets/Survival/Prefabs/Enemy/evil@Walking.prefab
  artifactKey: Guid(2c0a3f6b096b6ac4190d9e468aef043a) Importer(815301076,1909f56bfc062723c751e8b465ee728b)
Start importing Assets/Survival/Prefabs/Enemy/evil@Walking.prefab using Guid(2c0a3f6b096b6ac4190d9e468aef043a) Importer(815301076,1909f56bfc062723c751e8b465ee728b) (PreviewImporter) -> (artifact id: '4f22f8ab4075d419349caa1e54a3a0ad') in 0.0425759 seconds
Number of updated asset objects reloaded before import = 0Number of asset objects unloaded after import = 350

========================================================================
Received Import Request.
  Time since last request: 6.604487 seconds.
  path: Assets/Survival/Prefabs/Enemy/evil@Walking.prefab
  artifactKey: Guid(2c0a3f6b096b6ac4190d9e468aef043a) Importer(815301076,1909f56bfc062723c751e8b465ee728b)
Start importing Assets/Survival/Prefabs/Enemy/evil@Walking.prefab using Guid(2c0a3f6b096b6ac4190d9e468aef043a) Importer(815301076,1909f56bfc062723c751e8b465ee728b) (PreviewImporter) -> (artifact id: '4f086a99f795122ca66b3745f396d514') in 0.0740375 seconds
Number of updated asset objects reloaded before import = 0Number of asset objects unloaded after import = 350

========================================================================
Received Import Request.
  Time since last request: 4.132639 seconds.
  path: Assets/Survival/Prefabs/Enemy/evil@Walking.prefab
  artifactKey: Guid(2c0a3f6b096b6ac4190d9e468aef043a) Importer(815301076,1909f56bfc062723c751e8b465ee728b)
Start importing Assets/Survival/Prefabs/Enemy/evil@Walking.prefab using Guid(2c0a3f6b096b6ac4190d9e468aef043a) Importer(815301076,1909f56bfc062723c751e8b465ee728b) (PreviewImporter) -> (artifact id: '8c9c6233179db8860974ce3e11615b16') in 0.0463342 seconds
Number of updated asset objects reloaded before import = 0Number of asset objects unloaded after import = 350

========================================================================
Received Import Request.
  Time since last request: 2.751880 seconds.
  path: Assets/Survival/Prefabs/Enemy/evil@Walking.prefab
  artifactKey: Guid(2c0a3f6b096b6ac4190d9e468aef043a) Importer(815301076,1909f56bfc062723c751e8b465ee728b)
Start importing Assets/Survival/Prefabs/Enemy/evil@Walking.prefab using Guid(2c0a3f6b096b6ac4190d9e468aef043a) Importer(815301076,1909f56bfc062723c751e8b465ee728b) (PreviewImporter) -> (artifact id: '0cda383468f40e61c610d525cb65d710') in 0.0380362 seconds
Number of updated asset objects reloaded before import = 0Number of asset objects unloaded after import = 350

========================================================================
Received Import Request.
  Time since last request: 19.279713 seconds.
  path: Assets/Survival/Prefabs/Enemy/evil@Walking.prefab
  artifactKey: Guid(2c0a3f6b096b6ac4190d9e468aef043a) Importer(815301076,1909f56bfc062723c751e8b465ee728b)
Start importing Assets/Survival/Prefabs/Enemy/evil@Walking.prefab using Guid(2c0a3f6b096b6ac4190d9e468aef043a) Importer(815301076,1909f56bfc062723c751e8b465ee728b) (PreviewImporter) -> (artifact id: '97701c118bf80e54c9e6b265bf24c717') in 0.0707318 seconds
Number of updated asset objects reloaded before import = 0Number of asset objects unloaded after import = 350

========================================================================
Received Import Request.
  Time since last request: 13.424717 seconds.
  path: Assets/Survival/Prefabs/Enemy/evil@Walking.prefab
  artifactKey: Guid(2c0a3f6b096b6ac4190d9e468aef043a) Importer(815301076,1909f56bfc062723c751e8b465ee728b)
Start importing Assets/Survival/Prefabs/Enemy/evil@Walking.prefab using Guid(2c0a3f6b096b6ac4190d9e468aef043a) Importer(815301076,1909f56bfc062723c751e8b465ee728b) (PreviewImporter) -> (artifact id: '9a8f26bf19e869d35bfc58aa0aa250fe') in 0.0486107 seconds
Number of updated asset objects reloaded before import = 0Number of asset objects unloaded after import = 350

========================================================================
Received Import Request.
  Time since last request: 2.764242 seconds.
  path: Assets/Survival/Prefabs/Enemy/evil@Walking.prefab
  artifactKey: Guid(2c0a3f6b096b6ac4190d9e468aef043a) Importer(815301076,1909f56bfc062723c751e8b465ee728b)
Start importing Assets/Survival/Prefabs/Enemy/evil@Walking.prefab using Guid(2c0a3f6b096b6ac4190d9e468aef043a) Importer(815301076,1909f56bfc062723c751e8b465ee728b) (PreviewImporter) -> (artifact id: 'facf5ab48c1070afca5a0961cb8afa11') in 0.0379176 seconds
Number of updated asset objects reloaded before import = 0Number of asset objects unloaded after import = 350

========================================================================
Received Prepare
Assembly reference Packages/com.unity.cinemachine/Editor/Samples/ExposeHDRPInternals/HDRP-Editor-ref.asmref has no target assembly definition
Assembly reference Packages/com.unity.cinemachine/Editor/Samples/ExposeHDRPInternals/HDRP-Editor-ref.asmref has no target assembly definition
Begin MonoManager ReloadAssembly
- Loaded All Assemblies, in  0.963 seconds
Assembly reference Packages/com.unity.cinemachine/Editor/Samples/ExposeHDRPInternals/HDRP-Editor-ref.asmref has no target assembly definition
'Packages/com.unity.cinemachine/Editor/Obsolete/CinemachineVirtualCameraBaseEditor.cs' contains partial class of Unity.Object, exactly 1 of the partial classes needs to be in a file with the same filename. This is to know the one that can be referenced from ie. GameObjects
'Packages/com.unity.cinemachine/Editor/Editors/CinemachineVirtualCameraBaseEditor.cs' contains partial class of Unity.Object, exactly 1 of the partial classes needs to be in a file with the same filename. This is to know the one that can be referenced from ie. GameObjects
Refreshing native plugins compatible for Editor in 1.83 ms, found 4 plugins.
Native extension for iOS target not found
Native extension for Android target not found
Native extension for UWP target not found
Native extension for WindowsStandalone target not found
Failed to load: C:/Program Files/Unity/Hub/Editor/6000.0.28f1/Editor/Data/PlaybackEngines/VisionOSPlayer\x64\UnityEditor.VisionOS.Native.dll
Native extension for VisionOS target not found
Native extension for WebGL target not found
Assembly reference Packages/com.unity.cinemachine/Editor/Samples/ExposeHDRPInternals/HDRP-Editor-ref.asmref has no target assembly definition
[Package Manager] Failed to launch server process. Reason: Unity was launched with the -noUpm command-line argument
[Package Manager] Unable to send message (not connected to server process).
[Package Manager] Cannot connect to Unity Package Manager local server
Mono: successfully reloaded assembly
- Finished resetting the current domain, in  1.263 seconds
Domain Reload Profiling: 2227ms
	BeginReloadAssembly (296ms)
		ExecutionOrderSort (0ms)
		DisableScriptedObjects (26ms)
		BackupInstance (0ms)
		ReleaseScriptingObjects (0ms)
		CreateAndSetChildDomain (77ms)
	RebuildCommonClasses (35ms)
	RebuildNativeTypeToScriptingClass (13ms)
	initialDomainReloadingComplete (25ms)
	LoadAllAssembliesAndSetupDomain (593ms)
		LoadAssemblies (393ms)
		RebuildTransferFunctionScriptingTraits (0ms)
		AnalyzeDomain (300ms)
			TypeCache.Refresh (11ms)
				TypeCache.ScanAssembly (0ms)
			BuildScriptInfoCaches (268ms)
			ResolveRequiredComponents (15ms)
	FinalizeReload (1264ms)
		ReleaseScriptCaches (0ms)
		RebuildScriptCaches (0ms)
		SetupLoadedEditorAssemblies (866ms)
			LogAssemblyErrors (0ms)
			InitializePlatformSupportModulesInManaged (18ms)
			SetLoadedEditorAssemblies (5ms)
			BeforeProcessingInitializeOnLoad (85ms)
			ProcessInitializeOnLoadAttributes (678ms)
			ProcessInitializeOnLoadMethodAttributes (69ms)
			AfterProcessingInitializeOnLoad (11ms)
			EditorAssembliesLoaded (1ms)
		ExecutionOrderSort2 (0ms)
		AwakeInstancesAfterBackupRestoration (18ms)
Refreshing native plugins compatible for Editor in 2.59 ms, found 4 plugins.
Preloading 0 native plugins for Editor in 0.00 ms.
Unloading 14 Unused Serialized files (Serialized files now loaded: 0)
Unloading 6757 unused Assets / (5.2 MB). Loaded Objects now: 7775.
Memory consumption went from 208.3 MB to 203.1 MB.
Total: 18.816800 ms (FindLiveObjects: 1.361700 ms CreateObjectMapping: 2.144700 ms MarkObjects: 7.692600 ms  DeleteObjects: 7.616200 ms)

Prepare: number of updated asset objects reloaded= 0
========================================================================
Received Prepare
Assembly reference Packages/com.unity.cinemachine/Editor/Samples/ExposeHDRPInternals/HDRP-Editor-ref.asmref has no target assembly definition
Assembly reference Packages/com.unity.cinemachine/Editor/Samples/ExposeHDRPInternals/HDRP-Editor-ref.asmref has no target assembly definition
Begin MonoManager ReloadAssembly
- Loaded All Assemblies, in  0.877 seconds
Assembly reference Packages/com.unity.cinemachine/Editor/Samples/ExposeHDRPInternals/HDRP-Editor-ref.asmref has no target assembly definition
'Packages/com.unity.cinemachine/Editor/Obsolete/CinemachineVirtualCameraBaseEditor.cs' contains partial class of Unity.Object, exactly 1 of the partial classes needs to be in a file with the same filename. This is to know the one that can be referenced from ie. GameObjects
'Packages/com.unity.cinemachine/Editor/Editors/CinemachineVirtualCameraBaseEditor.cs' contains partial class of Unity.Object, exactly 1 of the partial classes needs to be in a file with the same filename. This is to know the one that can be referenced from ie. GameObjects
Refreshing native plugins compatible for Editor in 2.81 ms, found 4 plugins.
Native extension for iOS target not found
Native extension for Android target not found
Native extension for UWP target not found
Native extension for WindowsStandalone target not found
Failed to load: C:/Program Files/Unity/Hub/Editor/6000.0.28f1/Editor/Data/PlaybackEngines/VisionOSPlayer\x64\UnityEditor.VisionOS.Native.dll
Native extension for VisionOS target not found
Native extension for WebGL target not found
Assembly reference Packages/com.unity.cinemachine/Editor/Samples/ExposeHDRPInternals/HDRP-Editor-ref.asmref has no target assembly definition
[Package Manager] Failed to launch server process. Reason: Unity was launched with the -noUpm command-line argument
[Package Manager] Unable to send message (not connected to server process).
[Package Manager] Cannot connect to Unity Package Manager local server
Mono: successfully reloaded assembly
- Finished resetting the current domain, in  1.315 seconds
Domain Reload Profiling: 2194ms
	BeginReloadAssembly (222ms)
		ExecutionOrderSort (0ms)
		DisableScriptedObjects (8ms)
		BackupInstance (0ms)
		ReleaseScriptingObjects (0ms)
		CreateAndSetChildDomain (66ms)
	RebuildCommonClasses (38ms)
	RebuildNativeTypeToScriptingClass (14ms)
	initialDomainReloadingComplete (33ms)
	LoadAllAssembliesAndSetupDomain (571ms)
		LoadAssemblies (384ms)
		RebuildTransferFunctionScriptingTraits (0ms)
		AnalyzeDomain (279ms)
			TypeCache.Refresh (10ms)
				TypeCache.ScanAssembly (0ms)
			BuildScriptInfoCaches (244ms)
			ResolveRequiredComponents (18ms)
	FinalizeReload (1316ms)
		ReleaseScriptCaches (0ms)
		RebuildScriptCaches (0ms)
		SetupLoadedEditorAssemblies (978ms)
			LogAssemblyErrors (0ms)
			InitializePlatformSupportModulesInManaged (25ms)
			SetLoadedEditorAssemblies (7ms)
			BeforeProcessingInitializeOnLoad (125ms)
			ProcessInitializeOnLoadAttributes (765ms)
			ProcessInitializeOnLoadMethodAttributes (49ms)
			AfterProcessingInitializeOnLoad (6ms)
			EditorAssembliesLoaded (0ms)
		ExecutionOrderSort2 (0ms)
		AwakeInstancesAfterBackupRestoration (12ms)
Refreshing native plugins compatible for Editor in 1.40 ms, found 4 plugins.
Preloading 0 native plugins for Editor in 0.00 ms.
Unloading 14 Unused Serialized files (Serialized files now loaded: 0)
Unloading 6756 unused Assets / (5.8 MB). Loaded Objects now: 7778.
Memory consumption went from 208.2 MB to 202.3 MB.
Total: 13.268200 ms (FindLiveObjects: 0.999300 ms CreateObjectMapping: 0.627500 ms MarkObjects: 6.156300 ms  DeleteObjects: 5.483500 ms)

Prepare: number of updated asset objects reloaded= 0
========================================================================
Received Prepare
Assembly reference Packages/com.unity.cinemachine/Editor/Samples/ExposeHDRPInternals/HDRP-Editor-ref.asmref has no target assembly definition
Assembly reference Packages/com.unity.cinemachine/Editor/Samples/ExposeHDRPInternals/HDRP-Editor-ref.asmref has no target assembly definition
Begin MonoManager ReloadAssembly
- Loaded All Assemblies, in  0.825 seconds
Assembly reference Packages/com.unity.cinemachine/Editor/Samples/ExposeHDRPInternals/HDRP-Editor-ref.asmref has no target assembly definition
'Packages/com.unity.cinemachine/Editor/Obsolete/CinemachineVirtualCameraBaseEditor.cs' contains partial class of Unity.Object, exactly 1 of the partial classes needs to be in a file with the same filename. This is to know the one that can be referenced from ie. GameObjects
'Packages/com.unity.cinemachine/Editor/Editors/CinemachineVirtualCameraBaseEditor.cs' contains partial class of Unity.Object, exactly 1 of the partial classes needs to be in a file with the same filename. This is to know the one that can be referenced from ie. GameObjects
Refreshing native plugins compatible for Editor in 1.66 ms, found 4 plugins.
Native extension for iOS target not found
Native extension for Android target not found
Native extension for UWP target not found
Native extension for WindowsStandalone target not found
Failed to load: C:/Program Files/Unity/Hub/Editor/6000.0.28f1/Editor/Data/PlaybackEngines/VisionOSPlayer\x64\UnityEditor.VisionOS.Native.dll
Native extension for VisionOS target not found
Native extension for WebGL target not found
Assembly reference Packages/com.unity.cinemachine/Editor/Samples/ExposeHDRPInternals/HDRP-Editor-ref.asmref has no target assembly definition
[Package Manager] Failed to launch server process. Reason: Unity was launched with the -noUpm command-line argument
[Package Manager] Unable to send message (not connected to server process).
[Package Manager] Cannot connect to Unity Package Manager local server
Mono: successfully reloaded assembly
- Finished resetting the current domain, in  1.154 seconds
Domain Reload Profiling: 1981ms
	BeginReloadAssembly (213ms)
		ExecutionOrderSort (0ms)
		DisableScriptedObjects (5ms)
		BackupInstance (0ms)
		ReleaseScriptingObjects (0ms)
		CreateAndSetChildDomain (64ms)
	RebuildCommonClasses (39ms)
	RebuildNativeTypeToScriptingClass (15ms)
	initialDomainReloadingComplete (26ms)
	LoadAllAssembliesAndSetupDomain (533ms)
		LoadAssemblies (375ms)
		RebuildTransferFunctionScriptingTraits (0ms)
		AnalyzeDomain (249ms)
			TypeCache.Refresh (11ms)
				TypeCache.ScanAssembly (0ms)
			BuildScriptInfoCaches (218ms)
			ResolveRequiredComponents (14ms)
	FinalizeReload (1155ms)
		ReleaseScriptCaches (0ms)
		RebuildScriptCaches (0ms)
		SetupLoadedEditorAssemblies (798ms)
			LogAssemblyErrors (0ms)
			InitializePlatformSupportModulesInManaged (20ms)
			SetLoadedEditorAssemblies (7ms)
			BeforeProcessingInitializeOnLoad (94ms)
			ProcessInitializeOnLoadAttributes (594ms)
			ProcessInitializeOnLoadMethodAttributes (68ms)
			AfterProcessingInitializeOnLoad (14ms)
			EditorAssembliesLoaded (1ms)
		ExecutionOrderSort2 (0ms)
		AwakeInstancesAfterBackupRestoration (21ms)
Refreshing native plugins compatible for Editor in 1.72 ms, found 4 plugins.
Preloading 0 native plugins for Editor in 0.00 ms.
Unloading 14 Unused Serialized files (Serialized files now loaded: 0)
Unloading 6756 unused Assets / (6.3 MB). Loaded Objects now: 7781.
Memory consumption went from 208.2 MB to 201.9 MB.
Total: 12.894300 ms (FindLiveObjects: 0.754400 ms CreateObjectMapping: 0.665000 ms MarkObjects: 6.632800 ms  DeleteObjects: 4.840800 ms)

Prepare: number of updated asset objects reloaded= 0
========================================================================
Received Prepare
Assembly reference Packages/com.unity.cinemachine/Editor/Samples/ExposeHDRPInternals/HDRP-Editor-ref.asmref has no target assembly definition
Assembly reference Packages/com.unity.cinemachine/Editor/Samples/ExposeHDRPInternals/HDRP-Editor-ref.asmref has no target assembly definition
Begin MonoManager ReloadAssembly
- Loaded All Assemblies, in  1.173 seconds
Assembly reference Packages/com.unity.cinemachine/Editor/Samples/ExposeHDRPInternals/HDRP-Editor-ref.asmref has no target assembly definition
'Packages/com.unity.cinemachine/Editor/Obsolete/CinemachineVirtualCameraBaseEditor.cs' contains partial class of Unity.Object, exactly 1 of the partial classes needs to be in a file with the same filename. This is to know the one that can be referenced from ie. GameObjects
'Packages/com.unity.cinemachine/Editor/Editors/CinemachineVirtualCameraBaseEditor.cs' contains partial class of Unity.Object, exactly 1 of the partial classes needs to be in a file with the same filename. This is to know the one that can be referenced from ie. GameObjects
Refreshing native plugins compatible for Editor in 1.99 ms, found 4 plugins.
Native extension for iOS target not found
Native extension for Android target not found
Native extension for UWP target not found
Native extension for WindowsStandalone target not found
Failed to load: C:/Program Files/Unity/Hub/Editor/6000.0.28f1/Editor/Data/PlaybackEngines/VisionOSPlayer\x64\UnityEditor.VisionOS.Native.dll
Native extension for VisionOS target not found
Native extension for WebGL target not found
Assembly reference Packages/com.unity.cinemachine/Editor/Samples/ExposeHDRPInternals/HDRP-Editor-ref.asmref has no target assembly definition
[Package Manager] Failed to launch server process. Reason: Unity was launched with the -noUpm command-line argument
[Package Manager] Unable to send message (not connected to server process).
[Package Manager] Cannot connect to Unity Package Manager local server
Mono: successfully reloaded assembly
- Finished resetting the current domain, in  1.169 seconds
Domain Reload Profiling: 2327ms
	BeginReloadAssembly (216ms)
		ExecutionOrderSort (0ms)
		DisableScriptedObjects (5ms)
		BackupInstance (0ms)
		ReleaseScriptingObjects (0ms)
		CreateAndSetChildDomain (67ms)
	RebuildCommonClasses (57ms)
	RebuildNativeTypeToScriptingClass (16ms)
	initialDomainReloadingComplete (182ms)
	LoadAllAssembliesAndSetupDomain (687ms)
		LoadAssemblies (451ms)
		RebuildTransferFunctionScriptingTraits (0ms)
		AnalyzeDomain (329ms)
			TypeCache.Refresh (13ms)
				TypeCache.ScanAssembly (0ms)
			BuildScriptInfoCaches (297ms)
			ResolveRequiredComponents (14ms)
	FinalizeReload (1170ms)
		ReleaseScriptCaches (0ms)
		RebuildScriptCaches (0ms)
		SetupLoadedEditorAssemblies (791ms)
			LogAssemblyErrors (0ms)
			InitializePlatformSupportModulesInManaged (25ms)
			SetLoadedEditorAssemblies (5ms)
			BeforeProcessingInitializeOnLoad (92ms)
			ProcessInitializeOnLoadAttributes (600ms)
			ProcessInitializeOnLoadMethodAttributes (61ms)
			AfterProcessingInitializeOnLoad (8ms)
			EditorAssembliesLoaded (0ms)
		ExecutionOrderSort2 (0ms)
		AwakeInstancesAfterBackupRestoration (14ms)
Refreshing native plugins compatible for Editor in 2.03 ms, found 4 plugins.
Preloading 0 native plugins for Editor in 0.00 ms.
Unloading 14 Unused Serialized files (Serialized files now loaded: 0)
Unloading 6756 unused Assets / (4.8 MB). Loaded Objects now: 7784.
Memory consumption went from 208.2 MB to 203.4 MB.
Total: 13.062900 ms (FindLiveObjects: 0.771000 ms CreateObjectMapping: 0.771300 ms MarkObjects: 5.918200 ms  DeleteObjects: 5.600900 ms)

Prepare: number of updated asset objects reloaded= 0
========================================================================
Received Prepare
Assembly reference Packages/com.unity.cinemachine/Editor/Samples/ExposeHDRPInternals/HDRP-Editor-ref.asmref has no target assembly definition
Assembly reference Packages/com.unity.cinemachine/Editor/Samples/ExposeHDRPInternals/HDRP-Editor-ref.asmref has no target assembly definition
Begin MonoManager ReloadAssembly
- Loaded All Assemblies, in  0.810 seconds
Assembly reference Packages/com.unity.cinemachine/Editor/Samples/ExposeHDRPInternals/HDRP-Editor-ref.asmref has no target assembly definition
'Packages/com.unity.cinemachine/Editor/Obsolete/CinemachineVirtualCameraBaseEditor.cs' contains partial class of Unity.Object, exactly 1 of the partial classes needs to be in a file with the same filename. This is to know the one that can be referenced from ie. GameObjects
'Packages/com.unity.cinemachine/Editor/Editors/CinemachineVirtualCameraBaseEditor.cs' contains partial class of Unity.Object, exactly 1 of the partial classes needs to be in a file with the same filename. This is to know the one that can be referenced from ie. GameObjects
Refreshing native plugins compatible for Editor in 1.88 ms, found 4 plugins.
Native extension for iOS target not found
Native extension for Android target not found
Native extension for UWP target not found
Native extension for WindowsStandalone target not found
Failed to load: C:/Program Files/Unity/Hub/Editor/6000.0.28f1/Editor/Data/PlaybackEngines/VisionOSPlayer\x64\UnityEditor.VisionOS.Native.dll
Native extension for VisionOS target not found
Native extension for WebGL target not found
Assembly reference Packages/com.unity.cinemachine/Editor/Samples/ExposeHDRPInternals/HDRP-Editor-ref.asmref has no target assembly definition
[Package Manager] Failed to launch server process. Reason: Unity was launched with the -noUpm command-line argument
[Package Manager] Unable to send message (not connected to server process).
[Package Manager] Cannot connect to Unity Package Manager local server
Mono: successfully reloaded assembly
- Finished resetting the current domain, in  1.162 seconds
Domain Reload Profiling: 1973ms
	BeginReloadAssembly (202ms)
		ExecutionOrderSort (0ms)
		DisableScriptedObjects (6ms)
		BackupInstance (0ms)
		ReleaseScriptingObjects (0ms)
		CreateAndSetChildDomain (54ms)
	RebuildCommonClasses (43ms)
	RebuildNativeTypeToScriptingClass (12ms)
	initialDomainReloadingComplete (32ms)
	LoadAllAssembliesAndSetupDomain (521ms)
		LoadAssemblies (364ms)
		RebuildTransferFunctionScriptingTraits (0ms)
		AnalyzeDomain (252ms)
			TypeCache.Refresh (9ms)
				TypeCache.ScanAssembly (0ms)
			BuildScriptInfoCaches (223ms)
			ResolveRequiredComponents (14ms)
	FinalizeReload (1163ms)
		ReleaseScriptCaches (0ms)
		RebuildScriptCaches (0ms)
		SetupLoadedEditorAssemblies (810ms)
			LogAssemblyErrors (0ms)
			InitializePlatformSupportModulesInManaged (20ms)
			SetLoadedEditorAssemblies (4ms)
			BeforeProcessingInitializeOnLoad (94ms)
			ProcessInitializeOnLoadAttributes (618ms)
			ProcessInitializeOnLoadMethodAttributes (64ms)
			AfterProcessingInitializeOnLoad (10ms)
			EditorAssembliesLoaded (0ms)
		ExecutionOrderSort2 (0ms)
		AwakeInstancesAfterBackupRestoration (17ms)
Refreshing native plugins compatible for Editor in 3.25 ms, found 4 plugins.
Preloading 0 native plugins for Editor in 0.00 ms.
Unloading 14 Unused Serialized files (Serialized files now loaded: 0)
Unloading 6756 unused Assets / (5.4 MB). Loaded Objects now: 7787.
Memory consumption went from 208.2 MB to 202.8 MB.
Total: 20.815400 ms (FindLiveObjects: 1.305000 ms CreateObjectMapping: 1.987700 ms MarkObjects: 9.359700 ms  DeleteObjects: 8.160700 ms)

Prepare: number of updated asset objects reloaded= 0
========================================================================
Received Prepare
Assembly reference Packages/com.unity.cinemachine/Editor/Samples/ExposeHDRPInternals/HDRP-Editor-ref.asmref has no target assembly definition
Assembly reference Packages/com.unity.cinemachine/Editor/Samples/ExposeHDRPInternals/HDRP-Editor-ref.asmref has no target assembly definition
Begin MonoManager ReloadAssembly
- Loaded All Assemblies, in  0.803 seconds
Assembly reference Packages/com.unity.cinemachine/Editor/Samples/ExposeHDRPInternals/HDRP-Editor-ref.asmref has no target assembly definition
'Packages/com.unity.cinemachine/Editor/Obsolete/CinemachineVirtualCameraBaseEditor.cs' contains partial class of Unity.Object, exactly 1 of the partial classes needs to be in a file with the same filename. This is to know the one that can be referenced from ie. GameObjects
'Packages/com.unity.cinemachine/Editor/Editors/CinemachineVirtualCameraBaseEditor.cs' contains partial class of Unity.Object, exactly 1 of the partial classes needs to be in a file with the same filename. This is to know the one that can be referenced from ie. GameObjects
Refreshing native plugins compatible for Editor in 2.40 ms, found 4 plugins.
Native extension for iOS target not found
Native extension for Android target not found
Native extension for UWP target not found
Native extension for WindowsStandalone target not found
Failed to load: C:/Program Files/Unity/Hub/Editor/6000.0.28f1/Editor/Data/PlaybackEngines/VisionOSPlayer\x64\UnityEditor.VisionOS.Native.dll
Native extension for VisionOS target not found
Native extension for WebGL target not found
Assembly reference Packages/com.unity.cinemachine/Editor/Samples/ExposeHDRPInternals/HDRP-Editor-ref.asmref has no target assembly definition
[Package Manager] Failed to launch server process. Reason: Unity was launched with the -noUpm command-line argument
[Package Manager] Unable to send message (not connected to server process).
[Package Manager] Cannot connect to Unity Package Manager local server
Mono: successfully reloaded assembly
- Finished resetting the current domain, in  1.280 seconds
Domain Reload Profiling: 2083ms
	BeginReloadAssembly (205ms)
		ExecutionOrderSort (0ms)
		DisableScriptedObjects (9ms)
		BackupInstance (0ms)
		ReleaseScriptingObjects (0ms)
		CreateAndSetChildDomain (52ms)
	RebuildCommonClasses (35ms)
	RebuildNativeTypeToScriptingClass (13ms)
	initialDomainReloadingComplete (26ms)
	LoadAllAssembliesAndSetupDomain (523ms)
		LoadAssemblies (368ms)
		RebuildTransferFunctionScriptingTraits (0ms)
		AnalyzeDomain (250ms)
			TypeCache.Refresh (9ms)
				TypeCache.ScanAssembly (0ms)
			BuildScriptInfoCaches (225ms)
			ResolveRequiredComponents (11ms)
	FinalizeReload (1281ms)
		ReleaseScriptCaches (0ms)
		RebuildScriptCaches (0ms)
		SetupLoadedEditorAssemblies (898ms)
			LogAssemblyErrors (0ms)
			InitializePlatformSupportModulesInManaged (24ms)
			SetLoadedEditorAssemblies (5ms)
			BeforeProcessingInitializeOnLoad (135ms)
			ProcessInitializeOnLoadAttributes (650ms)
			ProcessInitializeOnLoadMethodAttributes (75ms)
			AfterProcessingInitializeOnLoad (8ms)
			EditorAssembliesLoaded (0ms)
		ExecutionOrderSort2 (0ms)
		AwakeInstancesAfterBackupRestoration (15ms)
Refreshing native plugins compatible for Editor in 2.18 ms, found 4 plugins.
Preloading 0 native plugins for Editor in 0.00 ms.
Unloading 14 Unused Serialized files (Serialized files now loaded: 0)
Unloading 6756 unused Assets / (5.5 MB). Loaded Objects now: 7790.
Memory consumption went from 208.2 MB to 202.7 MB.
Total: 16.758500 ms (FindLiveObjects: 1.616800 ms CreateObjectMapping: 1.849800 ms MarkObjects: 7.555700 ms  DeleteObjects: 5.734700 ms)

Prepare: number of updated asset objects reloaded= 0
========================================================================
Received Import Request.
  Time since last request: 331.319424 seconds.
  path: Assets/Survival/Prefabs/Enemy/evil@Walking.prefab
  artifactKey: Guid(2c0a3f6b096b6ac4190d9e468aef043a) Importer(815301076,1909f56bfc062723c751e8b465ee728b)
Start importing Assets/Survival/Prefabs/Enemy/evil@Walking.prefab using Guid(2c0a3f6b096b6ac4190d9e468aef043a) Importer(815301076,1909f56bfc062723c751e8b465ee728b) (PreviewImporter) -> (artifact id: 'f1b6a8e9f46cc0d21c10e57e04afbac4') in 0.5869756 seconds
Number of updated asset objects reloaded before import = 0Number of asset objects unloaded after import = 350

========================================================================
Received Import Request.
  Time since last request: 22.229856 seconds.
  path: ProjectSettings/TagManager.asset
  artifactKey: Guid(00000000000000003000000000000000) Importer(815301076,1909f56bfc062723c751e8b465ee728b)
Start importing ProjectSettings/TagManager.asset using Guid(00000000000000003000000000000000) Importer(815301076,1909f56bfc062723c751e8b465ee728b) (PreviewImporter) -> (artifact id: '02af34fa2fb4494cb3edea3e01f214ec') in 0.0024908 seconds
Number of updated asset objects reloaded before import = 0Number of asset objects unloaded after import = 0

========================================================================
Received Import Request.
  Time since last request: 196.199876 seconds.
  path: Assets/Scenes/Map_v1.unity
  artifactKey: Guid(5a463281e6e238742a45430f11e82829) Importer(2089858483,192608db42251d675da83286b1cce702)
Start importing Assets/Scenes/Map_v1.unity using Guid(5a463281e6e238742a45430f11e82829) Importer(2089858483,192608db42251d675da83286b1cce702) (ScriptedImporter) -> (artifact id: '7667da4f822336c52096a2302ff305da') in 0.2576054 seconds
Number of updated asset objects reloaded before import = 0Number of asset objects unloaded after import = 1

========================================================================
Received Import Request.
  Time since last request: 0.000058 seconds.
  path: Assets/UnityTechnologies/ParticlePack/EffectExamples/Weapon Effects/Materials/GoopSplat2.mat
  artifactKey: Guid(fb0f4297b291a034bb4f9a9eada50640) Importer(2089858483,192608db42251d675da83286b1cce702)
Start importing Assets/UnityTechnologies/ParticlePack/EffectExamples/Weapon Effects/Materials/GoopSplat2.mat using Guid(fb0f4297b291a034bb4f9a9eada50640) Importer(2089858483,192608db42251d675da83286b1cce702) (ScriptedImporter) -> (artifact id: '1faf4a2e53a68896c088803a6512e909') in 0.0702643 seconds
Number of updated asset objects reloaded before import = 0Number of asset objects unloaded after import = 4

========================================================================
Received Import Request.
  Time since last request: 0.000040 seconds.
  path: Assets/UnityTechnologies/ParticlePack/Settings/Beautiful_PipelineAsset_DeferredRenderer.asset
  artifactKey: Guid(180a0086adbfdfd4aa0e8831800c15de) Importer(2089858483,192608db42251d675da83286b1cce702)
Start importing Assets/UnityTechnologies/ParticlePack/Settings/Beautiful_PipelineAsset_DeferredRenderer.asset using Guid(180a0086adbfdfd4aa0e8831800c15de) Importer(2089858483,192608db42251d675da83286b1cce702) (ScriptedImporter) -> (artifact id: '7f188195c0e6d4ebf98f86fe60b47511') in 0.0819723 seconds
Number of updated asset objects reloaded before import = 0Number of asset objects unloaded after import = 1

========================================================================
Received Import Request.
  Time since last request: 0.000041 seconds.
  path: Assets/UnityTechnologies/ParticlePack/Main Camera Profile(URP).asset
  artifactKey: Guid(ae86f759d8a224d49b6681ec201e0a1c) Importer(2089858483,192608db42251d675da83286b1cce702)
Start importing Assets/UnityTechnologies/ParticlePack/Main Camera Profile(URP).asset using Guid(ae86f759d8a224d49b6681ec201e0a1c) Importer(2089858483,192608db42251d675da83286b1cce702) (ScriptedImporter) -> (artifact id: '174903047591fc1745d5734bef82ae72') in 0.0276172 seconds
Number of updated asset objects reloaded before import = 0Number of asset objects unloaded after import = 1

========================================================================
Received Import Request.
  Time since last request: 0.000025 seconds.
  path: Assets/UnityTechnologies/ParticlePack/EffectExamples/Magic Effects/Textures/IceCurvature.tif
  artifactKey: Guid(8bd3845bbbeebd04b8a19ee995137147) Importer(2089858483,192608db42251d675da83286b1cce702)
Start importing Assets/UnityTechnologies/ParticlePack/EffectExamples/Magic Effects/Textures/IceCurvature.tif using Guid(8bd3845bbbeebd04b8a19ee995137147) Importer(2089858483,192608db42251d675da83286b1cce702) (ScriptedImporter) -> (artifact id: 'dadb790e204ef55433d24463affe8211') in 0.0618968 seconds
Number of updated asset objects reloaded before import = 0Number of asset objects unloaded after import = 1

========================================================================
Received Import Request.
  Time since last request: 0.000033 seconds.
  path: Assets/UnityTechnologies/ParticlePack/EffectExamples/Smoke & Steam Effects/Materials/GroundFog.mat
  artifactKey: Guid(f96090edaea7c564c80586f4385918fd) Importer(2089858483,192608db42251d675da83286b1cce702)
Start importing Assets/UnityTechnologies/ParticlePack/EffectExamples/Smoke & Steam Effects/Materials/GroundFog.mat using Guid(f96090edaea7c564c80586f4385918fd) Importer(2089858483,192608db42251d675da83286b1cce702) (ScriptedImporter) -> (artifact id: '6c2f9c8bf866b0de005e8df0a64777d3') in 0.0581212 seconds
Number of updated asset objects reloaded before import = 0Number of asset objects unloaded after import = 3

========================================================================
Received Import Request.
  Time since last request: 0.000034 seconds.
  path: Assets/UnityTechnologies/ParticlePack/Shared
  artifactKey: Guid(d20707e94d6582c4bb82c70bda7918f0) Importer(2089858483,192608db42251d675da83286b1cce702)
Start importing Assets/UnityTechnologies/ParticlePack/Shared using Guid(d20707e94d6582c4bb82c70bda7918f0) Importer(2089858483,192608db42251d675da83286b1cce702) (ScriptedImporter) -> (artifact id: '584f13a434fd78e9a0dcbbc8926e39ae') in 0.0143403 seconds
Number of updated asset objects reloaded before import = 0Number of asset objects unloaded after import = 1

========================================================================
Received Import Request.
  Time since last request: 0.000157 seconds.
  path: Assets/UnityTechnologies/ParticlePack/EffectExamples/Misc Effects
  artifactKey: Guid(7dd5994c11ccf45c3b64748c6a871d80) Importer(2089858483,192608db42251d675da83286b1cce702)
Start importing Assets/UnityTechnologies/ParticlePack/EffectExamples/Misc Effects using Guid(7dd5994c11ccf45c3b64748c6a871d80) Importer(2089858483,192608db42251d675da83286b1cce702) (ScriptedImporter) -> (artifact id: '6290d82bcc8b1174caa3094ffc72b162') in 0.0103538 seconds
Number of updated asset objects reloaded before import = 0Number of asset objects unloaded after import = 1

========================================================================
Received Import Request.
  Time since last request: 0.000027 seconds.
  path: Assets/UnityTechnologies/ParticlePack/EffectExamples/Smoke & Steam Effects/Textures/smokeysteam.tif
  artifactKey: Guid(76e25da1cefc7f446bcc43a70fb13a0f) Importer(2089858483,192608db42251d675da83286b1cce702)
Start importing Assets/UnityTechnologies/ParticlePack/EffectExamples/Smoke & Steam Effects/Textures/smokeysteam.tif using Guid(76e25da1cefc7f446bcc43a70fb13a0f) Importer(2089858483,192608db42251d675da83286b1cce702) (ScriptedImporter) -> (artifact id: 'bbe9cc5b72b2d448d960611604f6d437') in 0.0362494 seconds
Number of updated asset objects reloaded before import = 0Number of asset objects unloaded after import = 1

========================================================================
Received Import Request.
  Time since last request: 0.000030 seconds.
  path: Assets/Spoiled Unknown/XtremeFPS/Weapon/Effects/Textures/StreamNormal.tif
  artifactKey: Guid(dbf5fd5c04eedf2418e86c377cf5b95b) Importer(2089858483,192608db42251d675da83286b1cce702)
Start importing Assets/Spoiled Unknown/XtremeFPS/Weapon/Effects/Textures/StreamNormal.tif using Guid(dbf5fd5c04eedf2418e86c377cf5b95b) Importer(2089858483,192608db42251d675da83286b1cce702) (ScriptedImporter) -> (artifact id: '0303cc6ecfe41d7a48fcf829ea8eef67') in 0.0353823 seconds
Number of updated asset objects reloaded before import = 0Number of asset objects unloaded after import = 1

========================================================================
Received Import Request.
  Time since last request: 0.000031 seconds.
  path: Assets/UnityTechnologies/ParticlePack/EffectExamples/Magic Effects/Textures/RockNormal.tga
  artifactKey: Guid(ceb93779c4493e346946ea2579d51f74) Importer(2089858483,192608db42251d675da83286b1cce702)
Start importing Assets/UnityTechnologies/ParticlePack/EffectExamples/Magic Effects/Textures/RockNormal.tga using Guid(ceb93779c4493e346946ea2579d51f74) Importer(2089858483,192608db42251d675da83286b1cce702) (ScriptedImporter) -> (artifact id: '85a8c55b54024b96a501d490fe2e99a1') in 0.032891 seconds
Number of updated asset objects reloaded before import = 0Number of asset objects unloaded after import = 1

========================================================================
Received Import Request.
  Time since last request: 0.000088 seconds.
  path: Assets/TextMesh Pro/Resources/Style Sheets/Default Style Sheet.asset
  artifactKey: Guid(f952c082cb03451daed3ee968ac6c63e) Importer(2089858483,192608db42251d675da83286b1cce702)
Start importing Assets/TextMesh Pro/Resources/Style Sheets/Default Style Sheet.asset using Guid(f952c082cb03451daed3ee968ac6c63e) Importer(2089858483,192608db42251d675da83286b1cce702) (ScriptedImporter) -> (artifact id: '74d53fc283215b3ea0c33cf462ee0e40') in 0.0166792 seconds
Number of updated asset objects reloaded before import = 0Number of asset objects unloaded after import = 1

========================================================================
Received Import Request.
  Time since last request: 0.000046 seconds.
  path: Assets/UnityTechnologies/ParticlePack/EffectExamples/Magic Effects/Prefabs/IceLance.prefab
  artifactKey: Guid(1a1c02facd51d87458dcaa3a761e2c03) Importer(2089858483,192608db42251d675da83286b1cce702)
Start importing Assets/UnityTechnologies/ParticlePack/EffectExamples/Magic Effects/Prefabs/IceLance.prefab using Guid(1a1c02facd51d87458dcaa3a761e2c03) Importer(2089858483,192608db42251d675da83286b1cce702) (ScriptedImporter) -> (artifact id: 'a44e569856dc533feeecabff0bbe5636') in 0.1410513 seconds
Number of updated asset objects reloaded before import = 0Number of asset objects unloaded after import = 24

========================================================================
Received Import Request.
  Time since last request: 0.000030 seconds.
  path: Assets/UnityTechnologies/ParticlePack/EffectExamples/Water Effects/Textures/RippleNormal.tif
  artifactKey: Guid(b31676a3103837945920ebc3cff4e14e) Importer(2089858483,192608db42251d675da83286b1cce702)
Start importing Assets/UnityTechnologies/ParticlePack/EffectExamples/Water Effects/Textures/RippleNormal.tif using Guid(b31676a3103837945920ebc3cff4e14e) Importer(2089858483,192608db42251d675da83286b1cce702) (ScriptedImporter) -> (artifact id: '54219de0b2e7093e02d7bb9861122cf5') in 0.0294588 seconds
Number of updated asset objects reloaded before import = 0Number of asset objects unloaded after import = 1

========================================================================
Received Import Request.
  Time since last request: 0.000037 seconds.
  path: Assets/UnityTechnologies/ParticlePack/EffectExamples/Misc Effects/Models/Ellen.fbx
  artifactKey: Guid(b1d76b05add46f44292ade654065b4c7) Importer(2089858483,192608db42251d675da83286b1cce702)
Start importing Assets/UnityTechnologies/ParticlePack/EffectExamples/Misc Effects/Models/Ellen.fbx using Guid(b1d76b05add46f44292ade654065b4c7) Importer(2089858483,192608db42251d675da83286b1cce702) (ScriptedImporter) -> (artifact id: '6dceb5fff7c0faf8b6b7093c5ada116e') in 0.0766696 seconds
Number of updated asset objects reloaded before import = 0Number of asset objects unloaded after import = 225

========================================================================
Received Import Request.
  Time since last request: 0.000029 seconds.
  path: Assets/UnityTechnologies/ParticlePack/EffectExamples/Smoke & Steam Effects/Prefabs/RisingSteam.prefab
  artifactKey: Guid(efe021d4c307b5449b8121d46791cf95) Importer(2089858483,192608db42251d675da83286b1cce702)
Start importing Assets/UnityTechnologies/ParticlePack/EffectExamples/Smoke & Steam Effects/Prefabs/RisingSteam.prefab using Guid(efe021d4c307b5449b8121d46791cf95) Importer(2089858483,192608db42251d675da83286b1cce702) (ScriptedImporter) -> (artifact id: '93c513daafffe2f4a80fb81a23fd4af9') in 0.0451187 seconds
Number of updated asset objects reloaded before import = 0Number of asset objects unloaded after import = 6

========================================================================
Received Import Request.
  Time since last request: 0.000028 seconds.
  path: Assets/UnityTechnologies/ParticlePack/EffectExamples/Magic Effects/Textures/DustPuffSmall.png
  artifactKey: Guid(a547fca3b7d596c4d9bcb07a747ec5ee) Importer(2089858483,192608db42251d675da83286b1cce702)
Start importing Assets/UnityTechnologies/ParticlePack/EffectExamples/Magic Effects/Textures/DustPuffSmall.png using Guid(a547fca3b7d596c4d9bcb07a747ec5ee) Importer(2089858483,192608db42251d675da83286b1cce702) (ScriptedImporter) -> (artifact id: 'a66da24f9a9914f50954e9831ba79a3c') in 0.0444227 seconds
Number of updated asset objects reloaded before import = 0Number of asset objects unloaded after import = 6

========================================================================
Received Import Request.
  Time since last request: 0.000051 seconds.
  path: Assets/UnityTechnologies/ParticlePack/EffectExamples/Weapon Effects/Materials/TinyStonesParticle.mat
  artifactKey: Guid(4ac7c4f70dacbc742a33d842cebc2157) Importer(2089858483,192608db42251d675da83286b1cce702)
Start importing Assets/UnityTechnologies/ParticlePack/EffectExamples/Weapon Effects/Materials/TinyStonesParticle.mat using Guid(4ac7c4f70dacbc742a33d842cebc2157) Importer(2089858483,192608db42251d675da83286b1cce702) (ScriptedImporter) -> (artifact id: '84a394070d55c165c7b59e745b2a0138') in 0.0351895 seconds
Number of updated asset objects reloaded before import = 0Number of asset objects unloaded after import = 3

========================================================================
Received Import Request.
  Time since last request: 0.000044 seconds.
  path: Assets/UnityTechnologies/ParticlePack/Shared/Environment/Materials/Light.mat
  artifactKey: Guid(47fbc90daa91ab541984ebd9f72db2d4) Importer(2089858483,192608db42251d675da83286b1cce702)
Start importing Assets/UnityTechnologies/ParticlePack/Shared/Environment/Materials/Light.mat using Guid(47fbc90daa91ab541984ebd9f72db2d4) Importer(2089858483,192608db42251d675da83286b1cce702) (ScriptedImporter) -> (artifact id: '7bd4da758b9c58ea7a38eb3a5d5c6f83') in 0.0198933 seconds
Number of updated asset objects reloaded before import = 0Number of asset objects unloaded after import = 1

========================================================================
Received Import Request.
  Time since last request: 0.000028 seconds.
  path: Assets/Spoiled Unknown/XtremeFPS/Weapon/Effects/Textures/WoodBulletHoleAlbedo.tif
  artifactKey: Guid(4c5f9569d875837419e6fb548cd8ad42) Importer(2089858483,192608db42251d675da83286b1cce702)
Start importing Assets/Spoiled Unknown/XtremeFPS/Weapon/Effects/Textures/WoodBulletHoleAlbedo.tif using Guid(4c5f9569d875837419e6fb548cd8ad42) Importer(2089858483,192608db42251d675da83286b1cce702) (ScriptedImporter) -> (artifact id: '57b18a932a3c63b9dcfef63fae2912d0') in 0.027142 seconds
Number of updated asset objects reloaded before import = 0Number of asset objects unloaded after import = 1

========================================================================
Received Import Request.
  Time since last request: 0.000061 seconds.
  path: Assets/UnityTechnologies/ParticlePack/EffectExamples/Fire & Explosion Effects/Textures/SmokePuff02.png
  artifactKey: Guid(d3c9883e2f0eef44f9241b6f8428f9fc) Importer(2089858483,192608db42251d675da83286b1cce702)
Start importing Assets/UnityTechnologies/ParticlePack/EffectExamples/Fire & Explosion Effects/Textures/SmokePuff02.png using Guid(d3c9883e2f0eef44f9241b6f8428f9fc) Importer(2089858483,192608db42251d675da83286b1cce702) (ScriptedImporter) -> (artifact id: '8d47e6e95dfb04a8be1e5c2d9493cb53') in 0.0336054 seconds
Number of updated asset objects reloaded before import = 0Number of asset objects unloaded after import = 1

========================================================================
Received Import Request.
  Time since last request: 0.000038 seconds.
  path: Assets/UnityTechnologies/ParticlePack/EffectExamples/Goop Effects/Textures/GoopStreamAlbedo.tif
  artifactKey: Guid(1a55072e908ebe74e962a97efbc17416) Importer(2089858483,192608db42251d675da83286b1cce702)
Start importing Assets/UnityTechnologies/ParticlePack/EffectExamples/Goop Effects/Textures/GoopStreamAlbedo.tif using Guid(1a55072e908ebe74e962a97efbc17416) Importer(2089858483,192608db42251d675da83286b1cce702) (ScriptedImporter) -> (artifact id: '2805bd0a823a7c88542d5b0221b3279e') in 0.0284036 seconds
Number of updated asset objects reloaded before import = 0Number of asset objects unloaded after import = 1

========================================================================
Received Import Request.
  Time since last request: 0.000034 seconds.
  path: Assets/UnityTechnologies/ParticlePack/EffectExamples/Fire & Explosion Effects/Textures/ExplosionEmission.tif
  artifactKey: Guid(05db667749fd79541b026bff39d94a66) Importer(2089858483,192608db42251d675da83286b1cce702)
Start importing Assets/UnityTechnologies/ParticlePack/EffectExamples/Fire & Explosion Effects/Textures/ExplosionEmission.tif using Guid(05db667749fd79541b026bff39d94a66) Importer(2089858483,192608db42251d675da83286b1cce702) (ScriptedImporter) -> (artifact id: '03a6a234ffca73cb93ea7a8121e53621') in 0.0292121 seconds
Number of updated asset objects reloaded before import = 0Number of asset objects unloaded after import = 1

========================================================================
Received Import Request.
  Time since last request: 0.000038 seconds.
  path: Assets/TextMesh Pro/Resources/Sprite Assets/EmojiOne.asset
  artifactKey: Guid(c41005c129ba4d66911b75229fd70b45) Importer(2089858483,192608db42251d675da83286b1cce702)
Start importing Assets/TextMesh Pro/Resources/Sprite Assets/EmojiOne.asset using Guid(c41005c129ba4d66911b75229fd70b45) Importer(2089858483,192608db42251d675da83286b1cce702) (ScriptedImporter) -> (artifact id: '95de65b823087cc52a62c05cc15e9e82') in 0.0209047 seconds
Number of updated asset objects reloaded before import = 0Number of asset objects unloaded after import = 3

========================================================================
Received Import Request.
  Time since last request: 0.000024 seconds.
  path: Assets/UnityTechnologies/ParticlePack/Shared/Ramps/Runtime
  artifactKey: Guid(043362eb87bb040648a7d956a077ae26) Importer(2089858483,192608db42251d675da83286b1cce702)
Start importing Assets/UnityTechnologies/ParticlePack/Shared/Ramps/Runtime using Guid(043362eb87bb040648a7d956a077ae26) Importer(2089858483,192608db42251d675da83286b1cce702) (ScriptedImporter) -> (artifact id: '8d8e91352d29778b0bc9ec70ce7e61c5') in 0.0128101 seconds
Number of updated asset objects reloaded before import = 0Number of asset objects unloaded after import = 1

========================================================================
Received Import Request.
  Time since last request: 0.000027 seconds.
  path: Assets/UnityTechnologies/ParticlePack/EffectExamples/Misc Effects/Textures/SmokeySteam.tif
  artifactKey: Guid(e983aba8ca13b244893617f34e99d00b) Importer(2089858483,192608db42251d675da83286b1cce702)
Start importing Assets/UnityTechnologies/ParticlePack/EffectExamples/Misc Effects/Textures/SmokeySteam.tif using Guid(e983aba8ca13b244893617f34e99d00b) Importer(2089858483,192608db42251d675da83286b1cce702) (ScriptedImporter) -> (artifact id: 'ef6bb11346e4dfeedb59da876801f632') in 0.0410538 seconds
Number of updated asset objects reloaded before import = 0Number of asset objects unloaded after import = 1

========================================================================
Received Import Request.
  Time since last request: 0.000030 seconds.
  path: Assets/UnityTechnologies/ParticlePack/Scenes/Main Scene with Legacy Particles/ReflectionProbe-8.exr
  artifactKey: Guid(a992f7e0d9c88e440aadebfe20f6e7af) Importer(2089858483,192608db42251d675da83286b1cce702)
Start importing Assets/UnityTechnologies/ParticlePack/Scenes/Main Scene with Legacy Particles/ReflectionProbe-8.exr using Guid(a992f7e0d9c88e440aadebfe20f6e7af) Importer(2089858483,192608db42251d675da83286b1cce702) (ScriptedImporter) -> (artifact id: 'c0ac725e98f188a8241054a6966a5473') in 0.0284901 seconds
Number of updated asset objects reloaded before import = 0Number of asset objects unloaded after import = 1

========================================================================
Received Import Request.
  Time since last request: 0.000030 seconds.
  path: Assets/UnityTechnologies/ParticlePack/EffectExamples/Smoke & Steam Effects/Textures/wispySmoke.tif
  artifactKey: Guid(b96c69e599825d84e985962673d1679c) Importer(2089858483,192608db42251d675da83286b1cce702)
Start importing Assets/UnityTechnologies/ParticlePack/EffectExamples/Smoke & Steam Effects/Textures/wispySmoke.tif using Guid(b96c69e599825d84e985962673d1679c) Importer(2089858483,192608db42251d675da83286b1cce702) (ScriptedImporter) -> (artifact id: '97b854a44ebc22c4a801b64f3b7449ec') in 0.0531588 seconds
Number of updated asset objects reloaded before import = 0Number of asset objects unloaded after import = 1

========================================================================
Received Import Request.
  Time since last request: 0.000049 seconds.
  path: Assets/UnityTechnologies/ParticlePack/EffectExamples/Magic Effects/Models/RockDebris.FBX
  artifactKey: Guid(88b9906b4442aa2448a9379fa0d1b987) Importer(2089858483,192608db42251d675da83286b1cce702)
Start importing Assets/UnityTechnologies/ParticlePack/EffectExamples/Magic Effects/Models/RockDebris.FBX using Guid(88b9906b4442aa2448a9379fa0d1b987) Importer(2089858483,192608db42251d675da83286b1cce702) (ScriptedImporter) -> (artifact id: '24faa8ed4033aadb148e01657dd9c633') in 0.0336717 seconds
Number of updated asset objects reloaded before import = 0Number of asset objects unloaded after import = 7

========================================================================
Received Import Request.
  Time since last request: 0.000024 seconds.
  path: Assets/UnityTechnologies/ParticlePack/EffectExamples/Magic Effects/Textures/Fireball.tif
  artifactKey: Guid(c4fffbf9a10f3d64f978d4912150f3f1) Importer(2089858483,192608db42251d675da83286b1cce702)
Start importing Assets/UnityTechnologies/ParticlePack/EffectExamples/Magic Effects/Textures/Fireball.tif using Guid(c4fffbf9a10f3d64f978d4912150f3f1) Importer(2089858483,192608db42251d675da83286b1cce702) (ScriptedImporter) -> (artifact id: '91ee6be4f1aacebc6699c187559710f4') in 0.0475639 seconds
Number of updated asset objects reloaded before import = 0Number of asset objects unloaded after import = 1

========================================================================
Received Import Request.
  Time since last request: 0.000029 seconds.
  path: Assets/UnityTechnologies/ParticlePack/EffectExamples/Misc Effects/Textures/DissolveChunks.tif
  artifactKey: Guid(fde6fc28f8943fd4aa8bf43327cd0fc0) Importer(2089858483,192608db42251d675da83286b1cce702)
Start importing Assets/UnityTechnologies/ParticlePack/EffectExamples/Misc Effects/Textures/DissolveChunks.tif using Guid(fde6fc28f8943fd4aa8bf43327cd0fc0) Importer(2089858483,192608db42251d675da83286b1cce702) (ScriptedImporter) -> (artifact id: '340a8a0161dcc56ed9ae9354010f6b8c') in 0.0335304 seconds
Number of updated asset objects reloaded before import = 0Number of asset objects unloaded after import = 1

========================================================================
Received Import Request.
  Time since last request: 0.000035 seconds.
  path: Assets/TextMesh Pro/Resources/Sprite Assets
  artifactKey: Guid(512a49d95c0c4332bdd98131869c23c9) Importer(2089858483,192608db42251d675da83286b1cce702)
Start importing Assets/TextMesh Pro/Resources/Sprite Assets using Guid(512a49d95c0c4332bdd98131869c23c9) Importer(2089858483,192608db42251d675da83286b1cce702) (ScriptedImporter) -> (artifact id: '4f96255b8612be8f806b241cb576fdae') in 0.0134682 seconds
Number of updated asset objects reloaded before import = 0Number of asset objects unloaded after import = 1

========================================================================
Received Import Request.
  Time since last request: 0.000033 seconds.
  path: Assets/UnityTechnologies/ParticlePack/EffectExamples/Fire & Explosion Effects/Prefabs/FireBall.prefab
  artifactKey: Guid(a990e3ac1318b834488c784d851f42a9) Importer(2089858483,192608db42251d675da83286b1cce702)
Start importing Assets/UnityTechnologies/ParticlePack/EffectExamples/Fire & Explosion Effects/Prefabs/FireBall.prefab using Guid(a990e3ac1318b834488c784d851f42a9) Importer(2089858483,192608db42251d675da83286b1cce702) (ScriptedImporter) -> (artifact id: '4f56c0295c6d4d15f2ba393ad5697242') in 0.0503784 seconds
Number of updated asset objects reloaded before import = 0Number of asset objects unloaded after import = 10

========================================================================
Received Import Request.
  Time since last request: 0.000034 seconds.
  path: Assets/UnityTechnologies/ParticlePack/Scenes/Main Scene with Legacy Particles/Lightmap-1_comp_light.exr
  artifactKey: Guid(42365006bc39253438eea408030c887f) Importer(2089858483,192608db42251d675da83286b1cce702)
Start importing Assets/UnityTechnologies/ParticlePack/Scenes/Main Scene with Legacy Particles/Lightmap-1_comp_light.exr using Guid(42365006bc39253438eea408030c887f) Importer(2089858483,192608db42251d675da83286b1cce702) (ScriptedImporter) -> (artifact id: 'c4c8548eb11d5d468a4d73a23af2db06') in 0.0326129 seconds
Number of updated asset objects reloaded before import = 0Number of asset objects unloaded after import = 1

========================================================================
Received Import Request.
  Time since last request: 0.000023 seconds.
  path: Assets/UnityTechnologies/ParticlePack/EffectExamples/Water Effects/Textures/SplatAlbedo.tif
  artifactKey: Guid(c996b36d1e7f97a41836e819231fc9cf) Importer(2089858483,192608db42251d675da83286b1cce702)
Start importing Assets/UnityTechnologies/ParticlePack/EffectExamples/Water Effects/Textures/SplatAlbedo.tif using Guid(c996b36d1e7f97a41836e819231fc9cf) Importer(2089858483,192608db42251d675da83286b1cce702) (ScriptedImporter) -> (artifact id: '23dc2b657106674d26a45fe412291420') in 0.0285853 seconds
Number of updated asset objects reloaded before import = 0Number of asset objects unloaded after import = 1

========================================================================
Received Import Request.
  Time since last request: 0.000033 seconds.
  path: Assets/UnityTechnologies/ParticlePack/EffectExamples/Misc Effects/Textures/DustMote.png
  artifactKey: Guid(394e93ce356b57344903a08ff72fcab2) Importer(2089858483,192608db42251d675da83286b1cce702)
Start importing Assets/UnityTechnologies/ParticlePack/EffectExamples/Misc Effects/Textures/DustMote.png using Guid(394e93ce356b57344903a08ff72fcab2) Importer(2089858483,192608db42251d675da83286b1cce702) (ScriptedImporter) -> (artifact id: 'db1a43dbafdc27c459b2939edcbc0552') in 0.0272733 seconds
Number of updated asset objects reloaded before import = 0Number of asset objects unloaded after import = 3

========================================================================
Received Import Request.
  Time since last request: 0.000042 seconds.
  path: Assets/UnityTechnologies/ParticlePack/EffectExamples/Smoke & Steam Effects/Textures/WispySmokeNormal.tif
  artifactKey: Guid(b7e9b138ba248a44f957941f56c3b0d4) Importer(2089858483,192608db42251d675da83286b1cce702)
Start importing Assets/UnityTechnologies/ParticlePack/EffectExamples/Smoke & Steam Effects/Textures/WispySmokeNormal.tif using Guid(b7e9b138ba248a44f957941f56c3b0d4) Importer(2089858483,192608db42251d675da83286b1cce702) (ScriptedImporter) -> (artifact id: '22190cac77b1065746a4ebbd0ec04da9') in 0.0290449 seconds
Number of updated asset objects reloaded before import = 0Number of asset objects unloaded after import = 1

========================================================================
Received Import Request.
  Time since last request: 0.000029 seconds.
  path: Assets/UnityTechnologies/ParticlePack/EffectExamples/Goop Effects/Textures
  artifactKey: Guid(23bb7a7336d9d9240bb5a3524b46c422) Importer(2089858483,192608db42251d675da83286b1cce702)
Start importing Assets/UnityTechnologies/ParticlePack/EffectExamples/Goop Effects/Textures using Guid(23bb7a7336d9d9240bb5a3524b46c422) Importer(2089858483,192608db42251d675da83286b1cce702) (ScriptedImporter) -> (artifact id: '4191322212deea6c560badaee566bbb5') in 0.0134383 seconds
Number of updated asset objects reloaded before import = 0Number of asset objects unloaded after import = 1

========================================================================
Received Import Request.
  Time since last request: 0.000048 seconds.
  path: Assets/UnityTechnologies/ParticlePack/EffectExamples/Misc Effects/Textures/Clouds02.png
  artifactKey: Guid(10e6d20e5da49754d91b6b0df552caa1) Importer(2089858483,192608db42251d675da83286b1cce702)
Start importing Assets/UnityTechnologies/ParticlePack/EffectExamples/Misc Effects/Textures/Clouds02.png using Guid(10e6d20e5da49754d91b6b0df552caa1) Importer(2089858483,192608db42251d675da83286b1cce702) (ScriptedImporter) -> (artifact id: '5152914526234cfa40850d7832e5c2b5') in 0.0185631 seconds
Number of updated asset objects reloaded before import = 0Number of asset objects unloaded after import = 1

========================================================================
Received Import Request.
  Time since last request: 0.000036 seconds.
  path: Assets/TutorialInfo/Scripts/Readme.cs
  artifactKey: Guid(fcf7219bab7fe46a1ad266029b2fee19) Importer(2089858483,192608db42251d675da83286b1cce702)
Start importing Assets/TutorialInfo/Scripts/Readme.cs using Guid(fcf7219bab7fe46a1ad266029b2fee19) Importer(2089858483,192608db42251d675da83286b1cce702) (ScriptedImporter) -> (artifact id: 'f82a299efa4a08638815b6fef3a6fd9b') in 0.0236873 seconds
Number of updated asset objects reloaded before import = 0Number of asset objects unloaded after import = 1

========================================================================
Received Import Request.
  Time since last request: 0.000100 seconds.
  path: Assets/UnityTechnologies/ParticlePack/EffectExamples/Fire & Explosion Effects/Materials/MediumFlame02.mat
  artifactKey: Guid(aa233f4c021449540865a6be1af7b157) Importer(2089858483,192608db42251d675da83286b1cce702)
Start importing Assets/UnityTechnologies/ParticlePack/EffectExamples/Fire & Explosion Effects/Materials/MediumFlame02.mat using Guid(aa233f4c021449540865a6be1af7b157) Importer(2089858483,192608db42251d675da83286b1cce702) (ScriptedImporter) -> (artifact id: '0254453060193aeb2171a695a27af273') in 0.0321434 seconds
Number of updated asset objects reloaded before import = 0Number of asset objects unloaded after import = 2

========================================================================
Received Import Request.
  Time since last request: 0.000072 seconds.
  path: Assets/Spoiled Unknown/XtremeFPS/Weapon/Effects/Prefabs/WoodImpacts.prefab
  artifactKey: Guid(3c0b5f221ea995442b9d11dc526de1c0) Importer(2089858483,192608db42251d675da83286b1cce702)
Start importing Assets/Spoiled Unknown/XtremeFPS/Weapon/Effects/Prefabs/WoodImpacts.prefab using Guid(3c0b5f221ea995442b9d11dc526de1c0) Importer(2089858483,192608db42251d675da83286b1cce702) (ScriptedImporter) -> (artifact id: '9326dfa5f8d4e9f72721e3333cfc5136') in 0.0430849 seconds
Number of updated asset objects reloaded before import = 0Number of asset objects unloaded after import = 23

========================================================================
Received Import Request.
  Time since last request: 0.000030 seconds.
  path: Assets/UnityTechnologies/ParticlePack/EffectExamples/Misc Effects/Textures/HexagonPattern_Albedo.tif
  artifactKey: Guid(948d2e12a2c14394f887f238af982794) Importer(2089858483,192608db42251d675da83286b1cce702)
Start importing Assets/UnityTechnologies/ParticlePack/EffectExamples/Misc Effects/Textures/HexagonPattern_Albedo.tif using Guid(948d2e12a2c14394f887f238af982794) Importer(2089858483,192608db42251d675da83286b1cce702) (ScriptedImporter) -> (artifact id: '82c698fa9d01a2dfbf851125ed73cd4f') in 0.0250459 seconds
Number of updated asset objects reloaded before import = 0Number of asset objects unloaded after import = 1

========================================================================
Received Import Request.
  Time since last request: 0.000076 seconds.
  path: Assets/UnityTechnologies/ParticlePack/EffectExamples/Smoke & Steam Effects/Textures/Flame01.tif
  artifactKey: Guid(e2580e97efd2aa34580ef00fbec9a2d4) Importer(2089858483,192608db42251d675da83286b1cce702)
Start importing Assets/UnityTechnologies/ParticlePack/EffectExamples/Smoke & Steam Effects/Textures/Flame01.tif using Guid(e2580e97efd2aa34580ef00fbec9a2d4) Importer(2089858483,192608db42251d675da83286b1cce702) (ScriptedImporter) -> (artifact id: '7c22ee281b2e3ac4d89be792db0b8e54') in 0.0295462 seconds
Number of updated asset objects reloaded before import = 0Number of asset objects unloaded after import = 1

========================================================================
Received Import Request.
  Time since last request: 0.000033 seconds.
  path: Assets/UnityTechnologies/ParticlePack/EffectExamples/Magic Effects/Textures/EarthCrackNormal.tif
  artifactKey: Guid(8af32bd080d13b44d8045a88019902ed) Importer(2089858483,192608db42251d675da83286b1cce702)
Start importing Assets/UnityTechnologies/ParticlePack/EffectExamples/Magic Effects/Textures/EarthCrackNormal.tif using Guid(8af32bd080d13b44d8045a88019902ed) Importer(2089858483,192608db42251d675da83286b1cce702) (ScriptedImporter) -> (artifact id: 'c313c0a1ea46bca4aec7174b14bb9b09') in 0.0312225 seconds
Number of updated asset objects reloaded before import = 0Number of asset objects unloaded after import = 1

========================================================================
Received Import Request.
  Time since last request: 0.000062 seconds.
  path: Assets/UnityTechnologies/ParticlePack/EffectExamples/Smoke & Steam Effects/Materials/Twinkle.mat
  artifactKey: Guid(8765829b4c1b820409385ae53384fb25) Importer(2089858483,192608db42251d675da83286b1cce702)
Start importing Assets/UnityTechnologies/ParticlePack/EffectExamples/Smoke & Steam Effects/Materials/Twinkle.mat using Guid(8765829b4c1b820409385ae53384fb25) Importer(2089858483,192608db42251d675da83286b1cce702) (ScriptedImporter) -> (artifact id: '9d0604015a8c9c98b862cbbd3c2756e6') in 0.0232268 seconds
Number of updated asset objects reloaded before import = 0Number of asset objects unloaded after import = 2

========================================================================
Received Import Request.
  Time since last request: 0.000037 seconds.
  path: Assets/UnityTechnologies/ParticlePack/EffectExamples/Misc Effects/Textures/Ramp01.png
  artifactKey: Guid(c07de05b9bda8f6409252857c36d7ed0) Importer(2089858483,192608db42251d675da83286b1cce702)
Start importing Assets/UnityTechnologies/ParticlePack/EffectExamples/Misc Effects/Textures/Ramp01.png using Guid(c07de05b9bda8f6409252857c36d7ed0) Importer(2089858483,192608db42251d675da83286b1cce702) (ScriptedImporter) -> (artifact id: '365cad4cda37e159abb7c83af9e32358') in 0.0309507 seconds
Number of updated asset objects reloaded before import = 0Number of asset objects unloaded after import = 1

========================================================================
Received Import Request.
  Time since last request: 0.000027 seconds.
  path: Assets/UnityTechnologies/ParticlePack/EffectExamples/Magic Effects/Textures/RocksAlbedo.tga
  artifactKey: Guid(99f701799de29b144b56bd497c187078) Importer(2089858483,192608db42251d675da83286b1cce702)
Start importing Assets/UnityTechnologies/ParticlePack/EffectExamples/Magic Effects/Textures/RocksAlbedo.tga using Guid(99f701799de29b144b56bd497c187078) Importer(2089858483,192608db42251d675da83286b1cce702) (ScriptedImporter) -> (artifact id: 'd71009bba7ffd0b3415b80aa7dad656f') in 0.0264177 seconds
Number of updated asset objects reloaded before import = 0Number of asset objects unloaded after import = 1

========================================================================
Received Import Request.
  Time since last request: 0.000041 seconds.
  path: Assets/UnityTechnologies/ParticlePack/EffectExamples/Misc Effects/Materials/FireFly.mat
  artifactKey: Guid(5471faebdbcc34e47baecfecda463063) Importer(2089858483,192608db42251d675da83286b1cce702)
Start importing Assets/UnityTechnologies/ParticlePack/EffectExamples/Misc Effects/Materials/FireFly.mat using Guid(5471faebdbcc34e47baecfecda463063) Importer(2089858483,192608db42251d675da83286b1cce702) (ScriptedImporter) -> (artifact id: '5e54a37501ee4e0bed26eed36460213e') in 0.0360467 seconds
Number of updated asset objects reloaded before import = 0Number of asset objects unloaded after import = 3

========================================================================
Received Import Request.
  Time since last request: 0.000025 seconds.
  path: Assets/UnityTechnologies/ParticlePack/Settings/Fast_PipelineAsset.asset
  artifactKey: Guid(07c5e02a9ca6ed64aa4914f4092626a0) Importer(2089858483,192608db42251d675da83286b1cce702)
Start importing Assets/UnityTechnologies/ParticlePack/Settings/Fast_PipelineAsset.asset using Guid(07c5e02a9ca6ed64aa4914f4092626a0) Importer(2089858483,192608db42251d675da83286b1cce702) (ScriptedImporter) -> (artifact id: 'b19c831eaadd5b65537fa84cafbc7f39') in 0.0817318 seconds
Number of updated asset objects reloaded before import = 0Number of asset objects unloaded after import = 2

========================================================================
Received Import Request.
  Time since last request: 0.000022 seconds.
  path: Assets/Spoiled Unknown/XtremeFPS/Scripts/Input System/Player Input Action.cs
  artifactKey: Guid(b22e0605bb738674dbc4451c7e10abf1) Importer(815301076,1909f56bfc062723c751e8b465ee728b)
Start importing Assets/Spoiled Unknown/XtremeFPS/Scripts/Input System/Player Input Action.cs using Guid(b22e0605bb738674dbc4451c7e10abf1) Importer(815301076,1909f56bfc062723c751e8b465ee728b) (PreviewImporter) -> (artifact id: 'ad3a30580db17fce270bb829bbc94d32') in 0.0008592 seconds
Number of updated asset objects reloaded before import = 0Number of asset objects unloaded after import = 0

========================================================================
Received Import Request.
  Time since last request: 0.000020 seconds.
  path: Assets/UnityTechnologies/ParticlePack/EffectExamples/Fire & Explosion Effects/Textures/LightningTrail.tif
  artifactKey: Guid(06e4a78c75e10c145a9156e32089ec9c) Importer(2089858483,192608db42251d675da83286b1cce702)
Start importing Assets/UnityTechnologies/ParticlePack/EffectExamples/Fire & Explosion Effects/Textures/LightningTrail.tif using Guid(06e4a78c75e10c145a9156e32089ec9c) Importer(2089858483,192608db42251d675da83286b1cce702) (ScriptedImporter) -> (artifact id: '49925509ac33440177bbbebb6e7b662e') in 0.0337482 seconds
Number of updated asset objects reloaded before import = 0Number of asset objects unloaded after import = 1

========================================================================
Received Import Request.
  Time since last request: 0.000028 seconds.
  path: Assets/UnityTechnologies/ParticlePack/EffectExamples/Fire & Explosion Effects/Materials/Embers.mat
  artifactKey: Guid(776677ab3818fb249adaca05f4e04545) Importer(2089858483,192608db42251d675da83286b1cce702)
Start importing Assets/UnityTechnologies/ParticlePack/EffectExamples/Fire & Explosion Effects/Materials/Embers.mat using Guid(776677ab3818fb249adaca05f4e04545) Importer(2089858483,192608db42251d675da83286b1cce702) (ScriptedImporter) -> (artifact id: '0ecba0d8a99608833450f32aa5908301') in 0.0175884 seconds
Number of updated asset objects reloaded before import = 0Number of asset objects unloaded after import = 1

========================================================================
Received Import Request.
  Time since last request: 0.000040 seconds.
  path: Assets/UnityTechnologies/ParticlePack/TutorialInfo/Icons/Help_Icon.png
  artifactKey: Guid(a186f8a87ca4f4d3aa864638ad5dfb65) Importer(2089858483,192608db42251d675da83286b1cce702)
Start importing Assets/UnityTechnologies/ParticlePack/TutorialInfo/Icons/Help_Icon.png using Guid(a186f8a87ca4f4d3aa864638ad5dfb65) Importer(2089858483,192608db42251d675da83286b1cce702) (ScriptedImporter) -> (artifact id: '90b780ad93fa0502e9418f903cc8f910') in 0.0306173 seconds
Number of updated asset objects reloaded before import = 0Number of asset objects unloaded after import = 1

========================================================================
Received Import Request.
  Time since last request: 0.000027 seconds.
  path: Assets/TextMesh Pro/Shaders/SDFFunctions.hlsl
  artifactKey: Guid(96de908384869cd409c75efa351d5edf) Importer(2089858483,192608db42251d675da83286b1cce702)
Start importing Assets/TextMesh Pro/Shaders/SDFFunctions.hlsl using Guid(96de908384869cd409c75efa351d5edf) Importer(2089858483,192608db42251d675da83286b1cce702) (ScriptedImporter) -> (artifact id: '90cdc7d3c46cbc801bb781180598c266') in 0.0256249 seconds
Number of updated asset objects reloaded before import = 0Number of asset objects unloaded after import = 1

========================================================================
Received Import Request.
  Time since last request: 0.000031 seconds.
  path: Assets/UnityTechnologies/ParticlePack/EffectExamples/Magic Effects/Prefabs
  artifactKey: Guid(889678cc39b43cc4dbde2bce5a82f2d4) Importer(2089858483,192608db42251d675da83286b1cce702)
Start importing Assets/UnityTechnologies/ParticlePack/EffectExamples/Magic Effects/Prefabs using Guid(889678cc39b43cc4dbde2bce5a82f2d4) Importer(2089858483,192608db42251d675da83286b1cce702) (ScriptedImporter) -> (artifact id: '5aff9c7881e65d5e4d7299c58b1e86c9') in 0.0150484 seconds
Number of updated asset objects reloaded before import = 0Number of asset objects unloaded after import = 1

========================================================================
Received Import Request.
  Time since last request: 0.000057 seconds.
  path: Assets/UnityTechnologies/ParticlePack/EffectExamples/Magic Effects/Shaders/Ice.shader
  artifactKey: Guid(f6a1776d52b856744ba06793c78b26fa) Importer(2089858483,192608db42251d675da83286b1cce702)
Start importing Assets/UnityTechnologies/ParticlePack/EffectExamples/Magic Effects/Shaders/Ice.shader using Guid(f6a1776d52b856744ba06793c78b26fa) Importer(2089858483,192608db42251d675da83286b1cce702) (ScriptedImporter) -> (artifact id: '54bf7db3e5a7ce02b0d7ae47739b8f51') in 0.032155 seconds
Number of updated asset objects reloaded before import = 0Number of asset objects unloaded after import = 1

========================================================================
Received Import Request.
  Time since last request: 0.000029 seconds.
  path: Assets/TextMesh Pro/Shaders/TMP_SDF-URP Unlit.shadergraph
  artifactKey: Guid(124c112a6e8f1a54e8b0870e881b56d8) Importer(2089858483,192608db42251d675da83286b1cce702)
Start importing Assets/TextMesh Pro/Shaders/TMP_SDF-URP Unlit.shadergraph using Guid(124c112a6e8f1a54e8b0870e881b56d8) Importer(2089858483,192608db42251d675da83286b1cce702) (ScriptedImporter) -> (artifact id: '8e46216a298aea4b550dc9a5f5e3c41e') in 0.0615093 seconds
Number of updated asset objects reloaded before import = 0Number of asset objects unloaded after import = 4

========================================================================
Received Import Request.
  Time since last request: 0.000037 seconds.
  path: Assets/UnityTechnologies/ParticlePack/EffectExamples/Weapon Effects
  artifactKey: Guid(f513de7f7a4253f4aa73fe3199aca97b) Importer(2089858483,192608db42251d675da83286b1cce702)
Start importing Assets/UnityTechnologies/ParticlePack/EffectExamples/Weapon Effects using Guid(f513de7f7a4253f4aa73fe3199aca97b) Importer(2089858483,192608db42251d675da83286b1cce702) (ScriptedImporter) -> (artifact id: 'f14810b296e3e5838d54c45b52229068') in 0.0118437 seconds
Number of updated asset objects reloaded before import = 0Number of asset objects unloaded after import = 1

========================================================================
Received Import Request.
  Time since last request: 0.000029 seconds.
  path: Assets/UnityTechnologies/ParticlePack/EffectExamples/Legacy Particles/Materials/WaterFallRipple.mat
  artifactKey: Guid(2f21038cc6b4e024a8cdae36a0e8e08c) Importer(2089858483,192608db42251d675da83286b1cce702)
Start importing Assets/UnityTechnologies/ParticlePack/EffectExamples/Legacy Particles/Materials/WaterFallRipple.mat using Guid(2f21038cc6b4e024a8cdae36a0e8e08c) Importer(2089858483,192608db42251d675da83286b1cce702) (ScriptedImporter) -> (artifact id: '0ea244a464bf2fb84b810bb7600f8e82') in 0.0325194 seconds
Number of updated asset objects reloaded before import = 0Number of asset objects unloaded after import = 4

========================================================================
Received Import Request.
  Time since last request: 0.000029 seconds.
  path: Assets/UnityTechnologies/ParticlePack/Scenes/Main Scene with Legacy Particles
  artifactKey: Guid(9182033d40fb67c479945f5f85a5a55b) Importer(2089858483,192608db42251d675da83286b1cce702)
Start importing Assets/UnityTechnologies/ParticlePack/Scenes/Main Scene with Legacy Particles using Guid(9182033d40fb67c479945f5f85a5a55b) Importer(2089858483,192608db42251d675da83286b1cce702) (ScriptedImporter) -> (artifact id: '09d8bf6169cc3bd952d86b8c96384c66') in 0.0118924 seconds
Number of updated asset objects reloaded before import = 0Number of asset objects unloaded after import = 1

========================================================================
Received Import Request.
  Time since last request: 0.000021 seconds.
  path: Assets/UnityTechnologies/ParticlePack/Shared/Environment/Textures/ConcreteFloor_Albedo.tif
  artifactKey: Guid(e24019282eaf5304c98b7b536af17317) Importer(2089858483,192608db42251d675da83286b1cce702)
Start importing Assets/UnityTechnologies/ParticlePack/Shared/Environment/Textures/ConcreteFloor_Albedo.tif using Guid(e24019282eaf5304c98b7b536af17317) Importer(2089858483,192608db42251d675da83286b1cce702) (ScriptedImporter) -> (artifact id: '259ef415ac4325703d81844be7ab73e7') in 0.0310751 seconds
Number of updated asset objects reloaded before import = 0Number of asset objects unloaded after import = 1

========================================================================
Received Import Request.
  Time since last request: 0.000037 seconds.
  path: Assets/UnityTechnologies/ParticlePack/EffectExamples/Magic Effects/Materials/RockDust.mat
  artifactKey: Guid(7f74562c360a75d468cce8ccff3d595f) Importer(2089858483,192608db42251d675da83286b1cce702)
Start importing Assets/UnityTechnologies/ParticlePack/EffectExamples/Magic Effects/Materials/RockDust.mat using Guid(7f74562c360a75d468cce8ccff3d595f) Importer(2089858483,192608db42251d675da83286b1cce702) (ScriptedImporter) -> (artifact id: '1abf1c5bf855605126d500e563a9b39e') in 0.0179408 seconds
Number of updated asset objects reloaded before import = 0Number of asset objects unloaded after import = 2

========================================================================
Received Import Request.
  Time since last request: 0.000025 seconds.
  path: Assets/TextMesh Pro/Resources/Fonts & Materials/LiberationSans SDF - Fallback.asset
  artifactKey: Guid(2e498d1c8094910479dc3e1b768306a4) Importer(2089858483,192608db42251d675da83286b1cce702)
Start importing Assets/TextMesh Pro/Resources/Fonts & Materials/LiberationSans SDF - Fallback.asset using Guid(2e498d1c8094910479dc3e1b768306a4) Importer(2089858483,192608db42251d675da83286b1cce702) (ScriptedImporter) -> (artifact id: '563e7425a6ae3cb55d7e8b3c95ead841') in 0.0411298 seconds
Number of updated asset objects reloaded before import = 0Number of asset objects unloaded after import = 5

========================================================================
Received Import Request.
  Time since last request: 0.000040 seconds.
  path: Assets/UnityTechnologies/ParticlePack/EffectExamples/Fire & Explosion Effects/Materials/Dust.mat
  artifactKey: Guid(53a63d52a4c231f4c8ef0f2bfc170425) Importer(2089858483,192608db42251d675da83286b1cce702)
Start importing Assets/UnityTechnologies/ParticlePack/EffectExamples/Fire & Explosion Effects/Materials/Dust.mat using Guid(53a63d52a4c231f4c8ef0f2bfc170425) Importer(2089858483,192608db42251d675da83286b1cce702) (ScriptedImporter) -> (artifact id: '3354b97e092b634582dfcd0b0374e5eb') in 0.0169664 seconds
Number of updated asset objects reloaded before import = 0Number of asset objects unloaded after import = 3

========================================================================
Received Import Request.
  Time since last request: 0.000048 seconds.
  path: Assets/UnityTechnologies/ParticlePack/EffectExamples/Magic Effects/Materials/Fireball.mat
  artifactKey: Guid(a74b8e4e831053c46943378279c70e96) Importer(2089858483,192608db42251d675da83286b1cce702)
Start importing Assets/UnityTechnologies/ParticlePack/EffectExamples/Magic Effects/Materials/Fireball.mat using Guid(a74b8e4e831053c46943378279c70e96) Importer(2089858483,192608db42251d675da83286b1cce702) (ScriptedImporter) -> (artifact id: '409bfcb8a4e2f09e96d02d5bbe677fc6') in 0.0298195 seconds
Number of updated asset objects reloaded before import = 0Number of asset objects unloaded after import = 3

========================================================================
Received Import Request.
  Time since last request: 0.000112 seconds.
  path: Assets/TextMesh Pro/Fonts
  artifactKey: Guid(6ab70aee4d56447429c680537fbf93ed) Importer(2089858483,192608db42251d675da83286b1cce702)
Start importing Assets/TextMesh Pro/Fonts using Guid(6ab70aee4d56447429c680537fbf93ed) Importer(2089858483,192608db42251d675da83286b1cce702) (ScriptedImporter) -> (artifact id: '83848309da1f36f920d26c1439a4bd44') in 0.0138522 seconds
Number of updated asset objects reloaded before import = 0Number of asset objects unloaded after import = 1

========================================================================
Received Import Request.
  Time since last request: 0.000025 seconds.
  path: Assets/TextMesh Pro/Shaders/TMP_SDF-HDRP LIT.shadergraph
  artifactKey: Guid(ca2ed216f98028c4dae6c5224a952b3c) Importer(2089858483,192608db42251d675da83286b1cce702)
Start importing Assets/TextMesh Pro/Shaders/TMP_SDF-HDRP LIT.shadergraph using Guid(ca2ed216f98028c4dae6c5224a952b3c) Importer(2089858483,192608db42251d675da83286b1cce702) (ScriptedImporter) -> (artifact id: 'b58b2841104a39145d73df9a50e2a807') in 0.032032 seconds
Number of updated asset objects reloaded before import = 0Number of asset objects unloaded after import = 3

========================================================================
Received Import Request.
  Time since last request: 0.000081 seconds.
  path: Assets/UnityTechnologies/ParticlePack/EffectExamples/Misc Effects/Materials/SpawnTrail.mat
  artifactKey: Guid(412010f8efbc1f740980ed8276a16ddb) Importer(2089858483,192608db42251d675da83286b1cce702)
Start importing Assets/UnityTechnologies/ParticlePack/EffectExamples/Misc Effects/Materials/SpawnTrail.mat using Guid(412010f8efbc1f740980ed8276a16ddb) Importer(2089858483,192608db42251d675da83286b1cce702) (ScriptedImporter) -> (artifact id: '3811723c727dfbb9d3f13457280e2027') in 0.0167656 seconds
Number of updated asset objects reloaded before import = 0Number of asset objects unloaded after import = 2

========================================================================
Received Import Request.
  Time since last request: 0.000029 seconds.
  path: Assets/UnityTechnologies/ParticlePack/EffectExamples/Water Effects/Prefabs/BigSplash.prefab
  artifactKey: Guid(c1c88308ebb5d2541a282905b854ee4c) Importer(2089858483,192608db42251d675da83286b1cce702)
Start importing Assets/UnityTechnologies/ParticlePack/EffectExamples/Water Effects/Prefabs/BigSplash.prefab using Guid(c1c88308ebb5d2541a282905b854ee4c) Importer(2089858483,192608db42251d675da83286b1cce702) (ScriptedImporter) -> (artifact id: '0367f0f3fdb88f3b6646d3ec1e0b0fea') in 0.0637898 seconds
Number of updated asset objects reloaded before import = 0Number of asset objects unloaded after import = 19

========================================================================
Received Import Request.
  Time since last request: 0.000037 seconds.
  path: Assets/UnityTechnologies/ParticlePack/EffectExamples/Magic Effects/Textures/RocksSpecGloss.tga
  artifactKey: Guid(02deeccf62fee5e4e9a92d72eb2fd421) Importer(2089858483,192608db42251d675da83286b1cce702)
Start importing Assets/UnityTechnologies/ParticlePack/EffectExamples/Magic Effects/Textures/RocksSpecGloss.tga using Guid(02deeccf62fee5e4e9a92d72eb2fd421) Importer(2089858483,192608db42251d675da83286b1cce702) (ScriptedImporter) -> (artifact id: '561c75f1e4a66e5dfd9c7c3eadc02594') in 0.0301779 seconds
Number of updated asset objects reloaded before import = 0Number of asset objects unloaded after import = 1

========================================================================
Received Import Request.
  Time since last request: 0.000026 seconds.
  path: Assets/UnityTechnologies/ParticlePack/EffectExamples/Magic Effects/Shaders
  artifactKey: Guid(5f622116602a9954fa11fe2a940feddd) Importer(2089858483,192608db42251d675da83286b1cce702)
Start importing Assets/UnityTechnologies/ParticlePack/EffectExamples/Magic Effects/Shaders using Guid(5f622116602a9954fa11fe2a940feddd) Importer(2089858483,192608db42251d675da83286b1cce702) (ScriptedImporter) -> (artifact id: '4fb3f403e946811ab1fddb16a7aa27d3') in 0.0118199 seconds
Number of updated asset objects reloaded before import = 0Number of asset objects unloaded after import = 1

========================================================================
Received Import Request.
  Time since last request: 0.000029 seconds.
  path: Assets/UnityTechnologies/ParticlePack/EffectExamples/Misc Effects/Textures/SmokePuff.png
  artifactKey: Guid(c3d99af7c1318074daeb72b174531db1) Importer(2089858483,192608db42251d675da83286b1cce702)
Start importing Assets/UnityTechnologies/ParticlePack/EffectExamples/Misc Effects/Textures/SmokePuff.png using Guid(c3d99af7c1318074daeb72b174531db1) Importer(2089858483,192608db42251d675da83286b1cce702) (ScriptedImporter) -> (artifact id: '8861aac44432170182ee62decc808452') in 0.0351061 seconds
Number of updated asset objects reloaded before import = 0Number of asset objects unloaded after import = 1

========================================================================
Received Import Request.
  Time since last request: 0.000028 seconds.
  path: Assets/UnityTechnologies/ParticlePack/EffectExamples/Legacy Particles/Materials/ImpactSplashParticle.mat
  artifactKey: Guid(90c3f5183cf0f9d488b3821973c75c93) Importer(2089858483,192608db42251d675da83286b1cce702)
Start importing Assets/UnityTechnologies/ParticlePack/EffectExamples/Legacy Particles/Materials/ImpactSplashParticle.mat using Guid(90c3f5183cf0f9d488b3821973c75c93) Importer(2089858483,192608db42251d675da83286b1cce702) (ScriptedImporter) -> (artifact id: 'edb961a1541787097fba0f9f9432c6c2') in 0.0251811 seconds
Number of updated asset objects reloaded before import = 0Number of asset objects unloaded after import = 3

========================================================================
Received Import Request.
  Time since last request: 0.000028 seconds.
  path: Assets/UnityTechnologies/ParticlePack/EffectExamples/Misc Effects/Prefabs/ParticlesLight.prefab
  artifactKey: Guid(61a6b3a108030e54ba372fe7097916d0) Importer(2089858483,192608db42251d675da83286b1cce702)
Start importing Assets/UnityTechnologies/ParticlePack/EffectExamples/Misc Effects/Prefabs/ParticlesLight.prefab using Guid(61a6b3a108030e54ba372fe7097916d0) Importer(2089858483,192608db42251d675da83286b1cce702) (ScriptedImporter) -> (artifact id: 'e579279cfc7af8a40ca2dc118120dd0c') in 0.0430178 seconds
Number of updated asset objects reloaded before import = 0Number of asset objects unloaded after import = 6

========================================================================
Received Import Request.
  Time since last request: 0.000036 seconds.
  path: Assets/UnityTechnologies/ParticlePack/EffectExamples/Legacy Particles/Textures/WaterDropParticle.tif
  artifactKey: Guid(3735ed3a20c01874f9804d7e18416659) Importer(2089858483,192608db42251d675da83286b1cce702)
Start importing Assets/UnityTechnologies/ParticlePack/EffectExamples/Legacy Particles/Textures/WaterDropParticle.tif using Guid(3735ed3a20c01874f9804d7e18416659) Importer(2089858483,192608db42251d675da83286b1cce702) (ScriptedImporter) -> (artifact id: '70f6cbe68648d4c4ec254e06647ddf2e') in 0.0297132 seconds
Number of updated asset objects reloaded before import = 0Number of asset objects unloaded after import = 1

========================================================================
Received Import Request.
  Time since last request: 0.000021 seconds.
  path: Assets/UnityTechnologies/ParticlePack/EffectExamples/Magic Effects/Materials
  artifactKey: Guid(c02f45257cf2ee5498832b070d52373d) Importer(2089858483,192608db42251d675da83286b1cce702)
Start importing Assets/UnityTechnologies/ParticlePack/EffectExamples/Magic Effects/Materials using Guid(c02f45257cf2ee5498832b070d52373d) Importer(2089858483,192608db42251d675da83286b1cce702) (ScriptedImporter) -> (artifact id: '32d45a853ee8af4ce1b6a00bc1caf2d6') in 0.009605 seconds
Number of updated asset objects reloaded before import = 0Number of asset objects unloaded after import = 1

========================================================================
Received Import Request.
  Time since last request: 0.000027 seconds.
  path: Assets/UnityTechnologies/ParticlePack/EffectExamples/Weapon Effects/Materials/SandSurface.mat
  artifactKey: Guid(26bc8648a85c6b041a5d5b00ca61062b) Importer(2089858483,192608db42251d675da83286b1cce702)
Start importing Assets/UnityTechnologies/ParticlePack/EffectExamples/Weapon Effects/Materials/SandSurface.mat using Guid(26bc8648a85c6b041a5d5b00ca61062b) Importer(2089858483,192608db42251d675da83286b1cce702) (ScriptedImporter) -> (artifact id: 'ed94b5a4b1505bd970ba02ab9deada37') in 0.0162582 seconds
Number of updated asset objects reloaded before import = 0Number of asset objects unloaded after import = 1

========================================================================
Received Import Request.
  Time since last request: 0.000030 seconds.
  path: Assets/UnityTechnologies/ParticlePack/EffectExamples/Legacy Particles/Prefabs
  artifactKey: Guid(a9ab69c72e6aba949ac1234714be954f) Importer(2089858483,192608db42251d675da83286b1cce702)
Start importing Assets/UnityTechnologies/ParticlePack/EffectExamples/Legacy Particles/Prefabs using Guid(a9ab69c72e6aba949ac1234714be954f) Importer(2089858483,192608db42251d675da83286b1cce702) (ScriptedImporter) -> (artifact id: '4059454c8bdfd11f4647b6e32b6d0d64') in 0.0132894 seconds
Number of updated asset objects reloaded before import = 0Number of asset objects unloaded after import = 1

========================================================================
Received Import Request.
  Time since last request: 0.000032 seconds.
  path: Assets/Spoiled Unknown/XtremeFPS/Weapon/Effects/Textures/SparkParticle.tif
  artifactKey: Guid(228652bda78afdd448d50950ba99ad5a) Importer(2089858483,192608db42251d675da83286b1cce702)
Start importing Assets/Spoiled Unknown/XtremeFPS/Weapon/Effects/Textures/SparkParticle.tif using Guid(228652bda78afdd448d50950ba99ad5a) Importer(2089858483,192608db42251d675da83286b1cce702) (ScriptedImporter) -> (artifact id: 'c5c2e8b5f10dbd22edf9768f9f65c0b5') in 0.0218556 seconds
Number of updated asset objects reloaded before import = 0Number of asset objects unloaded after import = 1

========================================================================
Received Import Request.
  Time since last request: 0.000034 seconds.
  path: Assets/UnityTechnologies
  artifactKey: Guid(deae5e44d8cc5f3449682871a3282a66) Importer(2089858483,192608db42251d675da83286b1cce702)
Start importing Assets/UnityTechnologies using Guid(deae5e44d8cc5f3449682871a3282a66) Importer(2089858483,192608db42251d675da83286b1cce702) (ScriptedImporter) -> (artifact id: 'c20da7f0dccc86eb7a1a84fbe5fce943') in 0.0097003 seconds
Number of updated asset objects reloaded before import = 0Number of asset objects unloaded after import = 1

========================================================================
Received Import Request.
  Time since last request: 0.000035 seconds.
  path: Assets/UnityTechnologies/ParticlePack/TutorialInfo/Icons/ReadmeLogo.png
  artifactKey: Guid(cfa6d60f1f958ba46a105ca98716c259) Importer(2089858483,192608db42251d675da83286b1cce702)
Start importing Assets/UnityTechnologies/ParticlePack/TutorialInfo/Icons/ReadmeLogo.png using Guid(cfa6d60f1f958ba46a105ca98716c259) Importer(2089858483,192608db42251d675da83286b1cce702) (ScriptedImporter) -> (artifact id: '2029f27df13feb952209b4ae21953832') in 0.0305936 seconds
Number of updated asset objects reloaded before import = 0Number of asset objects unloaded after import = 1

========================================================================
Received Import Request.
  Time since last request: 0.000066 seconds.
  path: Assets/Spoiled Unknown/XtremeFPS/Weapon/Effects/Textures/StoneAlbedo.tif
  artifactKey: Guid(d6971144598309840aa5627e0797e545) Importer(2089858483,192608db42251d675da83286b1cce702)
Start importing Assets/Spoiled Unknown/XtremeFPS/Weapon/Effects/Textures/StoneAlbedo.tif using Guid(d6971144598309840aa5627e0797e545) Importer(2089858483,192608db42251d675da83286b1cce702) (ScriptedImporter) -> (artifact id: '3cc4402da9734d24fc0cf4a711dbfa2d') in 0.0198647 seconds
Number of updated asset objects reloaded before import = 0Number of asset objects unloaded after import = 1

========================================================================
Received Import Request.
  Time since last request: 0.000024 seconds.
  path: Assets/UnityTechnologies/ParticlePack/EffectExamples/Misc Effects/Prefabs/Readme_Dissolve_Respawn_.txt
  artifactKey: Guid(347cb84766db00442a42d707d0eba133) Importer(2089858483,192608db42251d675da83286b1cce702)
Start importing Assets/UnityTechnologies/ParticlePack/EffectExamples/Misc Effects/Prefabs/Readme_Dissolve_Respawn_.txt using Guid(347cb84766db00442a42d707d0eba133) Importer(2089858483,192608db42251d675da83286b1cce702) (ScriptedImporter) -> (artifact id: '9d98d0d5f4f1eb83979fbe0253f6dc25') in 0.0199355 seconds
Number of updated asset objects reloaded before import = 0Number of asset objects unloaded after import = 1

========================================================================
Received Import Request.
  Time since last request: 0.000025 seconds.
  path: Assets/Spoiled Unknown/XtremeFPS/Weapon/Effects/Textures/WoodBulletHoleDepth.tif
  artifactKey: Guid(d911e33e4ef025e4ea1cc5a3503e4d42) Importer(2089858483,192608db42251d675da83286b1cce702)
Start importing Assets/Spoiled Unknown/XtremeFPS/Weapon/Effects/Textures/WoodBulletHoleDepth.tif using Guid(d911e33e4ef025e4ea1cc5a3503e4d42) Importer(2089858483,192608db42251d675da83286b1cce702) (ScriptedImporter) -> (artifact id: '550854baa5e61abc6f3ef61b293a45ee') in 0.0321739 seconds
Number of updated asset objects reloaded before import = 0Number of asset objects unloaded after import = 1

========================================================================
Received Import Request.
  Time since last request: 0.000035 seconds.
  path: Assets/UnityTechnologies/ParticlePack/Shared/Sprites/UnityLogo.png
  artifactKey: Guid(e9980ad31e8dba04aa8110ba611c69d8) Importer(2089858483,192608db42251d675da83286b1cce702)
Start importing Assets/UnityTechnologies/ParticlePack/Shared/Sprites/UnityLogo.png using Guid(e9980ad31e8dba04aa8110ba611c69d8) Importer(2089858483,192608db42251d675da83286b1cce702) (ScriptedImporter) -> (artifact id: '96ffa61030d962b964652a25b9ff1429') in 0.0337226 seconds
Number of updated asset objects reloaded before import = 0Number of asset objects unloaded after import = 3

========================================================================
Received Import Request.
  Time since last request: 0.000031 seconds.
  path: Assets/UnityTechnologies/ParticlePack/EffectExamples/Magic Effects/Textures/FireBallEmission.tif
  artifactKey: Guid(c9ebd39724ed1d64b834086a80602180) Importer(2089858483,192608db42251d675da83286b1cce702)
Start importing Assets/UnityTechnologies/ParticlePack/EffectExamples/Magic Effects/Textures/FireBallEmission.tif using Guid(c9ebd39724ed1d64b834086a80602180) Importer(2089858483,192608db42251d675da83286b1cce702) (ScriptedImporter) -> (artifact id: '6a5dc7c800cafe97f1cb81fbe4ddcbd3') in 0.0227218 seconds
Number of updated asset objects reloaded before import = 0Number of asset objects unloaded after import = 1

========================================================================
Received Import Request.
  Time since last request: 0.000032 seconds.
  path: Assets/Spoiled Unknown/XtremeFPS/Weapon/Effects/Textures/DustPuffSmallParticleSheet.png
  artifactKey: Guid(32dde075fa5f86d458327a2ac0c4593b) Importer(2089858483,192608db42251d675da83286b1cce702)
Start importing Assets/Spoiled Unknown/XtremeFPS/Weapon/Effects/Textures/DustPuffSmallParticleSheet.png using Guid(32dde075fa5f86d458327a2ac0c4593b) Importer(2089858483,192608db42251d675da83286b1cce702) (ScriptedImporter) -> (artifact id: 'feb222f15fa43d63a80a2420dc0fa1c0') in 0.0382254 seconds
Number of updated asset objects reloaded before import = 0Number of asset objects unloaded after import = 6

========================================================================
Received Import Request.
  Time since last request: 0.000023 seconds.
  path: Assets/UnityTechnologies/ParticlePack/Scenes/Main Scene with Legacy Particles/ReflectionProbe-5.exr
  artifactKey: Guid(7b6f55d77c1c1864d8861488b44bdd5f) Importer(2089858483,192608db42251d675da83286b1cce702)
Start importing Assets/UnityTechnologies/ParticlePack/Scenes/Main Scene with Legacy Particles/ReflectionProbe-5.exr using Guid(7b6f55d77c1c1864d8861488b44bdd5f) Importer(2089858483,192608db42251d675da83286b1cce702) (ScriptedImporter) -> (artifact id: '7d7e5aeaae378fe8ea69806c9bca1f85') in 0.0314586 seconds
Number of updated asset objects reloaded before import = 0Number of asset objects unloaded after import = 1

========================================================================
Received Import Request.
  Time since last request: 0.000024 seconds.
  path: Assets/UnityTechnologies/ParticlePack/EffectExamples/Misc Effects/Materials/Dissolve.mat
  artifactKey: Guid(6fdc8d1bc1da3464c8f7364c4dc893a6) Importer(2089858483,192608db42251d675da83286b1cce702)
Start importing Assets/UnityTechnologies/ParticlePack/EffectExamples/Misc Effects/Materials/Dissolve.mat using Guid(6fdc8d1bc1da3464c8f7364c4dc893a6) Importer(2089858483,192608db42251d675da83286b1cce702) (ScriptedImporter) -> (artifact id: '424746cb108dd57a88f1979b3acbbd8a') in 0.0603848 seconds
Number of updated asset objects reloaded before import = 0Number of asset objects unloaded after import = 8

========================================================================
Received Import Request.
  Time since last request: 0.000025 seconds.
  path: Assets/UnityTechnologies/ParticlePack/EffectExamples/Misc Effects/Prefabs/Candles.prefab
  artifactKey: Guid(86f883933a872f542994368197c83b5b) Importer(2089858483,192608db42251d675da83286b1cce702)
Start importing Assets/UnityTechnologies/ParticlePack/EffectExamples/Misc Effects/Prefabs/Candles.prefab using Guid(86f883933a872f542994368197c83b5b) Importer(2089858483,192608db42251d675da83286b1cce702) (ScriptedImporter) -> (artifact id: '950e71f50e9374d39edac04508b49344') in 0.0536559 seconds
Number of updated asset objects reloaded before import = 0Number of asset objects unloaded after import = 27

========================================================================
Received Import Request.
  Time since last request: 0.000073 seconds.
  path: Assets/UnityTechnologies/ParticlePack/EffectExamples/Water Effects/Materials/WaterDropSmall.mat
  artifactKey: Guid(c4d4365c3eeb8a54183f5af15699021d) Importer(2089858483,192608db42251d675da83286b1cce702)
Start importing Assets/UnityTechnologies/ParticlePack/EffectExamples/Water Effects/Materials/WaterDropSmall.mat using Guid(c4d4365c3eeb8a54183f5af15699021d) Importer(2089858483,192608db42251d675da83286b1cce702) (ScriptedImporter) -> (artifact id: 'd897687a4247421eebfd11d17cb90515') in 0.0160357 seconds
Number of updated asset objects reloaded before import = 0Number of asset objects unloaded after import = 4

========================================================================
Received Import Request.
  Time since last request: 0.000027 seconds.
  path: Assets/UnityTechnologies/ParticlePack/Shared/Environment/Prefabs/CornerWall.prefab
  artifactKey: Guid(21617474d5ac06548b6020406dbe6e6b) Importer(2089858483,192608db42251d675da83286b1cce702)
Start importing Assets/UnityTechnologies/ParticlePack/Shared/Environment/Prefabs/CornerWall.prefab using Guid(21617474d5ac06548b6020406dbe6e6b) Importer(2089858483,192608db42251d675da83286b1cce702) (ScriptedImporter) -> (artifact id: 'b44278a99b14bda0a3e6ae7664a9ebe2') in 0.031193 seconds
Number of updated asset objects reloaded before import = 0Number of asset objects unloaded after import = 23

========================================================================
Received Import Request.
  Time since last request: 0.000095 seconds.
  path: Assets/UnityTechnologies/ParticlePack/Scenes/Main Scene with Legacy Particles/Lightmap-2_comp_dir.png
  artifactKey: Guid(9e3c0a69193724344afff5fb1e25684f) Importer(2089858483,192608db42251d675da83286b1cce702)
Start importing Assets/UnityTechnologies/ParticlePack/Scenes/Main Scene with Legacy Particles/Lightmap-2_comp_dir.png using Guid(9e3c0a69193724344afff5fb1e25684f) Importer(2089858483,192608db42251d675da83286b1cce702) (ScriptedImporter) -> (artifact id: '057c77654774f1bacd2b7980c09727d4') in 0.0308863 seconds
Number of updated asset objects reloaded before import = 0Number of asset objects unloaded after import = 1

========================================================================
Received Import Request.
  Time since last request: 0.000023 seconds.
  path: Assets/UnityTechnologies/ParticlePack/EffectExamples/Water Effects
  artifactKey: Guid(ba290491ceddda648bce3f8b178b2353) Importer(2089858483,192608db42251d675da83286b1cce702)
Start importing Assets/UnityTechnologies/ParticlePack/EffectExamples/Water Effects using Guid(ba290491ceddda648bce3f8b178b2353) Importer(2089858483,192608db42251d675da83286b1cce702) (ScriptedImporter) -> (artifact id: 'fdf0a18b2446e6287cd127a403da1467') in 0.0163999 seconds
Number of updated asset objects reloaded before import = 0Number of asset objects unloaded after import = 1

========================================================================
Received Import Request.
  Time since last request: 0.000024 seconds.
  path: Assets/UnityTechnologies/ParticlePack/EffectExamples/Misc Effects/Prefabs/EllenRespawn.prefab
  artifactKey: Guid(c1cd05c496063794c9abd1f0b0354ce6) Importer(2089858483,192608db42251d675da83286b1cce702)
Start importing Assets/UnityTechnologies/ParticlePack/EffectExamples/Misc Effects/Prefabs/EllenRespawn.prefab using Guid(c1cd05c496063794c9abd1f0b0354ce6) Importer(2089858483,192608db42251d675da83286b1cce702) (ScriptedImporter) -> (artifact id: 'cb33624d07ed1154468a73dfb264d07d') in 0.0484595 seconds
Number of updated asset objects reloaded before import = 0Number of asset objects unloaded after import = 241

========================================================================
Received Import Request.
  Time since last request: 0.000034 seconds.
  path: Assets/UnityTechnologies/ParticlePack/EffectExamples/Goop Effects/Materials/GoopStreamParticle.mat
  artifactKey: Guid(fb0a006be807eac48a87ffa79b3330a5) Importer(2089858483,192608db42251d675da83286b1cce702)
Start importing Assets/UnityTechnologies/ParticlePack/EffectExamples/Goop Effects/Materials/GoopStreamParticle.mat using Guid(fb0a006be807eac48a87ffa79b3330a5) Importer(2089858483,192608db42251d675da83286b1cce702) (ScriptedImporter) -> (artifact id: '5caddd3ffca1cf2e75657249fbde097e') in 0.0312638 seconds
Number of updated asset objects reloaded before import = 0Number of asset objects unloaded after import = 4

========================================================================
Received Import Request.
  Time since last request: 0.000157 seconds.
  path: Assets/UnityTechnologies/ParticlePack/EffectExamples/Fire & Explosion Effects/Materials/LargeFlame01.mat
  artifactKey: Guid(af29e4d6b5ada10438f9e9b5bb6d19d3) Importer(2089858483,192608db42251d675da83286b1cce702)
Start importing Assets/UnityTechnologies/ParticlePack/EffectExamples/Fire & Explosion Effects/Materials/LargeFlame01.mat using Guid(af29e4d6b5ada10438f9e9b5bb6d19d3) Importer(2089858483,192608db42251d675da83286b1cce702) (ScriptedImporter) -> (artifact id: '0845f4f442893b7bc017ae3889dfbc10') in 0.0288227 seconds
Number of updated asset objects reloaded before import = 0Number of asset objects unloaded after import = 2

========================================================================
Received Import Request.
  Time since last request: 0.000024 seconds.
  path: Assets/UnityTechnologies/ParticlePack/EffectExamples/Misc Effects/Materials/DissolveChunks.mat
  artifactKey: Guid(3544992394a7b954789108f2fa57027e) Importer(2089858483,192608db42251d675da83286b1cce702)
Start importing Assets/UnityTechnologies/ParticlePack/EffectExamples/Misc Effects/Materials/DissolveChunks.mat using Guid(3544992394a7b954789108f2fa57027e) Importer(2089858483,192608db42251d675da83286b1cce702) (ScriptedImporter) -> (artifact id: 'ff3f707cb33fa4f85cc797b56da357ed') in 0.0187649 seconds
Number of updated asset objects reloaded before import = 0Number of asset objects unloaded after import = 3

========================================================================
Received Import Request.
  Time since last request: 0.000023 seconds.
  path: Assets/UnityTechnologies/ParticlePack/EffectExamples/Smoke & Steam Effects/Materials/SandParticle.mat
  artifactKey: Guid(e689f2433ec031e41ae61c69dfb6db02) Importer(2089858483,192608db42251d675da83286b1cce702)
Start importing Assets/UnityTechnologies/ParticlePack/EffectExamples/Smoke & Steam Effects/Materials/SandParticle.mat using Guid(e689f2433ec031e41ae61c69dfb6db02) Importer(2089858483,192608db42251d675da83286b1cce702) (ScriptedImporter) -> (artifact id: 'f6332210d5e5c8304ce3b119695566bd') in 0.0187605 seconds
Number of updated asset objects reloaded before import = 0Number of asset objects unloaded after import = 3

========================================================================
Received Import Request.
  Time since last request: 0.000029 seconds.
  path: Assets/UnityTechnologies/ParticlePack/EffectExamples/Misc Effects/Models/Flakes.fbx
  artifactKey: Guid(dc789956fe23a1941adff98b407addf0) Importer(2089858483,192608db42251d675da83286b1cce702)
Start importing Assets/UnityTechnologies/ParticlePack/EffectExamples/Misc Effects/Models/Flakes.fbx using Guid(dc789956fe23a1941adff98b407addf0) Importer(2089858483,192608db42251d675da83286b1cce702) (ScriptedImporter) -> (artifact id: '56a9face17199657e4d98f01b98201ad') in 0.0345922 seconds
Number of updated asset objects reloaded before import = 0Number of asset objects unloaded after import = 19

========================================================================
Received Import Request.
  Time since last request: 0.000044 seconds.
  path: Assets/UnityTechnologies/ParticlePack/EffectExamples/Misc Effects/Textures/noise.tif
  artifactKey: Guid(c15eacd99a1861b4a8084a53a657bbb0) Importer(2089858483,192608db42251d675da83286b1cce702)
Start importing Assets/UnityTechnologies/ParticlePack/EffectExamples/Misc Effects/Textures/noise.tif using Guid(c15eacd99a1861b4a8084a53a657bbb0) Importer(2089858483,192608db42251d675da83286b1cce702) (ScriptedImporter) -> (artifact id: 'b2aee431707cbe3eba1b225b255fb3a3') in 0.0327544 seconds
Number of updated asset objects reloaded before import = 0Number of asset objects unloaded after import = 1

========================================================================
Received Import Request.
  Time since last request: 0.000044 seconds.
  path: Assets/UnityTechnologies/ParticlePack/Shared/Environment/Materials/LinesWhite.mat
  artifactKey: Guid(09d2711cb134c78409078c4645fae1cd) Importer(2089858483,192608db42251d675da83286b1cce702)
Start importing Assets/UnityTechnologies/ParticlePack/Shared/Environment/Materials/LinesWhite.mat using Guid(09d2711cb134c78409078c4645fae1cd) Importer(2089858483,192608db42251d675da83286b1cce702) (ScriptedImporter) -> (artifact id: 'dd7b981db8c0806ca8bdbab16fca89df') in 0.0202474 seconds
Number of updated asset objects reloaded before import = 0Number of asset objects unloaded after import = 3

========================================================================
Received Import Request.
  Time since last request: 0.000021 seconds.
  path: Assets/UnityTechnologies/ParticlePack/URP.asset
  artifactKey: Guid(acf70799bbbe842438b93b6c87c0c24c) Importer(2089858483,192608db42251d675da83286b1cce702)
Start importing Assets/UnityTechnologies/ParticlePack/URP.asset using Guid(acf70799bbbe842438b93b6c87c0c24c) Importer(2089858483,192608db42251d675da83286b1cce702) (ScriptedImporter) -> (artifact id: '196789ce313c5336b441613d5814ea34') in 0.0474011 seconds
Number of updated asset objects reloaded before import = 0Number of asset objects unloaded after import = 2

========================================================================
Received Import Request.
  Time since last request: 0.000030 seconds.
  path: Assets/UnityTechnologies/ParticlePack/EffectExamples/Misc Effects/Shaders
  artifactKey: Guid(6f97d3b51af9a5241a39b0776939dcd8) Importer(2089858483,192608db42251d675da83286b1cce702)
Start importing Assets/UnityTechnologies/ParticlePack/EffectExamples/Misc Effects/Shaders using Guid(6f97d3b51af9a5241a39b0776939dcd8) Importer(2089858483,192608db42251d675da83286b1cce702) (ScriptedImporter) -> (artifact id: '39307f88a272ed098667830fe7db1a4c') in 0.0136591 seconds
Number of updated asset objects reloaded before import = 0Number of asset objects unloaded after import = 1

========================================================================
Received Import Request.
  Time since last request: 0.000044 seconds.
  path: Assets/UnityTechnologies/ParticlePack/Scenes/Main Scene with Legacy Particles/ReflectionProbe-7.exr
  artifactKey: Guid(ddd4189324d362341ae561547a6c3289) Importer(2089858483,192608db42251d675da83286b1cce702)
Start importing Assets/UnityTechnologies/ParticlePack/Scenes/Main Scene with Legacy Particles/ReflectionProbe-7.exr using Guid(ddd4189324d362341ae561547a6c3289) Importer(2089858483,192608db42251d675da83286b1cce702) (ScriptedImporter) -> (artifact id: '169eb49e2b113d3f74479993cb4c9e9b') in 0.0251593 seconds
Number of updated asset objects reloaded before import = 0Number of asset objects unloaded after import = 1

========================================================================
Received Import Request.
  Time since last request: 0.000026 seconds.
  path: Assets/UnityTechnologies/ParticlePack/EffectExamples/Misc Effects/Prefabs/HeatDistortion.prefab
  artifactKey: Guid(e44ac47d1618cc24d9df8131be9ca57d) Importer(2089858483,192608db42251d675da83286b1cce702)
Start importing Assets/UnityTechnologies/ParticlePack/EffectExamples/Misc Effects/Prefabs/HeatDistortion.prefab using Guid(e44ac47d1618cc24d9df8131be9ca57d) Importer(2089858483,192608db42251d675da83286b1cce702) (ScriptedImporter) -> (artifact id: '9cc457609421c75e4ed0fab01510c54e') in 0.0465453 seconds
Number of updated asset objects reloaded before import = 0Number of asset objects unloaded after import = 6

========================================================================
Received Import Request.
  Time since last request: 0.000111 seconds.
  path: Assets/UnityTechnologies/ParticlePack/EffectExamples/Misc Effects/Prefabs/SandSwirlsEffect.prefab
  artifactKey: Guid(14d81e2c407975245973a11cdfbeb902) Importer(2089858483,192608db42251d675da83286b1cce702)
Start importing Assets/UnityTechnologies/ParticlePack/EffectExamples/Misc Effects/Prefabs/SandSwirlsEffect.prefab using Guid(14d81e2c407975245973a11cdfbeb902) Importer(2089858483,192608db42251d675da83286b1cce702) (ScriptedImporter) -> (artifact id: '80bfe88e228c1aa552f0cec2fef16941') in 0.0527139 seconds
Number of updated asset objects reloaded before import = 0Number of asset objects unloaded after import = 10

========================================================================
Received Import Request.
  Time since last request: 0.000029 seconds.
  path: Assets/UnityTechnologies/ParticlePack/EffectExamples/Misc Effects/Shaders/Respawn.shader
  artifactKey: Guid(77711a0a1ef662843a281ba4ecd2c54c) Importer(2089858483,192608db42251d675da83286b1cce702)
Start importing Assets/UnityTechnologies/ParticlePack/EffectExamples/Misc Effects/Shaders/Respawn.shader using Guid(77711a0a1ef662843a281ba4ecd2c54c) Importer(2089858483,192608db42251d675da83286b1cce702) (ScriptedImporter) -> (artifact id: '769aa83ead8fb4fb36aa28c176d60750') in 0.0276883 seconds
Number of updated asset objects reloaded before import = 0Number of asset objects unloaded after import = 1

========================================================================
Received Import Request.
  Time since last request: 0.000025 seconds.
  path: Assets/UnityTechnologies/ParticlePack/EffectExamples/Water Effects/Materials/SplashDrop.mat
  artifactKey: Guid(9f676815235f0f04bae5d9d1eca44705) Importer(2089858483,192608db42251d675da83286b1cce702)
Start importing Assets/UnityTechnologies/ParticlePack/EffectExamples/Water Effects/Materials/SplashDrop.mat using Guid(9f676815235f0f04bae5d9d1eca44705) Importer(2089858483,192608db42251d675da83286b1cce702) (ScriptedImporter) -> (artifact id: '3bb78c8287f996ae763933fd2ea6e4ed') in 0.0475734 seconds
Number of updated asset objects reloaded before import = 0Number of asset objects unloaded after import = 4

========================================================================
Received Import Request.
  Time since last request: 0.000032 seconds.
  path: Assets/UnityTechnologies/ParticlePack/EffectExamples/Magic Effects/Materials/IceMist.mat
  artifactKey: Guid(c32a9cac58b398741add6365fbc2e883) Importer(2089858483,192608db42251d675da83286b1cce702)
Start importing Assets/UnityTechnologies/ParticlePack/EffectExamples/Magic Effects/Materials/IceMist.mat using Guid(c32a9cac58b398741add6365fbc2e883) Importer(2089858483,192608db42251d675da83286b1cce702) (ScriptedImporter) -> (artifact id: 'd7b9e48e7e24c41f8331ac226185abca') in 0.0152971 seconds
Number of updated asset objects reloaded before import = 0Number of asset objects unloaded after import = 2

========================================================================
Received Import Request.
  Time since last request: 0.000032 seconds.
  path: Assets/UnityTechnologies/ParticlePack/EffectExamples/Misc Effects/Materials/HeatWobble.mat
  artifactKey: Guid(202e8225452c9f048b6247e7c0d885bb) Importer(2089858483,192608db42251d675da83286b1cce702)
Start importing Assets/UnityTechnologies/ParticlePack/EffectExamples/Misc Effects/Materials/HeatWobble.mat using Guid(202e8225452c9f048b6247e7c0d885bb) Importer(2089858483,192608db42251d675da83286b1cce702) (ScriptedImporter) -> (artifact id: 'df35042e171eb836641a2fdc677f89fa') in 0.0251601 seconds
Number of updated asset objects reloaded before import = 0Number of asset objects unloaded after import = 5

========================================================================
Received Import Request.
  Time since last request: 0.000027 seconds.
  path: Assets/UnityTechnologies/ParticlePack/EffectExamples/Smoke & Steam Effects/Materials/SmokeLight.mat
  artifactKey: Guid(f06455b167e1b0b428c9af62d7aa6832) Importer(2089858483,192608db42251d675da83286b1cce702)
Start importing Assets/UnityTechnologies/ParticlePack/EffectExamples/Smoke & Steam Effects/Materials/SmokeLight.mat using Guid(f06455b167e1b0b428c9af62d7aa6832) Importer(2089858483,192608db42251d675da83286b1cce702) (ScriptedImporter) -> (artifact id: '8aef98991588fd308559c4b0e6831f36') in 0.0343997 seconds
Number of updated asset objects reloaded before import = 0Number of asset objects unloaded after import = 4

========================================================================
Received Import Request.
  Time since last request: 0.000027 seconds.
  path: Assets/UnityTechnologies/ParticlePack/EffectExamples/Fire & Explosion Effects/Materials/PlasmaExplosion.mat
  artifactKey: Guid(7ff1ab0b724442843965e2dd0f02e969) Importer(2089858483,192608db42251d675da83286b1cce702)
Start importing Assets/UnityTechnologies/ParticlePack/EffectExamples/Fire & Explosion Effects/Materials/PlasmaExplosion.mat using Guid(7ff1ab0b724442843965e2dd0f02e969) Importer(2089858483,192608db42251d675da83286b1cce702) (ScriptedImporter) -> (artifact id: 'ae6974b2dd37a43716898ef36f0f6760') in 0.0246131 seconds
Number of updated asset objects reloaded before import = 0Number of asset objects unloaded after import = 3

========================================================================
Received Import Request.
  Time since last request: 0.000022 seconds.
  path: Assets/Spoiled Unknown/XtremeFPS/Weapon/Effects/Textures/BulletHoleRockNormal.tif
  artifactKey: Guid(b7b496609dfcf7d4089ca1e508b14f22) Importer(2089858483,192608db42251d675da83286b1cce702)
Start importing Assets/Spoiled Unknown/XtremeFPS/Weapon/Effects/Textures/BulletHoleRockNormal.tif using Guid(b7b496609dfcf7d4089ca1e508b14f22) Importer(2089858483,192608db42251d675da83286b1cce702) (ScriptedImporter) -> (artifact id: '21503200b92517d855fb9f07e7a9dfb9') in 0.0213429 seconds
Number of updated asset objects reloaded before import = 0Number of asset objects unloaded after import = 1

========================================================================
Received Import Request.
  Time since last request: 0.000028 seconds.
  path: Assets/UnityTechnologies/ParticlePack/EffectExamples/Magic Effects/Shaders/Ice Shapes.shadergraph
  artifactKey: Guid(f864476927c840340a3accca39dea6c9) Importer(2089858483,192608db42251d675da83286b1cce702)
Start importing Assets/UnityTechnologies/ParticlePack/EffectExamples/Magic Effects/Shaders/Ice Shapes.shadergraph using Guid(f864476927c840340a3accca39dea6c9) Importer(2089858483,192608db42251d675da83286b1cce702) (ScriptedImporter) -> (artifact id: '38c32d0d1b0af905e6165cdf54d8fec2') in 0.0609146 seconds
Number of updated asset objects reloaded before import = 0Number of asset objects unloaded after import = 6

========================================================================
Received Import Request.
  Time since last request: 0.000038 seconds.
  path: Assets/TextMesh Pro/Resources/Fonts & Materials/LiberationSans SDF.asset
  artifactKey: Guid(8f586378b4e144a9851e7b34d9b748ee) Importer(2089858483,192608db42251d675da83286b1cce702)
Start importing Assets/TextMesh Pro/Resources/Fonts & Materials/LiberationSans SDF.asset using Guid(8f586378b4e144a9851e7b34d9b748ee) Importer(2089858483,192608db42251d675da83286b1cce702) (ScriptedImporter) -> (artifact id: '2002e6bef9bb1764f1d5b6ce63668b5b') in 0.0521854 seconds
Number of updated asset objects reloaded before import = 0Number of asset objects unloaded after import = 8

========================================================================
Received Import Request.
  Time since last request: 0.000023 seconds.
  path: Assets/UnityTechnologies/ParticlePack/Settings/Simple_PipelineAsset.asset
  artifactKey: Guid(6a46d11f446e65647b67f6140911e464) Importer(2089858483,192608db42251d675da83286b1cce702)
Start importing Assets/UnityTechnologies/ParticlePack/Settings/Simple_PipelineAsset.asset using Guid(6a46d11f446e65647b67f6140911e464) Importer(2089858483,192608db42251d675da83286b1cce702) (ScriptedImporter) -> (artifact id: '3188e292c893eac173e75a2cc2a57a47') in 0.0424589 seconds
Number of updated asset objects reloaded before import = 0Number of asset objects unloaded after import = 2

========================================================================
Received Import Request.
  Time since last request: 0.000035 seconds.
  path: Assets/UnityTechnologies/ParticlePack/EffectExamples/Weapon Effects/Materials/MetalSparks.mat
  artifactKey: Guid(d8002e76dc5e4904f90dc137b3f085ba) Importer(2089858483,192608db42251d675da83286b1cce702)
Start importing Assets/UnityTechnologies/ParticlePack/EffectExamples/Weapon Effects/Materials/MetalSparks.mat using Guid(d8002e76dc5e4904f90dc137b3f085ba) Importer(2089858483,192608db42251d675da83286b1cce702) (ScriptedImporter) -> (artifact id: '09c72e8e1cbeb505fa522199d92c2160') in 0.024323 seconds
Number of updated asset objects reloaded before import = 0Number of asset objects unloaded after import = 2

========================================================================
Received Import Request.
  Time since last request: 0.000071 seconds.
  path: Assets/UnityTechnologies/ParticlePack/EffectExamples/Fire & Explosion Effects/Textures/Ramp02.png
  artifactKey: Guid(dea2509f9a4d25646855f7b8fedfe191) Importer(2089858483,192608db42251d675da83286b1cce702)
Start importing Assets/UnityTechnologies/ParticlePack/EffectExamples/Fire & Explosion Effects/Textures/Ramp02.png using Guid(dea2509f9a4d25646855f7b8fedfe191) Importer(2089858483,192608db42251d675da83286b1cce702) (ScriptedImporter) -> (artifact id: 'adb6f4cbb467b4060114ce5ff4506e6a') in 0.0285886 seconds
Number of updated asset objects reloaded before import = 0Number of asset objects unloaded after import = 1

========================================================================
Received Import Request.
  Time since last request: 0.000033 seconds.
  path: Assets/Spoiled Unknown/XtremeFPS/Weapon/Effects/Textures/BulletHoleMetalThroughNormal.tif
  artifactKey: Guid(ee96cf2bf7ca6bf448ac1087dba73340) Importer(2089858483,192608db42251d675da83286b1cce702)
Start importing Assets/Spoiled Unknown/XtremeFPS/Weapon/Effects/Textures/BulletHoleMetalThroughNormal.tif using Guid(ee96cf2bf7ca6bf448ac1087dba73340) Importer(2089858483,192608db42251d675da83286b1cce702) (ScriptedImporter) -> (artifact id: '3219812744d726632cb66aaf4fdff0eb') in 0.0274906 seconds
Number of updated asset objects reloaded before import = 0Number of asset objects unloaded after import = 1

========================================================================
Received Import Request.
  Time since last request: 0.000059 seconds.
  path: Assets/UnityTechnologies/ParticlePack/Shared/Environment/Models/CornerWall.fbx
  artifactKey: Guid(29175e748bfc77b4194c165e0258b930) Importer(2089858483,192608db42251d675da83286b1cce702)
Start importing Assets/UnityTechnologies/ParticlePack/Shared/Environment/Models/CornerWall.fbx using Guid(29175e748bfc77b4194c165e0258b930) Importer(2089858483,192608db42251d675da83286b1cce702) (ScriptedImporter) -> (artifact id: 'ae02ab6139a82f8469ec8711cf813eb4') in 0.0283433 seconds
Number of updated asset objects reloaded before import = 0Number of asset objects unloaded after import = 14

========================================================================
Received Import Request.
  Time since last request: 0.000026 seconds.
  path: Assets/UnityTechnologies/ParticlePack/EffectExamples/Smoke & Steam Effects/Models
  artifactKey: Guid(cf5ea0c825a55694d90b663813c76c53) Importer(2089858483,192608db42251d675da83286b1cce702)
Start importing Assets/UnityTechnologies/ParticlePack/EffectExamples/Smoke & Steam Effects/Models using Guid(cf5ea0c825a55694d90b663813c76c53) Importer(2089858483,192608db42251d675da83286b1cce702) (ScriptedImporter) -> (artifact id: 'b54c963431ea3b2d95fe62815cd613f6') in 0.0120141 seconds
Number of updated asset objects reloaded before import = 0Number of asset objects unloaded after import = 1

========================================================================
Received Import Request.
  Time since last request: 0.000025 seconds.
  path: Assets/Spoiled Unknown/XtremeFPS/Weapon/Effects/Textures/FleshBulletHoleAlbedo.tif
  artifactKey: Guid(5ef8c65d978f7f74e8a6cb763425f6db) Importer(2089858483,192608db42251d675da83286b1cce702)
Start importing Assets/Spoiled Unknown/XtremeFPS/Weapon/Effects/Textures/FleshBulletHoleAlbedo.tif using Guid(5ef8c65d978f7f74e8a6cb763425f6db) Importer(2089858483,192608db42251d675da83286b1cce702) (ScriptedImporter) -> (artifact id: '8179846f60e8fd078e12e8e045b2b620') in 0.0189878 seconds
Number of updated asset objects reloaded before import = 0Number of asset objects unloaded after import = 1

========================================================================
Received Import Request.
  Time since last request: 0.000023 seconds.
  path: Assets/UnityTechnologies/ParticlePack/Shared/Environment/Materials/Skybox.mat
  artifactKey: Guid(d1385980456cd2044b282d73625457db) Importer(2089858483,192608db42251d675da83286b1cce702)
Start importing Assets/UnityTechnologies/ParticlePack/Shared/Environment/Materials/Skybox.mat using Guid(d1385980456cd2044b282d73625457db) Importer(2089858483,192608db42251d675da83286b1cce702) (ScriptedImporter) -> (artifact id: 'a23c15e1f52bb43992c2f671dc27f69a') in 0.0142519 seconds
Number of updated asset objects reloaded before import = 0Number of asset objects unloaded after import = 1

========================================================================
Received Import Request.
  Time since last request: 0.000032 seconds.
  path: Assets/UnityTechnologies/ParticlePack/EffectExamples/Misc Effects/Textures/Stripes.png
  artifactKey: Guid(12f42be661be42d47a5c45b841e537de) Importer(2089858483,192608db42251d675da83286b1cce702)
Start importing Assets/UnityTechnologies/ParticlePack/EffectExamples/Misc Effects/Textures/Stripes.png using Guid(12f42be661be42d47a5c45b841e537de) Importer(2089858483,192608db42251d675da83286b1cce702) (ScriptedImporter) -> (artifact id: '5a3752faf9366511b5b654738b3050bc') in 0.0192094 seconds
Number of updated asset objects reloaded before import = 0Number of asset objects unloaded after import = 1

========================================================================
Received Import Request.
  Time since last request: 0.000028 seconds.
  path: Assets/UnityTechnologies/ParticlePack/EffectExamples/Fire & Explosion Effects/Textures/TinyFlame.tif
  artifactKey: Guid(4aa9e9c9f98c7a449ac023f74184d0b0) Importer(2089858483,192608db42251d675da83286b1cce702)
Start importing Assets/UnityTechnologies/ParticlePack/EffectExamples/Fire & Explosion Effects/Textures/TinyFlame.tif using Guid(4aa9e9c9f98c7a449ac023f74184d0b0) Importer(2089858483,192608db42251d675da83286b1cce702) (ScriptedImporter) -> (artifact id: '4ee0b15d5eec3501654d0fd6f99f46bb') in 0.0340069 seconds
Number of updated asset objects reloaded before import = 0Number of asset objects unloaded after import = 1

========================================================================
Received Import Request.
  Time since last request: 0.000029 seconds.
  path: Assets/UnityTechnologies/ParticlePack/EffectExamples/Smoke & Steam Effects/Prefabs/SmokeEffect.prefab
  artifactKey: Guid(73767e07adddc394d82b994801f89bbb) Importer(2089858483,192608db42251d675da83286b1cce702)
Start importing Assets/UnityTechnologies/ParticlePack/EffectExamples/Smoke & Steam Effects/Prefabs/SmokeEffect.prefab using Guid(73767e07adddc394d82b994801f89bbb) Importer(2089858483,192608db42251d675da83286b1cce702) (ScriptedImporter) -> (artifact id: '2cd0f3e179d6c14a1a017273525e778b') in 0.0498291 seconds
Number of updated asset objects reloaded before import = 0Number of asset objects unloaded after import = 6

========================================================================
Received Import Request.
  Time since last request: 0.000033 seconds.
  path: Assets/UnityTechnologies/ParticlePack/EffectExamples/Misc Effects/Shaders/Dissolve.shadergraph
  artifactKey: Guid(5c1f4ccbf4f7ddc4091175db03718d93) Importer(2089858483,192608db42251d675da83286b1cce702)
Start importing Assets/UnityTechnologies/ParticlePack/EffectExamples/Misc Effects/Shaders/Dissolve.shadergraph using Guid(5c1f4ccbf4f7ddc4091175db03718d93) Importer(2089858483,192608db42251d675da83286b1cce702) (ScriptedImporter) -> (artifact id: '30ad1301fa4b208b268a7e4e856299b2') in 0.0278067 seconds
Number of updated asset objects reloaded before import = 0Number of asset objects unloaded after import = 7

========================================================================
Received Import Request.
  Time since last request: 0.000033 seconds.
  path: Assets/UnityTechnologies/ParticlePack/Shared/Environment/Models/FloorMiddle.fbx
  artifactKey: Guid(feea4d173b1eac64087516ae6fde538a) Importer(2089858483,192608db42251d675da83286b1cce702)
Start importing Assets/UnityTechnologies/ParticlePack/Shared/Environment/Models/FloorMiddle.fbx using Guid(feea4d173b1eac64087516ae6fde538a) Importer(2089858483,192608db42251d675da83286b1cce702) (ScriptedImporter) -> (artifact id: 'a587582999e0c6c930e5c90e626fffbe') in 0.0320087 seconds
Number of updated asset objects reloaded before import = 0Number of asset objects unloaded after import = 7

========================================================================
Received Import Request.
  Time since last request: 0.000032 seconds.
  path: Assets/UnityTechnologies/ParticlePack/EffectExamples/Misc Effects/Textures/CandleFlame.tif
  artifactKey: Guid(e966fe96fc4c60f4fa9eff9e6d32ba67) Importer(2089858483,192608db42251d675da83286b1cce702)
Start importing Assets/UnityTechnologies/ParticlePack/EffectExamples/Misc Effects/Textures/CandleFlame.tif using Guid(e966fe96fc4c60f4fa9eff9e6d32ba67) Importer(2089858483,192608db42251d675da83286b1cce702) (ScriptedImporter) -> (artifact id: 'cc6e695f5c9a9dead0362414fec38b29') in 0.0330896 seconds
Number of updated asset objects reloaded before import = 0Number of asset objects unloaded after import = 1

========================================================================
Received Import Request.
  Time since last request: 0.000031 seconds.
  path: Assets/UnityTechnologies/ParticlePack/EffectExamples/Magic Effects/Textures/IceNormals.tif
  artifactKey: Guid(78e71b9e097c52e4cba00d81ed4dbe74) Importer(2089858483,192608db42251d675da83286b1cce702)
Start importing Assets/UnityTechnologies/ParticlePack/EffectExamples/Magic Effects/Textures/IceNormals.tif using Guid(78e71b9e097c52e4cba00d81ed4dbe74) Importer(2089858483,192608db42251d675da83286b1cce702) (ScriptedImporter) -> (artifact id: '09b063bedde9296fc6d3e905b2143215') in 0.0201933 seconds
Number of updated asset objects reloaded before import = 0Number of asset objects unloaded after import = 1

========================================================================
Received Import Request.
  Time since last request: 0.000035 seconds.
  path: Assets/UnityTechnologies/ParticlePack/Settings/Fastest_PipelineAsset_DeferredRenderer.asset
  artifactKey: Guid(21b39740f380fc14cacf6685fe1508ae) Importer(2089858483,192608db42251d675da83286b1cce702)
Start importing Assets/UnityTechnologies/ParticlePack/Settings/Fastest_PipelineAsset_DeferredRenderer.asset using Guid(21b39740f380fc14cacf6685fe1508ae) Importer(2089858483,192608db42251d675da83286b1cce702) (ScriptedImporter) -> (artifact id: '71c3a86321be3be266c2d1bdf261758d') in 0.0332594 seconds
Number of updated asset objects reloaded before import = 0Number of asset objects unloaded after import = 1

========================================================================
Received Import Request.
  Time since last request: 0.000020 seconds.
  path: Assets/UnityTechnologies/ParticlePack/EffectExamples/Goop Effects/Prefabs/GoopSprayEffect.prefab
  artifactKey: Guid(abb9f519b142e304d9c45b56afa768bc) Importer(2089858483,192608db42251d675da83286b1cce702)
Start importing Assets/UnityTechnologies/ParticlePack/EffectExamples/Goop Effects/Prefabs/GoopSprayEffect.prefab using Guid(abb9f519b142e304d9c45b56afa768bc) Importer(2089858483,192608db42251d675da83286b1cce702) (ScriptedImporter) -> (artifact id: 'a794b5a94eb444a71ada5733db5b95cc') in 0.0472044 seconds
Number of updated asset objects reloaded before import = 0Number of asset objects unloaded after import = 10

========================================================================
Received Import Request.
  Time since last request: 0.000048 seconds.
  path: Assets/UnityTechnologies/ParticlePack/EffectExamples/Fire & Explosion Effects/Textures/TinyStones.png
  artifactKey: Guid(ce97ed62c0a56e84ab25e22c8dfd5bca) Importer(2089858483,192608db42251d675da83286b1cce702)
Start importing Assets/UnityTechnologies/ParticlePack/EffectExamples/Fire & Explosion Effects/Textures/TinyStones.png using Guid(ce97ed62c0a56e84ab25e22c8dfd5bca) Importer(2089858483,192608db42251d675da83286b1cce702) (ScriptedImporter) -> (artifact id: '58fe0274525745d11985ebdc05f44fb7') in 0.022084 seconds
Number of updated asset objects reloaded before import = 0Number of asset objects unloaded after import = 1

========================================================================
Received Import Request.
  Time since last request: 0.000024 seconds.
  path: Assets/Spoiled Unknown/XtremeFPS/Weapon/Effects/Textures/SandDecalAlbedo.tif
  artifactKey: Guid(03752e2fadc88f145aa5c8fc4f3cd0c8) Importer(2089858483,192608db42251d675da83286b1cce702)
Start importing Assets/Spoiled Unknown/XtremeFPS/Weapon/Effects/Textures/SandDecalAlbedo.tif using Guid(03752e2fadc88f145aa5c8fc4f3cd0c8) Importer(2089858483,192608db42251d675da83286b1cce702) (ScriptedImporter) -> (artifact id: 'b175407ab1459d47cdbd50b3d0433a1e') in 0.0255919 seconds
Number of updated asset objects reloaded before import = 0Number of asset objects unloaded after import = 1

========================================================================
Received Import Request.
  Time since last request: 0.000035 seconds.
  path: Assets/UnityTechnologies/ParticlePack/Shared/Environment/Textures/ConcreteFloor_Normal.tif
  artifactKey: Guid(40e100f406e502b45bff1eb6d3930958) Importer(2089858483,192608db42251d675da83286b1cce702)
Start importing Assets/UnityTechnologies/ParticlePack/Shared/Environment/Textures/ConcreteFloor_Normal.tif using Guid(40e100f406e502b45bff1eb6d3930958) Importer(2089858483,192608db42251d675da83286b1cce702) (ScriptedImporter) -> (artifact id: '8f92724e3a24095fe1a627e43cbbe9a7') in 0.0238237 seconds
Number of updated asset objects reloaded before import = 0Number of asset objects unloaded after import = 1

========================================================================
Received Import Request.
  Time since last request: 0.000040 seconds.
  path: Assets/UnityTechnologies/ParticlePack/EffectExamples/Weapon Effects/Materials/RockDebris.mat
  artifactKey: Guid(586b03ea88dd46c42b5eb8af4d0c137a) Importer(2089858483,192608db42251d675da83286b1cce702)
Start importing Assets/UnityTechnologies/ParticlePack/EffectExamples/Weapon Effects/Materials/RockDebris.mat using Guid(586b03ea88dd46c42b5eb8af4d0c137a) Importer(2089858483,192608db42251d675da83286b1cce702) (ScriptedImporter) -> (artifact id: '616f67b34877bd58c98ea231cc4928a6') in 0.0172046 seconds
Number of updated asset objects reloaded before import = 0Number of asset objects unloaded after import = 3

========================================================================
Received Import Request.
  Time since last request: 0.000027 seconds.
  path: Assets/UnityTechnologies/ParticlePack/Scenes/Main Scene with Legacy Particles/ReflectionProbe-0.exr
  artifactKey: Guid(1b240d419def8924fb3c0f0f324549a0) Importer(2089858483,192608db42251d675da83286b1cce702)
Start importing Assets/UnityTechnologies/ParticlePack/Scenes/Main Scene with Legacy Particles/ReflectionProbe-0.exr using Guid(1b240d419def8924fb3c0f0f324549a0) Importer(2089858483,192608db42251d675da83286b1cce702) (ScriptedImporter) -> (artifact id: '517a08797c1d7349688d1a3cda47f8b3') in 0.0246746 seconds
Number of updated asset objects reloaded before import = 0Number of asset objects unloaded after import = 1

========================================================================
Received Import Request.
  Time since last request: 0.000023 seconds.
  path: Assets/UnityTechnologies/ParticlePack/EffectExamples/Magic Effects/Models/IceLance.FBX
  artifactKey: Guid(735d1d1e5a1d1934589aa44da6a7ea75) Importer(2089858483,192608db42251d675da83286b1cce702)
Start importing Assets/UnityTechnologies/ParticlePack/EffectExamples/Magic Effects/Models/IceLance.FBX using Guid(735d1d1e5a1d1934589aa44da6a7ea75) Importer(2089858483,192608db42251d675da83286b1cce702) (ScriptedImporter) -> (artifact id: '6236ee11c3322b0213a9d1ff8da38900') in 0.0252314 seconds
Number of updated asset objects reloaded before import = 0Number of asset objects unloaded after import = 7

========================================================================
Received Import Request.
  Time since last request: 0.000028 seconds.
  path: Assets/UnityTechnologies/ParticlePack/EffectExamples/Misc Effects/Animations
  artifactKey: Guid(b0337a96bffd13c42893fc397e76072f) Importer(2089858483,192608db42251d675da83286b1cce702)
Start importing Assets/UnityTechnologies/ParticlePack/EffectExamples/Misc Effects/Animations using Guid(b0337a96bffd13c42893fc397e76072f) Importer(2089858483,192608db42251d675da83286b1cce702) (ScriptedImporter) -> (artifact id: '9b767623e716977fd3de896fd00e8789') in 0.0143184 seconds
Number of updated asset objects reloaded before import = 0Number of asset objects unloaded after import = 1

========================================================================
Received Import Request.
  Time since last request: 0.000031 seconds.
  path: Assets/UnityTechnologies/ParticlePack/Shared/Environment/Models/EndWall.fbx
  artifactKey: Guid(18f35b9d268a5e2418ed0f7628c2d86d) Importer(2089858483,192608db42251d675da83286b1cce702)
Start importing Assets/UnityTechnologies/ParticlePack/Shared/Environment/Models/EndWall.fbx using Guid(18f35b9d268a5e2418ed0f7628c2d86d) Importer(2089858483,192608db42251d675da83286b1cce702) (ScriptedImporter) -> (artifact id: '2019ed27cab78995affc8e8990a499fd') in 0.040034 seconds
Number of updated asset objects reloaded before import = 0Number of asset objects unloaded after import = 14

========================================================================
Received Import Request.
  Time since last request: 0.000032 seconds.
  path: Assets/TextMesh Pro/Shaders/TMP_Bitmap-Mobile.shader
  artifactKey: Guid(1e3b057af24249748ff873be7fafee47) Importer(2089858483,192608db42251d675da83286b1cce702)
Start importing Assets/TextMesh Pro/Shaders/TMP_Bitmap-Mobile.shader using Guid(1e3b057af24249748ff873be7fafee47) Importer(2089858483,192608db42251d675da83286b1cce702) (ScriptedImporter) -> (artifact id: 'b1df4070a6d6cfa60e04af69dd25ce40') in 0.0216421 seconds
Number of updated asset objects reloaded before import = 0Number of asset objects unloaded after import = 1

========================================================================
Received Import Request.
  Time since last request: 0.000037 seconds.
  path: Assets/UnityTechnologies/ParticlePack/EffectExamples/Legacy Particles/Prefabs/LightnigStormCloud.prefab
  artifactKey: Guid(3ac741c58ee37a941b5408ec58f21743) Importer(2089858483,192608db42251d675da83286b1cce702)
Start importing Assets/UnityTechnologies/ParticlePack/EffectExamples/Legacy Particles/Prefabs/LightnigStormCloud.prefab using Guid(3ac741c58ee37a941b5408ec58f21743) Importer(2089858483,192608db42251d675da83286b1cce702) (ScriptedImporter) -> (artifact id: '75a83d2cdb41a2c36ca163fcb6916fe0') in 0.0527071 seconds
Number of updated asset objects reloaded before import = 0Number of asset objects unloaded after import = 16

========================================================================
Received Import Request.
  Time since last request: 0.000031 seconds.
  path: Assets/UnityTechnologies/ParticlePack/EffectExamples/Smoke & Steam Effects/Textures/SmokePuffNormal.tif
  artifactKey: Guid(ec0fffbfc1b9f9f4d82b1328a0fa87ab) Importer(2089858483,192608db42251d675da83286b1cce702)
Start importing Assets/UnityTechnologies/ParticlePack/EffectExamples/Smoke & Steam Effects/Textures/SmokePuffNormal.tif using Guid(ec0fffbfc1b9f9f4d82b1328a0fa87ab) Importer(2089858483,192608db42251d675da83286b1cce702) (ScriptedImporter) -> (artifact id: 'e5370c4496ac5b3e14521a4cd752baa5') in 0.022359 seconds
Number of updated asset objects reloaded before import = 0Number of asset objects unloaded after import = 1

========================================================================
Received Import Request.
  Time since last request: 0.000029 seconds.
  path: Assets/UnityTechnologies/ParticlePack/EffectExamples/Legacy Particles/Materials/WaterfallSplash.mat
  artifactKey: Guid(24a6e81eb78b2ad4a89d2251507cc18d) Importer(2089858483,192608db42251d675da83286b1cce702)
Start importing Assets/UnityTechnologies/ParticlePack/EffectExamples/Legacy Particles/Materials/WaterfallSplash.mat using Guid(24a6e81eb78b2ad4a89d2251507cc18d) Importer(2089858483,192608db42251d675da83286b1cce702) (ScriptedImporter) -> (artifact id: 'f6274bbe1dc224347129fb5f1ffb5ab7') in 0.0271812 seconds
Number of updated asset objects reloaded before import = 0Number of asset objects unloaded after import = 4

========================================================================
Received Import Request.
  Time since last request: 0.000033 seconds.
  path: Assets/UnityTechnologies/ParticlePack/EffectExamples/Misc Effects/Materials/Respawn.mat
  artifactKey: Guid(f31de3ef225ad144fa6a3b4a638dedba) Importer(2089858483,192608db42251d675da83286b1cce702)
Start importing Assets/UnityTechnologies/ParticlePack/EffectExamples/Misc Effects/Materials/Respawn.mat using Guid(f31de3ef225ad144fa6a3b4a638dedba) Importer(2089858483,192608db42251d675da83286b1cce702) (ScriptedImporter) -> (artifact id: '8782365799eb39009967785822450cb4') in 0.0184911 seconds
Number of updated asset objects reloaded before import = 0Number of asset objects unloaded after import = 7

========================================================================
Received Import Request.
  Time since last request: 0.000033 seconds.
  path: Assets/UnityTechnologies/ParticlePack/EffectExamples/Legacy Particles/Textures/WaterRipplesParticle.tif
  artifactKey: Guid(8b12f103a80e77a4286dc286688b0228) Importer(2089858483,192608db42251d675da83286b1cce702)
Start importing Assets/UnityTechnologies/ParticlePack/EffectExamples/Legacy Particles/Textures/WaterRipplesParticle.tif using Guid(8b12f103a80e77a4286dc286688b0228) Importer(2089858483,192608db42251d675da83286b1cce702) (ScriptedImporter) -> (artifact id: '7865f0be80d223d24f49269ad1fa005c') in 0.029744 seconds
Number of updated asset objects reloaded before import = 0Number of asset objects unloaded after import = 1

========================================================================
Received Import Request.
  Time since last request: 0.000033 seconds.
  path: Assets/UnityTechnologies/ParticlePack/EffectExamples/Misc Effects/Materials/FireFlyTrail.mat
  artifactKey: Guid(1d11412570f90ba4caf1b0b6dea27152) Importer(2089858483,192608db42251d675da83286b1cce702)
Start importing Assets/UnityTechnologies/ParticlePack/EffectExamples/Misc Effects/Materials/FireFlyTrail.mat using Guid(1d11412570f90ba4caf1b0b6dea27152) Importer(2089858483,192608db42251d675da83286b1cce702) (ScriptedImporter) -> (artifact id: 'dcafd6dfbe7bc3bf50da6b95be728c62') in 0.017086 seconds
Number of updated asset objects reloaded before import = 0Number of asset objects unloaded after import = 2

========================================================================
Received Import Request.
  Time since last request: 0.000027 seconds.
  path: Assets/UnityTechnologies/ParticlePack/EffectExamples/Fire & Explosion Effects/Prefabs/EnergyExplosion.prefab
  artifactKey: Guid(9bba9cf244c53c5439505dfc96fdd11c) Importer(2089858483,192608db42251d675da83286b1cce702)
Start importing Assets/UnityTechnologies/ParticlePack/EffectExamples/Fire & Explosion Effects/Prefabs/EnergyExplosion.prefab using Guid(9bba9cf244c53c5439505dfc96fdd11c) Importer(2089858483,192608db42251d675da83286b1cce702) (ScriptedImporter) -> (artifact id: '0719ac57b30f93de14fe4c0e57a2eec7') in 0.0560771 seconds
Number of updated asset objects reloaded before import = 0Number of asset objects unloaded after import = 18

========================================================================
Received Import Request.
  Time since last request: 0.000032 seconds.
  path: Assets/UnityTechnologies/ParticlePack/Shared/Environment/Models/LongOverhangWall.fbx
  artifactKey: Guid(8e725cb41275efd4b90ded8d12a97e28) Importer(2089858483,192608db42251d675da83286b1cce702)
Start importing Assets/UnityTechnologies/ParticlePack/Shared/Environment/Models/LongOverhangWall.fbx using Guid(8e725cb41275efd4b90ded8d12a97e28) Importer(2089858483,192608db42251d675da83286b1cce702) (ScriptedImporter) -> (artifact id: '9c49e9729863ab22064da31fe2d87bad') in 0.0198706 seconds
Number of updated asset objects reloaded before import = 0Number of asset objects unloaded after import = 14

========================================================================
Received Import Request.
  Time since last request: 0.000039 seconds.
  path: Assets/UnityTechnologies/ParticlePack/EffectExamples/Fire & Explosion Effects/Materials/Flame02.mat
  artifactKey: Guid(bd8c234372a08af408b82538314378fe) Importer(2089858483,192608db42251d675da83286b1cce702)
Start importing Assets/UnityTechnologies/ParticlePack/EffectExamples/Fire & Explosion Effects/Materials/Flame02.mat using Guid(bd8c234372a08af408b82538314378fe) Importer(2089858483,192608db42251d675da83286b1cce702) (ScriptedImporter) -> (artifact id: 'af53f2ae7ce9394b05909d1a540ed36a') in 0.0286808 seconds
Number of updated asset objects reloaded before import = 0Number of asset objects unloaded after import = 2

========================================================================
Received Import Request.
  Time since last request: 0.000031 seconds.
  path: Assets/UnityTechnologies/ParticlePack/Scenes
  artifactKey: Guid(6e2175e19ead3b341ad1be4afbe9075a) Importer(2089858483,192608db42251d675da83286b1cce702)
Start importing Assets/UnityTechnologies/ParticlePack/Scenes using Guid(6e2175e19ead3b341ad1be4afbe9075a) Importer(2089858483,192608db42251d675da83286b1cce702) (ScriptedImporter) -> (artifact id: 'bde4113715b76d3b79c391a4c785eb03') in 0.0106914 seconds
Number of updated asset objects reloaded before import = 0Number of asset objects unloaded after import = 1

========================================================================
Received Import Request.
  Time since last request: 0.000040 seconds.
  path: Assets/UnityTechnologies/ParticlePack/EffectExamples/Fire & Explosion Effects/Materials/Flame03.mat
  artifactKey: Guid(d7f098ed9997e714193be5e86df013f4) Importer(2089858483,192608db42251d675da83286b1cce702)
Start importing Assets/UnityTechnologies/ParticlePack/EffectExamples/Fire & Explosion Effects/Materials/Flame03.mat using Guid(d7f098ed9997e714193be5e86df013f4) Importer(2089858483,192608db42251d675da83286b1cce702) (ScriptedImporter) -> (artifact id: '8f59e55072cab3e29148f6284f522c8f') in 0.0310335 seconds
Number of updated asset objects reloaded before import = 0Number of asset objects unloaded after import = 2

========================================================================
Received Import Request.
  Time since last request: 0.000025 seconds.
  path: Assets/UnityTechnologies/ParticlePack/EffectExamples/Fire & Explosion Effects/Textures/EnergyEffect.tif
  artifactKey: Guid(5dd198d85c911d44f8a3f9f9d6b00be4) Importer(2089858483,192608db42251d675da83286b1cce702)
Start importing Assets/UnityTechnologies/ParticlePack/EffectExamples/Fire & Explosion Effects/Textures/EnergyEffect.tif using Guid(5dd198d85c911d44f8a3f9f9d6b00be4) Importer(2089858483,192608db42251d675da83286b1cce702) (ScriptedImporter) -> (artifact id: '3d5dc0c08175541475a930acd49d1fb8') in 0.0347522 seconds
Number of updated asset objects reloaded before import = 0Number of asset objects unloaded after import = 1

========================================================================
Received Import Request.
  Time since last request: 0.000028 seconds.
  path: Assets/TextMesh Pro/Shaders/TMP_SDF.shader
  artifactKey: Guid(68e6db2ebdc24f95958faec2be5558d6) Importer(2089858483,192608db42251d675da83286b1cce702)
Start importing Assets/TextMesh Pro/Shaders/TMP_SDF.shader using Guid(68e6db2ebdc24f95958faec2be5558d6) Importer(2089858483,192608db42251d675da83286b1cce702) (ScriptedImporter) -> (artifact id: '02a5867a07de7c690021d17e10bc5081') in 0.0222258 seconds
Number of updated asset objects reloaded before import = 0Number of asset objects unloaded after import = 1

========================================================================
Received Import Request.
  Time since last request: 0.000025 seconds.
  path: Assets/UnityTechnologies/ParticlePack/EffectExamples/Legacy Particles/Textures/WaterRippleEdgeParticle.tif
  artifactKey: Guid(0d42969205605384aacd59e290220577) Importer(2089858483,192608db42251d675da83286b1cce702)
Start importing Assets/UnityTechnologies/ParticlePack/EffectExamples/Legacy Particles/Textures/WaterRippleEdgeParticle.tif using Guid(0d42969205605384aacd59e290220577) Importer(2089858483,192608db42251d675da83286b1cce702) (ScriptedImporter) -> (artifact id: '9c5c341948c12f89e10cfa6237aa586c') in 0.0188205 seconds
Number of updated asset objects reloaded before import = 0Number of asset objects unloaded after import = 1

========================================================================
Received Import Request.
  Time since last request: 0.000024 seconds.
  path: Assets/UnityTechnologies/ParticlePack/EffectExamples/Misc Effects/Models/Candle.fbx
  artifactKey: Guid(47422950376b0d8458d22d6185bcdcb3) Importer(2089858483,192608db42251d675da83286b1cce702)
Start importing Assets/UnityTechnologies/ParticlePack/EffectExamples/Misc Effects/Models/Candle.fbx using Guid(47422950376b0d8458d22d6185bcdcb3) Importer(2089858483,192608db42251d675da83286b1cce702) (ScriptedImporter) -> (artifact id: '15f504b5cbdd5a196da3f7a95165f0b7') in 0.0228533 seconds
Number of updated asset objects reloaded before import = 0Number of asset objects unloaded after import = 7

========================================================================
Received Import Request.
  Time since last request: 0.000040 seconds.
  path: Assets/UnityTechnologies/ParticlePack/Shared/Ramps/Editor/RampAssetEditor.cs
  artifactKey: Guid(0939ef1fe67b3477e8058638b5924ab5) Importer(2089858483,192608db42251d675da83286b1cce702)
Start importing Assets/UnityTechnologies/ParticlePack/Shared/Ramps/Editor/RampAssetEditor.cs using Guid(0939ef1fe67b3477e8058638b5924ab5) Importer(2089858483,192608db42251d675da83286b1cce702) (ScriptedImporter) -> (artifact id: '0a58eb90485f7d1edf01ab2c3459b340') in 0.0153107 seconds
Number of updated asset objects reloaded before import = 0Number of asset objects unloaded after import = 0

========================================================================
Received Import Request.
  Time since last request: 0.000097 seconds.
  path: Assets/UnityTechnologies/ParticlePack/EffectExamples/Fire & Explosion Effects/Materials/DebrisParticle.mat
  artifactKey: Guid(72815344e9e9c7446895e130936932d7) Importer(2089858483,192608db42251d675da83286b1cce702)
Start importing Assets/UnityTechnologies/ParticlePack/EffectExamples/Fire & Explosion Effects/Materials/DebrisParticle.mat using Guid(72815344e9e9c7446895e130936932d7) Importer(2089858483,192608db42251d675da83286b1cce702) (ScriptedImporter) -> (artifact id: '09dba90a89bef743f8c414b74ea104d4') in 0.0263561 seconds
Number of updated asset objects reloaded before import = 0Number of asset objects unloaded after import = 3

========================================================================
Received Import Request.
  Time since last request: 0.000027 seconds.
  path: Assets/UnityTechnologies/ParticlePack/Shared/Environment/Prefabs/EndWall.prefab
  artifactKey: Guid(a53fe34087284794dbe0aad895670634) Importer(2089858483,192608db42251d675da83286b1cce702)
Start importing Assets/UnityTechnologies/ParticlePack/Shared/Environment/Prefabs/EndWall.prefab using Guid(a53fe34087284794dbe0aad895670634) Importer(2089858483,192608db42251d675da83286b1cce702) (ScriptedImporter) -> (artifact id: '57aa2245129512652362b6eecd93ae5e') in 0.0231453 seconds
Number of updated asset objects reloaded before import = 0Number of asset objects unloaded after import = 14

========================================================================
Received Import Request.
  Time since last request: 0.000035 seconds.
  path: Assets/TextMesh Pro/Shaders/TMP_SDF-Mobile SSD.shader
  artifactKey: Guid(c8d12adcee749c344b8117cf7c7eb912) Importer(2089858483,192608db42251d675da83286b1cce702)
Start importing Assets/TextMesh Pro/Shaders/TMP_SDF-Mobile SSD.shader using Guid(c8d12adcee749c344b8117cf7c7eb912) Importer(2089858483,192608db42251d675da83286b1cce702) (ScriptedImporter) -> (artifact id: 'c9b4845d3bdc8d656bb0c3d53a3aff0d') in 0.0239386 seconds
Number of updated asset objects reloaded before import = 0Number of asset objects unloaded after import = 1

========================================================================
Received Import Request.
  Time since last request: 0.000103 seconds.
  path: Assets/UnityTechnologies/ParticlePack/EffectExamples/Smoke & Steam Effects/Materials
  artifactKey: Guid(7f7f6a9929ba6b6478e80a1dfdf70141) Importer(2089858483,192608db42251d675da83286b1cce702)
Start importing Assets/UnityTechnologies/ParticlePack/EffectExamples/Smoke & Steam Effects/Materials using Guid(7f7f6a9929ba6b6478e80a1dfdf70141) Importer(2089858483,192608db42251d675da83286b1cce702) (ScriptedImporter) -> (artifact id: '57bf4b69662c04eb43512406562a9fd0') in 0.01231 seconds
Number of updated asset objects reloaded before import = 0Number of asset objects unloaded after import = 1

========================================================================
Received Import Request.
  Time since last request: 0.000140 seconds.
  path: Assets/UnityTechnologies/ParticlePack/Scenes/Main Scene with Legacy Particles/Lightmap-0_comp_light.exr
  artifactKey: Guid(bff849926a4097a4d9bcfea8c5bcc11e) Importer(2089858483,192608db42251d675da83286b1cce702)
Start importing Assets/UnityTechnologies/ParticlePack/Scenes/Main Scene with Legacy Particles/Lightmap-0_comp_light.exr using Guid(bff849926a4097a4d9bcfea8c5bcc11e) Importer(2089858483,192608db42251d675da83286b1cce702) (ScriptedImporter) -> (artifact id: 'ac774199d5ae22f3d01f95a5ac32008c') in 0.0310176 seconds
Number of updated asset objects reloaded before import = 0Number of asset objects unloaded after import = 1

========================================================================
Received Import Request.
  Time since last request: 0.000028 seconds.
  path: Assets/UnityTechnologies/ParticlePack/Shared/Environment/Models/FloorLong.fbx
  artifactKey: Guid(446cd81926e0f8f41ba901232882f7eb) Importer(2089858483,192608db42251d675da83286b1cce702)
Start importing Assets/UnityTechnologies/ParticlePack/Shared/Environment/Models/FloorLong.fbx using Guid(446cd81926e0f8f41ba901232882f7eb) Importer(2089858483,192608db42251d675da83286b1cce702) (ScriptedImporter) -> (artifact id: 'ba3a85f828482cd66c5e815b526a6558') in 0.0219982 seconds
Number of updated asset objects reloaded before import = 0Number of asset objects unloaded after import = 7

========================================================================
Received Import Request.
  Time since last request: 0.000025 seconds.
  path: Assets/TextMesh Pro/Shaders/TMP_Bitmap.shader
  artifactKey: Guid(128e987d567d4e2c824d754223b3f3b0) Importer(2089858483,192608db42251d675da83286b1cce702)
Start importing Assets/TextMesh Pro/Shaders/TMP_Bitmap.shader using Guid(128e987d567d4e2c824d754223b3f3b0) Importer(2089858483,192608db42251d675da83286b1cce702) (ScriptedImporter) -> (artifact id: 'b86e6a1d5f78f9cf51267ffb01713fdc') in 0.0235589 seconds
Number of updated asset objects reloaded before import = 0Number of asset objects unloaded after import = 1

========================================================================
Received Import Request.
  Time since last request: 0.000031 seconds.
  path: Assets/UnityTechnologies/ParticlePack/EffectExamples/Smoke & Steam Effects/Prefabs/HeatDistortion.prefab
  artifactKey: Guid(ea309e8646148c24ab067d84d5d22697) Importer(2089858483,192608db42251d675da83286b1cce702)
Start importing Assets/UnityTechnologies/ParticlePack/EffectExamples/Smoke & Steam Effects/Prefabs/HeatDistortion.prefab using Guid(ea309e8646148c24ab067d84d5d22697) Importer(2089858483,192608db42251d675da83286b1cce702) (ScriptedImporter) -> (artifact id: '910ed81f0afe3508a00662a5ab758c49') in 0.0472684 seconds
Number of updated asset objects reloaded before import = 0Number of asset objects unloaded after import = 6

========================================================================
Received Import Request.
  Time since last request: 0.000038 seconds.
  path: Assets/UnityTechnologies/ParticlePack/EffectExamples/Goop Effects/Prefabs
  artifactKey: Guid(81fe257bbe1f3de4d8993c136ed6c362) Importer(2089858483,192608db42251d675da83286b1cce702)
Start importing Assets/UnityTechnologies/ParticlePack/EffectExamples/Goop Effects/Prefabs using Guid(81fe257bbe1f3de4d8993c136ed6c362) Importer(2089858483,192608db42251d675da83286b1cce702) (ScriptedImporter) -> (artifact id: '617693a5343fa8ea53dab65552855507') in 0.0152107 seconds
Number of updated asset objects reloaded before import = 0Number of asset objects unloaded after import = 1

========================================================================
Received Import Request.
  Time since last request: 0.000036 seconds.
  path: Assets/UnityTechnologies/ParticlePack/EffectExamples/Magic Effects/Models/IceShard.FBX
  artifactKey: Guid(a7ca52bcb825d7044a8afdfd569507c9) Importer(2089858483,192608db42251d675da83286b1cce702)
Start importing Assets/UnityTechnologies/ParticlePack/EffectExamples/Magic Effects/Models/IceShard.FBX using Guid(a7ca52bcb825d7044a8afdfd569507c9) Importer(2089858483,192608db42251d675da83286b1cce702) (ScriptedImporter) -> (artifact id: 'de2c7a2fa72f8c377556f1d5e10e85c0') in 0.0235996 seconds
Number of updated asset objects reloaded before import = 0Number of asset objects unloaded after import = 19

========================================================================
Received Import Request.
  Time since last request: 0.000022 seconds.
  path: Assets/UnityTechnologies/ParticlePack/EffectExamples/Legacy Particles/Prefabs/RainEffect.prefab
  artifactKey: Guid(d0c0b49979d372942ae5a964d9364111) Importer(2089858483,192608db42251d675da83286b1cce702)
Start importing Assets/UnityTechnologies/ParticlePack/EffectExamples/Legacy Particles/Prefabs/RainEffect.prefab using Guid(d0c0b49979d372942ae5a964d9364111) Importer(2089858483,192608db42251d675da83286b1cce702) (ScriptedImporter) -> (artifact id: '1c99ea3fcfc188f4fd15ef27b939edf5') in 0.0339293 seconds
Number of updated asset objects reloaded before import = 0Number of asset objects unloaded after import = 20

========================================================================
Received Import Request.
  Time since last request: 0.000049 seconds.
  path: Assets/UnityTechnologies/ParticlePack/Shared/Environment/Textures/MetalTrim_MetallicSmooth.tif
  artifactKey: Guid(d580c3c76245fea46b16f5adc019967a) Importer(2089858483,192608db42251d675da83286b1cce702)
Start importing Assets/UnityTechnologies/ParticlePack/Shared/Environment/Textures/MetalTrim_MetallicSmooth.tif using Guid(d580c3c76245fea46b16f5adc019967a) Importer(2089858483,192608db42251d675da83286b1cce702) (ScriptedImporter) -> (artifact id: '800f50edc059c540897780083cee5c1a') in 0.0315028 seconds
Number of updated asset objects reloaded before import = 0Number of asset objects unloaded after import = 1

========================================================================
Received Import Request.
  Time since last request: 0.000027 seconds.
  path: Assets/UnityTechnologies/ParticlePack/Shared/Scripts
  artifactKey: Guid(bd22c1c7cfb6a0f469bbe1805930df50) Importer(2089858483,192608db42251d675da83286b1cce702)
Start importing Assets/UnityTechnologies/ParticlePack/Shared/Scripts using Guid(bd22c1c7cfb6a0f469bbe1805930df50) Importer(2089858483,192608db42251d675da83286b1cce702) (ScriptedImporter) -> (artifact id: '94d19bcdc12295ac00b07ec7e169668b') in 0.0154651 seconds
Number of updated asset objects reloaded before import = 0Number of asset objects unloaded after import = 1

========================================================================
Received Import Request.
  Time since last request: 0.000033 seconds.
  path: Assets/UnityTechnologies/ParticlePack/EffectExamples/Legacy Particles/Materials/WaterRipplesParticle.mat
  artifactKey: Guid(c185392cb22aeb741a03d966a7012837) Importer(2089858483,192608db42251d675da83286b1cce702)
Start importing Assets/UnityTechnologies/ParticlePack/EffectExamples/Legacy Particles/Materials/WaterRipplesParticle.mat using Guid(c185392cb22aeb741a03d966a7012837) Importer(2089858483,192608db42251d675da83286b1cce702) (ScriptedImporter) -> (artifact id: '57f7c7514f6f406128d99c576328d7a5') in 0.017376 seconds
Number of updated asset objects reloaded before import = 0Number of asset objects unloaded after import = 3

========================================================================
Received Import Request.
  Time since last request: 0.000036 seconds.
  path: Assets/UnityTechnologies/ParticlePack/EffectExamples/Weapon Effects/Materials/DustPuffParticle.mat
  artifactKey: Guid(1402721190994cd46b64bf7cba78f5d8) Importer(2089858483,192608db42251d675da83286b1cce702)
Start importing Assets/UnityTechnologies/ParticlePack/EffectExamples/Weapon Effects/Materials/DustPuffParticle.mat using Guid(1402721190994cd46b64bf7cba78f5d8) Importer(2089858483,192608db42251d675da83286b1cce702) (ScriptedImporter) -> (artifact id: '0e013844c451389c22b5070abd7ed4bb') in 0.0163349 seconds
Number of updated asset objects reloaded before import = 0Number of asset objects unloaded after import = 3

========================================================================
Received Import Request.
  Time since last request: 0.000021 seconds.
  path: Assets/UnityTechnologies/ParticlePack/EffectExamples/Fire & Explosion Effects/Textures/Ramp03.png
  artifactKey: Guid(595a5c1164fec844f8e6b477620221f6) Importer(2089858483,192608db42251d675da83286b1cce702)
Start importing Assets/UnityTechnologies/ParticlePack/EffectExamples/Fire & Explosion Effects/Textures/Ramp03.png using Guid(595a5c1164fec844f8e6b477620221f6) Importer(2089858483,192608db42251d675da83286b1cce702) (ScriptedImporter) -> (artifact id: '0b1d42c3b3e9f194ec34366cac16bf74') in 0.0296228 seconds
Number of updated asset objects reloaded before import = 0Number of asset objects unloaded after import = 1

========================================================================
Received Import Request.
  Time since last request: 0.000065 seconds.
  path: Assets/UnityTechnologies/ParticlePack/Shared/Environment/Models/FloorTiny.fbx
  artifactKey: Guid(9446cfbf8049f8840a94568ebfd2ea85) Importer(2089858483,192608db42251d675da83286b1cce702)
Start importing Assets/UnityTechnologies/ParticlePack/Shared/Environment/Models/FloorTiny.fbx using Guid(9446cfbf8049f8840a94568ebfd2ea85) Importer(2089858483,192608db42251d675da83286b1cce702) (ScriptedImporter) -> (artifact id: '51d79a1a78fbb3d3d4cfef6e69e18aff') in 0.027141 seconds
Number of updated asset objects reloaded before import = 0Number of asset objects unloaded after import = 7

========================================================================
Received Import Request.
  Time since last request: 0.000021 seconds.
  path: Assets/UnityTechnologies/ParticlePack/EffectExamples/Misc Effects/Prefabs/Respawn.prefab
  artifactKey: Guid(bd2fe1eb2e3ba454088c57397144535f) Importer(2089858483,192608db42251d675da83286b1cce702)
Start importing Assets/UnityTechnologies/ParticlePack/EffectExamples/Misc Effects/Prefabs/Respawn.prefab using Guid(bd2fe1eb2e3ba454088c57397144535f) Importer(2089858483,192608db42251d675da83286b1cce702) (ScriptedImporter) -> (artifact id: 'de40271b9aa15ea00534ef1e53c63384') in 0.0346956 seconds
Number of updated asset objects reloaded before import = 0Number of asset objects unloaded after import = 20

========================================================================
Received Import Request.
  Time since last request: 0.000074 seconds.
  path: Assets/UnityTechnologies/ParticlePack/EffectExamples/Fire & Explosion Effects/Textures/Flame03.tif
  artifactKey: Guid(408718fd5f763de42b12f849570ddf58) Importer(2089858483,192608db42251d675da83286b1cce702)
Start importing Assets/UnityTechnologies/ParticlePack/EffectExamples/Fire & Explosion Effects/Textures/Flame03.tif using Guid(408718fd5f763de42b12f849570ddf58) Importer(2089858483,192608db42251d675da83286b1cce702) (ScriptedImporter) -> (artifact id: 'ef4736ceb9a7a9a6ee857848f1a03098') in 0.0246814 seconds
Number of updated asset objects reloaded before import = 0Number of asset objects unloaded after import = 1

========================================================================
Received Import Request.
  Time since last request: 0.000079 seconds.
  path: Assets/UnityTechnologies/ParticlePack/EffectExamples/Smoke & Steam Effects/Prefabs/DustStorm.prefab
  artifactKey: Guid(9e03786a9517b604d8e930182607a128) Importer(2089858483,192608db42251d675da83286b1cce702)
Start importing Assets/UnityTechnologies/ParticlePack/EffectExamples/Smoke & Steam Effects/Prefabs/DustStorm.prefab using Guid(9e03786a9517b604d8e930182607a128) Importer(2089858483,192608db42251d675da83286b1cce702) (ScriptedImporter) -> (artifact id: 'f7cc51660a49444eebb331e8507d08e4') in 0.055585 seconds
Number of updated asset objects reloaded before import = 0Number of asset objects unloaded after import = 15

========================================================================
Received Import Request.
  Time since last request: 0.000020 seconds.
  path: Assets/UnityTechnologies/ParticlePack/EffectExamples/Goop Effects/Textures/GoopPoolNormals.tif
  artifactKey: Guid(969a5ea5264ae2e4cb261f0dfbdb7877) Importer(2089858483,192608db42251d675da83286b1cce702)
Start importing Assets/UnityTechnologies/ParticlePack/EffectExamples/Goop Effects/Textures/GoopPoolNormals.tif using Guid(969a5ea5264ae2e4cb261f0dfbdb7877) Importer(2089858483,192608db42251d675da83286b1cce702) (ScriptedImporter) -> (artifact id: '34f274cb96c025a4f0e9bf74b1fb77a2') in 0.0300464 seconds
Number of updated asset objects reloaded before import = 0Number of asset objects unloaded after import = 1

========================================================================
Received Import Request.
  Time since last request: 0.000023 seconds.
  path: Assets/TextMesh Pro/Shaders/TMPro.cginc
  artifactKey: Guid(407bc68d299748449bbf7f48ee690f8d) Importer(2089858483,192608db42251d675da83286b1cce702)
Start importing Assets/TextMesh Pro/Shaders/TMPro.cginc using Guid(407bc68d299748449bbf7f48ee690f8d) Importer(2089858483,192608db42251d675da83286b1cce702) (ScriptedImporter) -> (artifact id: 'e58598b2a6ab93ba3522d6c4200fa7fe') in 0.0212605 seconds
Number of updated asset objects reloaded before import = 0Number of asset objects unloaded after import = 1

========================================================================
Received Import Request.
  Time since last request: 0.000022 seconds.
  path: Assets/UnityTechnologies/ParticlePack/EffectExamples/Legacy Particles/Textures/ImpactSplashParticle.tif
  artifactKey: Guid(a4948475d3e9a794cad36c380b171ea7) Importer(2089858483,192608db42251d675da83286b1cce702)
Start importing Assets/UnityTechnologies/ParticlePack/EffectExamples/Legacy Particles/Textures/ImpactSplashParticle.tif using Guid(a4948475d3e9a794cad36c380b171ea7) Importer(2089858483,192608db42251d675da83286b1cce702) (ScriptedImporter) -> (artifact id: '7c6eaf9439200065269814ed64d93da7') in 0.0245912 seconds
Number of updated asset objects reloaded before import = 0Number of asset objects unloaded after import = 1

========================================================================
Received Import Request.
  Time since last request: 0.000035 seconds.
  path: Assets/UnityTechnologies/ParticlePack/Shared/Ramps
  artifactKey: Guid(0c4954a152c3b8642b15fcbacde84951) Importer(2089858483,192608db42251d675da83286b1cce702)
Start importing Assets/UnityTechnologies/ParticlePack/Shared/Ramps using Guid(0c4954a152c3b8642b15fcbacde84951) Importer(2089858483,192608db42251d675da83286b1cce702) (ScriptedImporter) -> (artifact id: '7ae47a8cf780e65ed1b8cc032b8b02fa') in 0.0127651 seconds
Number of updated asset objects reloaded before import = 0Number of asset objects unloaded after import = 1

========================================================================
Received Import Request.
  Time since last request: 0.000049 seconds.
  path: Assets/UnityTechnologies/ParticlePack/EffectExamples/Smoke & Steam Effects/Prefabs
  artifactKey: Guid(dbfd7946be19cfa47b39e4ca9a17c511) Importer(2089858483,192608db42251d675da83286b1cce702)
Start importing Assets/UnityTechnologies/ParticlePack/EffectExamples/Smoke & Steam Effects/Prefabs using Guid(dbfd7946be19cfa47b39e4ca9a17c511) Importer(2089858483,192608db42251d675da83286b1cce702) (ScriptedImporter) -> (artifact id: '5296bfff8a97328562a4140a825bae3c') in 0.0124906 seconds
Number of updated asset objects reloaded before import = 0Number of asset objects unloaded after import = 1

========================================================================
Received Import Request.
  Time since last request: 0.000023 seconds.
  path: Assets/UnityTechnologies/ParticlePack/EffectExamples/Smoke & Steam Effects/Prefabs/Steam.prefab
  artifactKey: Guid(378b2c30ef426554495292cb902cb8f4) Importer(2089858483,192608db42251d675da83286b1cce702)
Start importing Assets/UnityTechnologies/ParticlePack/EffectExamples/Smoke & Steam Effects/Prefabs/Steam.prefab using Guid(378b2c30ef426554495292cb902cb8f4) Importer(2089858483,192608db42251d675da83286b1cce702) (ScriptedImporter) -> (artifact id: 'ddd0661b5cbaca8fd77af7fe96fedb77') in 0.0466413 seconds
Number of updated asset objects reloaded before import = 0Number of asset objects unloaded after import = 6

========================================================================
Received Import Request.
  Time since last request: 0.000032 seconds.
  path: Assets/UnityTechnologies/ParticlePack/EffectExamples/Fire & Explosion Effects/Materials/SmokeDark.mat
  artifactKey: Guid(698a8134f4ebbbd4e848648685f68067) Importer(2089858483,192608db42251d675da83286b1cce702)
Start importing Assets/UnityTechnologies/ParticlePack/EffectExamples/Fire & Explosion Effects/Materials/SmokeDark.mat using Guid(698a8134f4ebbbd4e848648685f68067) Importer(2089858483,192608db42251d675da83286b1cce702) (ScriptedImporter) -> (artifact id: 'b04444a882d61af708e7d9803ead9ebb') in 0.0223875 seconds
Number of updated asset objects reloaded before import = 0Number of asset objects unloaded after import = 3

========================================================================
Received Import Request.
  Time since last request: 0.000026 seconds.
  path: Assets/TextMesh Pro/Shaders/TMP_SDF-Surface-Mobile.shader
  artifactKey: Guid(85187c2149c549c5b33f0cdb02836b17) Importer(2089858483,192608db42251d675da83286b1cce702)
Start importing Assets/TextMesh Pro/Shaders/TMP_SDF-Surface-Mobile.shader using Guid(85187c2149c549c5b33f0cdb02836b17) Importer(2089858483,192608db42251d675da83286b1cce702) (ScriptedImporter) -> (artifact id: '8765c2f706be82de10c2bf57942d16d4') in 0.0254421 seconds
Number of updated asset objects reloaded before import = 0Number of asset objects unloaded after import = 1

========================================================================
Received Import Request.
  Time since last request: 0.000029 seconds.
  path: Assets/UnityTechnologies/ParticlePack/Scenes/Profiles
  artifactKey: Guid(e53f870e0a6f50d4aa774929c7ba3555) Importer(2089858483,192608db42251d675da83286b1cce702)
Start importing Assets/UnityTechnologies/ParticlePack/Scenes/Profiles using Guid(e53f870e0a6f50d4aa774929c7ba3555) Importer(2089858483,192608db42251d675da83286b1cce702) (ScriptedImporter) -> (artifact id: '214c7a3342078df5cdf5f89636238c70') in 0.010586 seconds
Number of updated asset objects reloaded before import = 0Number of asset objects unloaded after import = 1

========================================================================
Received Import Request.
  Time since last request: 0.000034 seconds.
  path: Assets/UnityTechnologies/ParticlePack/EffectExamples/Fire & Explosion Effects/Textures/Fireball.tif
  artifactKey: Guid(8de8e22f7a7bd4442994c4abcb489b97) Importer(2089858483,192608db42251d675da83286b1cce702)
Start importing Assets/UnityTechnologies/ParticlePack/EffectExamples/Fire & Explosion Effects/Textures/Fireball.tif using Guid(8de8e22f7a7bd4442994c4abcb489b97) Importer(2089858483,192608db42251d675da83286b1cce702) (ScriptedImporter) -> (artifact id: '4a1769d187052c029901d8ef533deec2') in 0.0215804 seconds
Number of updated asset objects reloaded before import = 0Number of asset objects unloaded after import = 1

========================================================================
Received Import Request.
  Time since last request: 0.000028 seconds.
  path: Assets/UnityTechnologies/ParticlePack/Scenes/Main Scene with Legacy Particles/ReflectionProbe-1.exr
  artifactKey: Guid(657ea546cd44cd1439c05ff37e2371d4) Importer(2089858483,192608db42251d675da83286b1cce702)
Start importing Assets/UnityTechnologies/ParticlePack/Scenes/Main Scene with Legacy Particles/ReflectionProbe-1.exr using Guid(657ea546cd44cd1439c05ff37e2371d4) Importer(2089858483,192608db42251d675da83286b1cce702) (ScriptedImporter) -> (artifact id: 'e3985abca0ca7bbfdb7e32bd15869fca') in 0.0315651 seconds
Number of updated asset objects reloaded before import = 0Number of asset objects unloaded after import = 1

========================================================================
Received Import Request.
  Time since last request: 0.000086 seconds.
  path: Assets/UnityTechnologies/ParticlePack/EffectExamples/Smoke & Steam Effects/Materials/SmokeySteam01.mat
  artifactKey: Guid(df0a9d4a1d2f26c4eb697a71ac5b82d6) Importer(2089858483,192608db42251d675da83286b1cce702)
Start importing Assets/UnityTechnologies/ParticlePack/EffectExamples/Smoke & Steam Effects/Materials/SmokeySteam01.mat using Guid(df0a9d4a1d2f26c4eb697a71ac5b82d6) Importer(2089858483,192608db42251d675da83286b1cce702) (ScriptedImporter) -> (artifact id: '4a72375d3131b9b7b184e5c1db46eec8') in 0.0178189 seconds
Number of updated asset objects reloaded before import = 0Number of asset objects unloaded after import = 3

========================================================================
Received Import Request.
  Time since last request: 0.000023 seconds.
  path: Assets/Spoiled Unknown/XtremeFPS/Weapon/Effects/Textures/FleshBulletHoleNormal.tif
  artifactKey: Guid(372fe723afe65ed41a5b38da5faf82a1) Importer(2089858483,192608db42251d675da83286b1cce702)
Start importing Assets/Spoiled Unknown/XtremeFPS/Weapon/Effects/Textures/FleshBulletHoleNormal.tif using Guid(372fe723afe65ed41a5b38da5faf82a1) Importer(2089858483,192608db42251d675da83286b1cce702) (ScriptedImporter) -> (artifact id: '067d9ac729725e727212dc4a64c7f72f') in 0.0188152 seconds
Number of updated asset objects reloaded before import = 0Number of asset objects unloaded after import = 1

========================================================================
Received Import Request.
  Time since last request: 0.000111 seconds.
  path: Assets/TextMesh Pro/Shaders/TMP_SDF-Surface.shader
  artifactKey: Guid(f7ada0af4f174f0694ca6a487b8f543d) Importer(2089858483,192608db42251d675da83286b1cce702)
Start importing Assets/TextMesh Pro/Shaders/TMP_SDF-Surface.shader using Guid(f7ada0af4f174f0694ca6a487b8f543d) Importer(2089858483,192608db42251d675da83286b1cce702) (ScriptedImporter) -> (artifact id: '884a7adb0ed25c2949ae0ddc54d0667c') in 0.0214536 seconds
Number of updated asset objects reloaded before import = 0Number of asset objects unloaded after import = 1

========================================================================
Received Import Request.
  Time since last request: 0.000029 seconds.
  path: Assets/UnityTechnologies/ParticlePack/EffectExamples/Misc Effects/Materials/DissolveLineHorizontal.mat
  artifactKey: Guid(54bb7066a4ea72c4f833f9113a38c9e7) Importer(2089858483,192608db42251d675da83286b1cce702)
Start importing Assets/UnityTechnologies/ParticlePack/EffectExamples/Misc Effects/Materials/DissolveLineHorizontal.mat using Guid(54bb7066a4ea72c4f833f9113a38c9e7) Importer(2089858483,192608db42251d675da83286b1cce702) (ScriptedImporter) -> (artifact id: '5cf7ce4ac6ed67c807baa0cd85040b49') in 0.0225805 seconds
Number of updated asset objects reloaded before import = 0Number of asset objects unloaded after import = 6

========================================================================
Received Import Request.
  Time since last request: 0.000034 seconds.
  path: Assets/UnityTechnologies/ParticlePack/EffectExamples/Magic Effects/Textures/EarthCrackEmissive.tif
  artifactKey: Guid(77c621fe6d401b943993b4d3131e17a1) Importer(2089858483,192608db42251d675da83286b1cce702)
Start importing Assets/UnityTechnologies/ParticlePack/EffectExamples/Magic Effects/Textures/EarthCrackEmissive.tif using Guid(77c621fe6d401b943993b4d3131e17a1) Importer(2089858483,192608db42251d675da83286b1cce702) (ScriptedImporter) -> (artifact id: 'e6abf5fa4935873de42161fdca36bf30') in 0.0304008 seconds
Number of updated asset objects reloaded before import = 0Number of asset objects unloaded after import = 1

========================================================================
Received Import Request.
  Time since last request: 0.000036 seconds.
  path: Assets/UnityTechnologies/ParticlePack/EffectExamples/Magic Effects/Prefabs/EarthShatter.prefab
  artifactKey: Guid(32c9fd11a72259d45aa26ae41c34c5aa) Importer(2089858483,192608db42251d675da83286b1cce702)
Start importing Assets/UnityTechnologies/ParticlePack/EffectExamples/Magic Effects/Prefabs/EarthShatter.prefab using Guid(32c9fd11a72259d45aa26ae41c34c5aa) Importer(2089858483,192608db42251d675da83286b1cce702) (ScriptedImporter) -> (artifact id: '3c5a0b25b1b6b69e9825ab56d7d2ae75') in 0.0586007 seconds
Number of updated asset objects reloaded before import = 0Number of asset objects unloaded after import = 36

========================================================================
Received Import Request.
  Time since last request: 0.000084 seconds.
  path: Assets/TextMesh Pro/Resources/Style Sheets
  artifactKey: Guid(4aecb92fff08436c8303b10eab8da368) Importer(2089858483,192608db42251d675da83286b1cce702)
Start importing Assets/TextMesh Pro/Resources/Style Sheets using Guid(4aecb92fff08436c8303b10eab8da368) Importer(2089858483,192608db42251d675da83286b1cce702) (ScriptedImporter) -> (artifact id: '483f06a93a071011e85eb4cfbba2d23f') in 0.0134068 seconds
Number of updated asset objects reloaded before import = 0Number of asset objects unloaded after import = 1

========================================================================
Received Import Request.
  Time since last request: 0.000024 seconds.
  path: Assets/UnityTechnologies/ParticlePack/EffectExamples/Fire & Explosion Effects/Textures/MedumFlame02.tif
  artifactKey: Guid(abae5aff661c865459feb3f058a09ae9) Importer(2089858483,192608db42251d675da83286b1cce702)
Start importing Assets/UnityTechnologies/ParticlePack/EffectExamples/Fire & Explosion Effects/Textures/MedumFlame02.tif using Guid(abae5aff661c865459feb3f058a09ae9) Importer(2089858483,192608db42251d675da83286b1cce702) (ScriptedImporter) -> (artifact id: 'f4048ba3a47cb020f58a606436af6eb8') in 0.0264099 seconds
Number of updated asset objects reloaded before import = 0Number of asset objects unloaded after import = 1

========================================================================
Received Import Request.
  Time since last request: 0.000075 seconds.
  path: Assets/Spoiled Unknown/XtremeFPS/Weapon/Effects/Textures/TinyStones.png
  artifactKey: Guid(f5f94e20533a400479359f21c26305a5) Importer(2089858483,192608db42251d675da83286b1cce702)
Start importing Assets/Spoiled Unknown/XtremeFPS/Weapon/Effects/Textures/TinyStones.png using Guid(f5f94e20533a400479359f21c26305a5) Importer(2089858483,192608db42251d675da83286b1cce702) (ScriptedImporter) -> (artifact id: 'b0302b2582c3b06853d3957786859d8a') in 0.0210738 seconds
Number of updated asset objects reloaded before import = 0Number of asset objects unloaded after import = 1

========================================================================
Received Import Request.
  Time since last request: 0.000041 seconds.
  path: Assets/UnityTechnologies/ParticlePack/Shared/Environment/Prefabs/SideWall.prefab
  artifactKey: Guid(2ed68cc4c6f4c5d42bb123a2bc92d4d9) Importer(2089858483,192608db42251d675da83286b1cce702)
Start importing Assets/UnityTechnologies/ParticlePack/Shared/Environment/Prefabs/SideWall.prefab using Guid(2ed68cc4c6f4c5d42bb123a2bc92d4d9) Importer(2089858483,192608db42251d675da83286b1cce702) (ScriptedImporter) -> (artifact id: '14237c99a058f12f2a35a6992258318c') in 0.0323821 seconds
Number of updated asset objects reloaded before import = 0Number of asset objects unloaded after import = 15

========================================================================
Received Import Request.
  Time since last request: 0.000034 seconds.
  path: Assets/UnityTechnologies/ParticlePack/EffectExamples/Fire & Explosion Effects/Materials/EnergyExplosion.mat
  artifactKey: Guid(bf88af72084132746823869f28b070f8) Importer(2089858483,192608db42251d675da83286b1cce702)
Start importing Assets/UnityTechnologies/ParticlePack/EffectExamples/Fire & Explosion Effects/Materials/EnergyExplosion.mat using Guid(bf88af72084132746823869f28b070f8) Importer(2089858483,192608db42251d675da83286b1cce702) (ScriptedImporter) -> (artifact id: '0c1fa8c3da43123f86c4654e80cd531c') in 0.0261085 seconds
Number of updated asset objects reloaded before import = 0Number of asset objects unloaded after import = 2

========================================================================
Received Import Request.
  Time since last request: 0.000022 seconds.
  path: Assets/UnityTechnologies/ParticlePack/EffectExamples/Misc Effects/Scripts
  artifactKey: Guid(8d98e9557e9a66d49abbef2de86dcb6b) Importer(2089858483,192608db42251d675da83286b1cce702)
Start importing Assets/UnityTechnologies/ParticlePack/EffectExamples/Misc Effects/Scripts using Guid(8d98e9557e9a66d49abbef2de86dcb6b) Importer(2089858483,192608db42251d675da83286b1cce702) (ScriptedImporter) -> (artifact id: '336ce50c09dcc3a0611f44264be2e4bf') in 0.0119349 seconds
Number of updated asset objects reloaded before import = 0Number of asset objects unloaded after import = 1

========================================================================
Received Import Request.
  Time since last request: 0.000058 seconds.
  path: Assets/UnityTechnologies/ParticlePack/EffectExamples/Magic Effects/Textures/Ramp01.png
  artifactKey: Guid(71187563f01d2654d96d736a7c082f68) Importer(2089858483,192608db42251d675da83286b1cce702)
Start importing Assets/UnityTechnologies/ParticlePack/EffectExamples/Magic Effects/Textures/Ramp01.png using Guid(71187563f01d2654d96d736a7c082f68) Importer(2089858483,192608db42251d675da83286b1cce702) (ScriptedImporter) -> (artifact id: '3ffb8c062322e258f9f17abdab55a9ad') in 0.0412731 seconds
Number of updated asset objects reloaded before import = 0Number of asset objects unloaded after import = 1

========================================================================
Received Import Request.
  Time since last request: 0.000038 seconds.
  path: Assets/Spoiled Unknown/XtremeFPS/Weapon/Effects/Prefabs/FleshImpacts.prefab
  artifactKey: Guid(24b82347924701148a13c746edfb6b22) Importer(2089858483,192608db42251d675da83286b1cce702)
Start importing Assets/Spoiled Unknown/XtremeFPS/Weapon/Effects/Prefabs/FleshImpacts.prefab using Guid(24b82347924701148a13c746edfb6b22) Importer(2089858483,192608db42251d675da83286b1cce702) (ScriptedImporter) -> (artifact id: '3d640a4635cebff0347d039ca3eea806') in 0.0370191 seconds
Number of updated asset objects reloaded before import = 0Number of asset objects unloaded after import = 23

========================================================================
Received Import Request.
  Time since last request: 0.000039 seconds.
  path: Assets/UnityTechnologies/ParticlePack/EffectExamples/Legacy Particles/Textures/WaterfallDropTexture.tif
  artifactKey: Guid(4c7faa55abd0f344fa05772d2e92c07d) Importer(2089858483,192608db42251d675da83286b1cce702)
Start importing Assets/UnityTechnologies/ParticlePack/EffectExamples/Legacy Particles/Textures/WaterfallDropTexture.tif using Guid(4c7faa55abd0f344fa05772d2e92c07d) Importer(2089858483,192608db42251d675da83286b1cce702) (ScriptedImporter) -> (artifact id: '6c5a9892c1c1525c645462ed4c9a0698') in 0.0281595 seconds
Number of updated asset objects reloaded before import = 0Number of asset objects unloaded after import = 1

========================================================================
Received Import Request.
  Time since last request: 0.000084 seconds.
  path: Assets/UnityTechnologies/ParticlePack/EffectExamples/Misc Effects/Prefabs/SparksEffect.prefab
  artifactKey: Guid(78b71003e8b357d4bbf89c8b5e5e4f0e) Importer(2089858483,192608db42251d675da83286b1cce702)
Start importing Assets/UnityTechnologies/ParticlePack/EffectExamples/Misc Effects/Prefabs/SparksEffect.prefab using Guid(78b71003e8b357d4bbf89c8b5e5e4f0e) Importer(2089858483,192608db42251d675da83286b1cce702) (ScriptedImporter) -> (artifact id: 'f12b788037bda5aa0e6466f1c0495d0c') in 0.0528566 seconds
Number of updated asset objects reloaded before import = 0Number of asset objects unloaded after import = 18

========================================================================
Received Import Request.
  Time since last request: 0.000028 seconds.
  path: Assets/UnityTechnologies/ParticlePack/EffectExamples/Legacy Particles
  artifactKey: Guid(83a5850d21b01534f995163fa98ce3e8) Importer(2089858483,192608db42251d675da83286b1cce702)
Start importing Assets/UnityTechnologies/ParticlePack/EffectExamples/Legacy Particles using Guid(83a5850d21b01534f995163fa98ce3e8) Importer(2089858483,192608db42251d675da83286b1cce702) (ScriptedImporter) -> (artifact id: '0783317107dfbe751f044b131711b485') in 0.0126553 seconds
Number of updated asset objects reloaded before import = 0Number of asset objects unloaded after import = 1

========================================================================
Received Import Request.
  Time since last request: 0.000023 seconds.
  path: Assets/UnityTechnologies/ParticlePack/EffectExamples/Goop Effects/Textures/GoopPoolAlbedo.tif
  artifactKey: Guid(b4e688a60e266c340b1f84c510a4c102) Importer(2089858483,192608db42251d675da83286b1cce702)
Start importing Assets/UnityTechnologies/ParticlePack/EffectExamples/Goop Effects/Textures/GoopPoolAlbedo.tif using Guid(b4e688a60e266c340b1f84c510a4c102) Importer(2089858483,192608db42251d675da83286b1cce702) (ScriptedImporter) -> (artifact id: '1987da009514be8c17651c854e64d349') in 0.0260719 seconds
Number of updated asset objects reloaded before import = 0Number of asset objects unloaded after import = 1

========================================================================
Received Import Request.
  Time since last request: 0.000028 seconds.
  path: Assets/UnityTechnologies/ParticlePack/EffectExamples/Goop Effects/Materials/GoopPoolParticle.mat
  artifactKey: Guid(95be4df36eca6eb4b821dcab4acd4a1e) Importer(2089858483,192608db42251d675da83286b1cce702)
Start importing Assets/UnityTechnologies/ParticlePack/EffectExamples/Goop Effects/Materials/GoopPoolParticle.mat using Guid(95be4df36eca6eb4b821dcab4acd4a1e) Importer(2089858483,192608db42251d675da83286b1cce702) (ScriptedImporter) -> (artifact id: 'a400821aa1989f702c70586a91185db4') in 0.0196611 seconds
Number of updated asset objects reloaded before import = 0Number of asset objects unloaded after import = 4

========================================================================
Received Import Request.
  Time since last request: 0.000035 seconds.
  path: Assets/UnityTechnologies/ParticlePack/EffectExamples/Smoke & Steam Effects/Textures/SmokeLoop01.tif
  artifactKey: Guid(d1b932090277f37428c753cf27824d4a) Importer(2089858483,192608db42251d675da83286b1cce702)
Start importing Assets/UnityTechnologies/ParticlePack/EffectExamples/Smoke & Steam Effects/Textures/SmokeLoop01.tif using Guid(d1b932090277f37428c753cf27824d4a) Importer(2089858483,192608db42251d675da83286b1cce702) (ScriptedImporter) -> (artifact id: '8175ea576388f630085a87c1f5930d94') in 0.0300056 seconds
Number of updated asset objects reloaded before import = 0Number of asset objects unloaded after import = 1

========================================================================
Received Import Request.
  Time since last request: 0.000024 seconds.
  path: Assets/UnityTechnologies/ParticlePack/URP_Renderer.asset
  artifactKey: Guid(83345bc7ff5bb744589f2d8c2da58e95) Importer(2089858483,192608db42251d675da83286b1cce702)
Start importing Assets/UnityTechnologies/ParticlePack/URP_Renderer.asset using Guid(83345bc7ff5bb744589f2d8c2da58e95) Importer(2089858483,192608db42251d675da83286b1cce702) (ScriptedImporter) -> (artifact id: 'e1889dcfc220a6467f642f5ba73bf8fd') in 0.0188137 seconds
Number of updated asset objects reloaded before import = 0Number of asset objects unloaded after import = 1

========================================================================
Received Import Request.
  Time since last request: 0.000022 seconds.
  path: Assets/UnityTechnologies/ParticlePack/Shared/Scripts/AdjustTimeScale.cs
  artifactKey: Guid(57a9bba4c7c6adc40805917ce487896a) Importer(2089858483,192608db42251d675da83286b1cce702)
Start importing Assets/UnityTechnologies/ParticlePack/Shared/Scripts/AdjustTimeScale.cs using Guid(57a9bba4c7c6adc40805917ce487896a) Importer(2089858483,192608db42251d675da83286b1cce702) (ScriptedImporter) -> (artifact id: 'c4bccc94967ca7afc6fcc5f12bf11a6d') in 0.0167235 seconds
Number of updated asset objects reloaded before import = 0Number of asset objects unloaded after import = 0

========================================================================
Received Import Request.
  Time since last request: 0.000027 seconds.
  path: Assets/UnityTechnologies/ParticlePack/EffectExamples/Smoke & Steam Effects/Prefabs/PoisonGas.prefab
  artifactKey: Guid(6f672a31584a6a748912a49c1dce2f0c) Importer(2089858483,192608db42251d675da83286b1cce702)
Start importing Assets/UnityTechnologies/ParticlePack/EffectExamples/Smoke & Steam Effects/Prefabs/PoisonGas.prefab using Guid(6f672a31584a6a748912a49c1dce2f0c) Importer(2089858483,192608db42251d675da83286b1cce702) (ScriptedImporter) -> (artifact id: 'a8d376480e833b970211739c8ad2294d') in 0.0548009 seconds
Number of updated asset objects reloaded before import = 0Number of asset objects unloaded after import = 14

========================================================================
Received Import Request.
  Time since last request: 0.000030 seconds.
  path: Assets/Spoiled Unknown/XtremeFPS/Weapon/Effects/Textures/SandDecalNormal.tif
  artifactKey: Guid(c20545af53730ab459c576122c7e80ab) Importer(2089858483,192608db42251d675da83286b1cce702)
Start importing Assets/Spoiled Unknown/XtremeFPS/Weapon/Effects/Textures/SandDecalNormal.tif using Guid(c20545af53730ab459c576122c7e80ab) Importer(2089858483,192608db42251d675da83286b1cce702) (ScriptedImporter) -> (artifact id: '7fb0df308dbc1a5819c35474db579241') in 0.0178847 seconds
Number of updated asset objects reloaded before import = 0Number of asset objects unloaded after import = 1

========================================================================
Received Import Request.
  Time since last request: 0.000051 seconds.
  path: Assets/UnityTechnologies/ParticlePack/EffectExamples/Fire & Explosion Effects/Prefabs/WildFire.prefab
  artifactKey: Guid(f293a2dcc753a4a489fefe7f8f312d69) Importer(2089858483,192608db42251d675da83286b1cce702)
Start importing Assets/UnityTechnologies/ParticlePack/EffectExamples/Fire & Explosion Effects/Prefabs/WildFire.prefab using Guid(f293a2dcc753a4a489fefe7f8f312d69) Importer(2089858483,192608db42251d675da83286b1cce702) (ScriptedImporter) -> (artifact id: 'cdec7a7e8d91c318c945c8ba7f95f846') in 0.0499991 seconds
Number of updated asset objects reloaded before import = 0Number of asset objects unloaded after import = 14

========================================================================
Received Import Request.
  Time since last request: 0.000021 seconds.
  path: Assets/UnityTechnologies/ParticlePack/EffectExamples/Misc Effects/Prefabs/Dissolve.prefab
  artifactKey: Guid(afadc6fdacd43754a903476d963a596b) Importer(2089858483,192608db42251d675da83286b1cce702)
Start importing Assets/UnityTechnologies/ParticlePack/EffectExamples/Misc Effects/Prefabs/Dissolve.prefab using Guid(afadc6fdacd43754a903476d963a596b) Importer(2089858483,192608db42251d675da83286b1cce702) (ScriptedImporter) -> (artifact id: 'ec1d751f629307e00caaf85e0dff2791') in 0.0328352 seconds
Number of updated asset objects reloaded before import = 0Number of asset objects unloaded after import = 27

========================================================================
Received Import Request.
  Time since last request: 0.000069 seconds.
  path: Assets/Survival/Animations/Controllers/Scary_Evil_Run.controller
  artifactKey: Guid(1ea2358c75ff9ae47a7270b0ca9ac6e6) Importer(2089858483,192608db42251d675da83286b1cce702)
Start importing Assets/Survival/Animations/Controllers/Scary_Evil_Run.controller using Guid(1ea2358c75ff9ae47a7270b0ca9ac6e6) Importer(2089858483,192608db42251d675da83286b1cce702) (ScriptedImporter) -> (artifact id: '3865fff1820694853231a6e76cd4ccee') in 0.0316245 seconds
Number of updated asset objects reloaded before import = 0Number of asset objects unloaded after import = 10

========================================================================
Received Import Request.
  Time since last request: 0.000022 seconds.
  path: Assets/Survival/Animations/Clips
  artifactKey: Guid(2111cb83383784749a77e34003ee5568) Importer(2089858483,192608db42251d675da83286b1cce702)
Start importing Assets/Survival/Animations/Clips using Guid(2111cb83383784749a77e34003ee5568) Importer(2089858483,192608db42251d675da83286b1cce702) (ScriptedImporter) -> (artifact id: 'caa62ba0c875e841ccab73dc6fb8c4ea') in 0.0125838 seconds
Number of updated asset objects reloaded before import = 0Number of asset objects unloaded after import = 1

========================================================================
Received Import Request.
  Time since last request: 0.000032 seconds.
  path: Assets/Survival/Animations
  artifactKey: Guid(d6bafee3966b1c4448b7d57091d01229) Importer(2089858483,192608db42251d675da83286b1cce702)
Start importing Assets/Survival/Animations using Guid(d6bafee3966b1c4448b7d57091d01229) Importer(2089858483,192608db42251d675da83286b1cce702) (ScriptedImporter) -> (artifact id: '1bd67b4d070e4947d39fe706a0712dda') in 0.0131654 seconds
Number of updated asset objects reloaded before import = 0Number of asset objects unloaded after import = 1

========================================================================
Received Import Request.
  Time since last request: 0.000054 seconds.
  path: Assets/Survival/Animations/Clips/Standing Melee Attack Backhand.anim
  artifactKey: Guid(991bce22050248b44a6a4b485b796957) Importer(2089858483,192608db42251d675da83286b1cce702)
Start importing Assets/Survival/Animations/Clips/Standing Melee Attack Backhand.anim using Guid(991bce22050248b44a6a4b485b796957) Importer(2089858483,192608db42251d675da83286b1cce702) (ScriptedImporter) -> (artifact id: '4f3fdd77f9cde0fbe8380bdf0c0af500') in 0.0308059 seconds
Number of updated asset objects reloaded before import = 0Number of asset objects unloaded after import = 1

========================================================================
Received Import Request.
  Time since last request: 0.000039 seconds.
  path: Assets/Survival/Scripts/SpawnManager.cs
  artifactKey: Guid(54d680d75575544469cda57a5da0ad60) Importer(2089858483,192608db42251d675da83286b1cce702)
Start importing Assets/Survival/Scripts/SpawnManager.cs using Guid(54d680d75575544469cda57a5da0ad60) Importer(2089858483,192608db42251d675da83286b1cce702) (ScriptedImporter) -> (artifact id: '357891176a5b1b8ec6e419b37a38bcdd') in 0.0142979 seconds
Number of updated asset objects reloaded before import = 0Number of asset objects unloaded after import = 0

========================================================================
Received Import Request.
  Time since last request: 0.000025 seconds.
  path: Assets/Survival/Scripts/WeaponShoot.cs
  artifactKey: Guid(1479a3e89aa9dbd4fae2b6d81e157285) Importer(2089858483,192608db42251d675da83286b1cce702)
Start importing Assets/Survival/Scripts/WeaponShoot.cs using Guid(1479a3e89aa9dbd4fae2b6d81e157285) Importer(2089858483,192608db42251d675da83286b1cce702) (ScriptedImporter) -> (artifact id: '16074e2250e68481e19901ec99e75557') in 0.0129592 seconds
Number of updated asset objects reloaded before import = 0Number of asset objects unloaded after import = 0

========================================================================
Received Import Request.
  Time since last request: 0.000026 seconds.
  path: Assets/Survival/Scripts/PlayerHealth.cs
  artifactKey: Guid(32f3b713aca4ed44dba4b411aa7629fd) Importer(2089858483,192608db42251d675da83286b1cce702)
Start importing Assets/Survival/Scripts/PlayerHealth.cs using Guid(32f3b713aca4ed44dba4b411aa7629fd) Importer(2089858483,192608db42251d675da83286b1cce702) (ScriptedImporter) -> (artifact id: '514ff46c4bf91f774fe79a85eebd32a6') in 0.0130868 seconds
Number of updated asset objects reloaded before import = 0Number of asset objects unloaded after import = 0

========================================================================
Received Import Request.
  Time since last request: 0.000027 seconds.
  path: Assets/UnityTechnologies/ParticlePack/EffectExamples/Water Effects/Materials
  artifactKey: Guid(1f8951ef49370d3428354eb05c6385e1) Importer(2089858483,192608db42251d675da83286b1cce702)
Start importing Assets/UnityTechnologies/ParticlePack/EffectExamples/Water Effects/Materials using Guid(1f8951ef49370d3428354eb05c6385e1) Importer(2089858483,192608db42251d675da83286b1cce702) (ScriptedImporter) -> (artifact id: '90460ff6637eeb1b324314c0347982c2') in 0.0110257 seconds
Number of updated asset objects reloaded before import = 0Number of asset objects unloaded after import = 1

========================================================================
Received Import Request.
  Time since last request: 0.000033 seconds.
  path: Assets/UnityTechnologies/ParticlePack/EffectExamples/Misc Effects/Textures/HexagonPattern_Normal.tif
  artifactKey: Guid(930d051a313ae334e9983d501ccce20d) Importer(2089858483,192608db42251d675da83286b1cce702)
Start importing Assets/UnityTechnologies/ParticlePack/EffectExamples/Misc Effects/Textures/HexagonPattern_Normal.tif using Guid(930d051a313ae334e9983d501ccce20d) Importer(2089858483,192608db42251d675da83286b1cce702) (ScriptedImporter) -> (artifact id: 'd92d7ade14650c27b14babe7c91711b4') in 0.0332337 seconds
Number of updated asset objects reloaded before import = 0Number of asset objects unloaded after import = 1

========================================================================
Received Import Request.
  Time since last request: 0.000034 seconds.
  path: Assets/TextMesh Pro/Resources/Sprite Assets/InlineIcons.png
  artifactKey: Guid(215687feeab0b7445b4a1cd86c82c2e1) Importer(2089858483,192608db42251d675da83286b1cce702)
Start importing Assets/TextMesh Pro/Resources/Sprite Assets/InlineIcons.png using Guid(215687feeab0b7445b4a1cd86c82c2e1) Importer(2089858483,192608db42251d675da83286b1cce702) (ScriptedImporter) -> (artifact id: '897c50d13335d3b64d3bba469b344477') in 0.4971038 seconds
Number of updated asset objects reloaded before import = 0Number of asset objects unloaded after import = 207

========================================================================
Received Import Request.
  Time since last request: 0.000047 seconds.
  path: Assets/TextMesh Pro/Shaders/TMP_Bitmap-Custom-Atlas.shader
  artifactKey: Guid(48bb5f55d8670e349b6e614913f9d910) Importer(2089858483,192608db42251d675da83286b1cce702)
Start importing Assets/TextMesh Pro/Shaders/TMP_Bitmap-Custom-Atlas.shader using Guid(48bb5f55d8670e349b6e614913f9d910) Importer(2089858483,192608db42251d675da83286b1cce702) (ScriptedImporter) -> (artifact id: '07d32c32858fa53143cb614b2c9ea59c') in 0.0230434 seconds
Number of updated asset objects reloaded before import = 0Number of asset objects unloaded after import = 1

========================================================================
Received Import Request.
  Time since last request: 0.000035 seconds.
  path: Assets/UnityTechnologies/ParticlePack/Scenes/Main Scene with Legacy Particles/ReflectionProbe-2.exr
  artifactKey: Guid(bf8cdc0bcdf76b946b3dbef9014bafca) Importer(2089858483,192608db42251d675da83286b1cce702)
Start importing Assets/UnityTechnologies/ParticlePack/Scenes/Main Scene with Legacy Particles/ReflectionProbe-2.exr using Guid(bf8cdc0bcdf76b946b3dbef9014bafca) Importer(2089858483,192608db42251d675da83286b1cce702) (ScriptedImporter) -> (artifact id: '7639bb9fbf5ca1657d07d245078b63e6') in 0.0356706 seconds
Number of updated asset objects reloaded before import = 0Number of asset objects unloaded after import = 1

========================================================================
Received Import Request.
  Time since last request: 0.000021 seconds.
  path: Assets/UnityTechnologies/ParticlePack/EffectExamples
  artifactKey: Guid(6c0b056137d972f46a0312ba21b6263f) Importer(2089858483,192608db42251d675da83286b1cce702)
Start importing Assets/UnityTechnologies/ParticlePack/EffectExamples using Guid(6c0b056137d972f46a0312ba21b6263f) Importer(2089858483,192608db42251d675da83286b1cce702) (ScriptedImporter) -> (artifact id: 'f37ee786cc776052a98e1a22a1e03ead') in 0.0129596 seconds
Number of updated asset objects reloaded before import = 0Number of asset objects unloaded after import = 1

========================================================================
Received Import Request.
  Time since last request: 0.000028 seconds.
  path: Assets/UnityTechnologies/ParticlePack/Shared/Environment/Prefabs/FloorMiddle.prefab
  artifactKey: Guid(4a71a58a3a7116c4a8aabbf8699066aa) Importer(2089858483,192608db42251d675da83286b1cce702)
Start importing Assets/UnityTechnologies/ParticlePack/Shared/Environment/Prefabs/FloorMiddle.prefab using Guid(4a71a58a3a7116c4a8aabbf8699066aa) Importer(2089858483,192608db42251d675da83286b1cce702) (ScriptedImporter) -> (artifact id: '528f92e1c38abc61dd239a48db505bab') in 0.0287205 seconds
Number of updated asset objects reloaded before import = 0Number of asset objects unloaded after import = 8

========================================================================
Received Import Request.
  Time since last request: 0.000025 seconds.
  path: Assets/UnityTechnologies/ParticlePack/Shared/Prefabs/WorldSpaceLabel.prefab
  artifactKey: Guid(ee8ad5531e02f4f0eb2d4187ec62c699) Importer(2089858483,192608db42251d675da83286b1cce702)
Start importing Assets/UnityTechnologies/ParticlePack/Shared/Prefabs/WorldSpaceLabel.prefab using Guid(ee8ad5531e02f4f0eb2d4187ec62c699) Importer(2089858483,192608db42251d675da83286b1cce702) (ScriptedImporter) -> (artifact id: '020bd027504e9919d6278dfcc119c8cc') in 0.0672838 seconds
Number of updated asset objects reloaded before import = 0Number of asset objects unloaded after import = 61

========================================================================
Received Import Request.
  Time since last request: 0.000028 seconds.
  path: Assets/UnityTechnologies/ParticlePack/EffectExamples/Misc Effects/Textures/FireFlyWings.png
  artifactKey: Guid(b4106b3c439d6634ba6878ffd5fb1761) Importer(2089858483,192608db42251d675da83286b1cce702)
Start importing Assets/UnityTechnologies/ParticlePack/EffectExamples/Misc Effects/Textures/FireFlyWings.png using Guid(b4106b3c439d6634ba6878ffd5fb1761) Importer(2089858483,192608db42251d675da83286b1cce702) (ScriptedImporter) -> (artifact id: '54e265027adb55ae1a9aee5c5844b2bc') in 0.0221163 seconds
Number of updated asset objects reloaded before import = 0Number of asset objects unloaded after import = 1

========================================================================
Received Import Request.
  Time since last request: 0.000033 seconds.
  path: Assets/UnityTechnologies/ParticlePack/EffectExamples/Magic Effects/Materials/IceBall.mat
  artifactKey: Guid(68fbea326fdd58d4ea5029413350f128) Importer(2089858483,192608db42251d675da83286b1cce702)
Start importing Assets/UnityTechnologies/ParticlePack/EffectExamples/Magic Effects/Materials/IceBall.mat using Guid(68fbea326fdd58d4ea5029413350f128) Importer(2089858483,192608db42251d675da83286b1cce702) (ScriptedImporter) -> (artifact id: 'b0d1a67b7338aff25fe868a9b9392c1d') in 0.2269475 seconds
Number of updated asset objects reloaded before import = 0Number of asset objects unloaded after import = 9

========================================================================
Received Import Request.
  Time since last request: 0.000032 seconds.
  path: Assets/UnityTechnologies/ParticlePack/EffectExamples/Legacy Particles/Materials/WaterDropParticle.mat
  artifactKey: Guid(760cb38a22b22154790d1a62e76c087e) Importer(2089858483,192608db42251d675da83286b1cce702)
Start importing Assets/UnityTechnologies/ParticlePack/EffectExamples/Legacy Particles/Materials/WaterDropParticle.mat using Guid(760cb38a22b22154790d1a62e76c087e) Importer(2089858483,192608db42251d675da83286b1cce702) (ScriptedImporter) -> (artifact id: '4972266eb21df8b0ed62cabefe4d3f66') in 0.0163187 seconds
Number of updated asset objects reloaded before import = 0Number of asset objects unloaded after import = 3

========================================================================
Received Import Request.
  Time since last request: 0.000034 seconds.
  path: Assets/Spoiled Unknown/XtremeFPS/Weapon/Effects/Textures/GoopStreakNormal.tif
  artifactKey: Guid(4b403858fefaded4bb58c22aa41b8769) Importer(2089858483,192608db42251d675da83286b1cce702)
Start importing Assets/Spoiled Unknown/XtremeFPS/Weapon/Effects/Textures/GoopStreakNormal.tif using Guid(4b403858fefaded4bb58c22aa41b8769) Importer(2089858483,192608db42251d675da83286b1cce702) (ScriptedImporter) -> (artifact id: '9d7e0410024186fa4a09bd18dc48cfc3') in 0.0182333 seconds
Number of updated asset objects reloaded before import = 0Number of asset objects unloaded after import = 1

========================================================================
Received Import Request.
  Time since last request: 0.000077 seconds.
  path: Assets/UnityTechnologies/ParticlePack/EffectExamples/Magic Effects/Textures/RocksAlbedoEmissive.tif
  artifactKey: Guid(5ecc6bda157267e498a3ff1d4fff6af8) Importer(2089858483,192608db42251d675da83286b1cce702)
Start importing Assets/UnityTechnologies/ParticlePack/EffectExamples/Magic Effects/Textures/RocksAlbedoEmissive.tif using Guid(5ecc6bda157267e498a3ff1d4fff6af8) Importer(2089858483,192608db42251d675da83286b1cce702) (ScriptedImporter) -> (artifact id: '0b5c7278d7e9fcff7ac8e52ee9acd9ce') in 0.028941 seconds
Number of updated asset objects reloaded before import = 0Number of asset objects unloaded after import = 1

========================================================================
Received Import Request.
  Time since last request: 0.000024 seconds.
  path: Assets/UnityTechnologies/ParticlePack/EffectExamples/Legacy Particles/Materials/WaterfallMain.mat
  artifactKey: Guid(5bc96642db3033d4e91e4c3404e73e1a) Importer(2089858483,192608db42251d675da83286b1cce702)
Start importing Assets/UnityTechnologies/ParticlePack/EffectExamples/Legacy Particles/Materials/WaterfallMain.mat using Guid(5bc96642db3033d4e91e4c3404e73e1a) Importer(2089858483,192608db42251d675da83286b1cce702) (ScriptedImporter) -> (artifact id: '097e20eba1cadac9b9b6d56d9cbd6eab') in 0.0170058 seconds
Number of updated asset objects reloaded before import = 0Number of asset objects unloaded after import = 3

========================================================================
Received Import Request.
  Time since last request: 0.000033 seconds.
  path: Assets/UnityTechnologies/ParticlePack/Shared/Environment/Prefabs/Railing.prefab
  artifactKey: Guid(e06ec3bfe7bdb824ba30d9b927c012f2) Importer(2089858483,192608db42251d675da83286b1cce702)
Start importing Assets/UnityTechnologies/ParticlePack/Shared/Environment/Prefabs/Railing.prefab using Guid(e06ec3bfe7bdb824ba30d9b927c012f2) Importer(2089858483,192608db42251d675da83286b1cce702) (ScriptedImporter) -> (artifact id: 'f6293b9d2b68e13a5e7f5f427903d366') in 0.0256882 seconds
Number of updated asset objects reloaded before import = 0Number of asset objects unloaded after import = 8

========================================================================
Received Import Request.
  Time since last request: 0.000030 seconds.
  path: Assets/UnityTechnologies/ParticlePack/EffectExamples/Fire & Explosion Effects/Materials/Flame04.mat
  artifactKey: Guid(7a812f56d512d964ea8de8fe839e1811) Importer(2089858483,192608db42251d675da83286b1cce702)
Start importing Assets/UnityTechnologies/ParticlePack/EffectExamples/Fire & Explosion Effects/Materials/Flame04.mat using Guid(7a812f56d512d964ea8de8fe839e1811) Importer(2089858483,192608db42251d675da83286b1cce702) (ScriptedImporter) -> (artifact id: '16dcbd2fe054f715db18ee5a24284e57') in 0.0187026 seconds
Number of updated asset objects reloaded before import = 0Number of asset objects unloaded after import = 2

========================================================================
Received Import Request.
  Time since last request: 0.000028 seconds.
  path: Assets/UnityTechnologies/ParticlePack/Scenes/Profiles/DefaultProfile.asset
  artifactKey: Guid(30c76ed8c1bfdec468bc22dee567578c) Importer(2089858483,192608db42251d675da83286b1cce702)
Start importing Assets/UnityTechnologies/ParticlePack/Scenes/Profiles/DefaultProfile.asset using Guid(30c76ed8c1bfdec468bc22dee567578c) Importer(2089858483,192608db42251d675da83286b1cce702) (ScriptedImporter) -> (artifact id: '1f9c95ae65f623232b865917586435e4') in 0.0248385 seconds
Number of updated asset objects reloaded before import = 0Number of asset objects unloaded after import = 1

========================================================================
Received Import Request.
  Time since last request: 0.000040 seconds.
  path: Assets/UnityTechnologies/ParticlePack/EffectExamples/Fire & Explosion Effects/Textures/SmokePuffNormal.tif
  artifactKey: Guid(3bc01580ce4f1834eb3562397607f51d) Importer(2089858483,192608db42251d675da83286b1cce702)
Start importing Assets/UnityTechnologies/ParticlePack/EffectExamples/Fire & Explosion Effects/Textures/SmokePuffNormal.tif using Guid(3bc01580ce4f1834eb3562397607f51d) Importer(2089858483,192608db42251d675da83286b1cce702) (ScriptedImporter) -> (artifact id: '178578ca5bef7ab29cbf6a28e2532bd8') in 0.0214882 seconds
Number of updated asset objects reloaded before import = 0Number of asset objects unloaded after import = 1

========================================================================
Received Import Request.
  Time since last request: 0.000022 seconds.
  path: Assets/UnityTechnologies/ParticlePack/Shared/Environment/Textures/MetalTrim_Albedo.tif
  artifactKey: Guid(7c10f0a67c3c8364eb12dfc8a5e7b54b) Importer(2089858483,192608db42251d675da83286b1cce702)
Start importing Assets/UnityTechnologies/ParticlePack/Shared/Environment/Textures/MetalTrim_Albedo.tif using Guid(7c10f0a67c3c8364eb12dfc8a5e7b54b) Importer(2089858483,192608db42251d675da83286b1cce702) (ScriptedImporter) -> (artifact id: 'e6ca7f57f9c84fb3be7cb0fa5fc781cb') in 0.0214064 seconds
Number of updated asset objects reloaded before import = 0Number of asset objects unloaded after import = 1

========================================================================
Received Import Request.
  Time since last request: 0.000097 seconds.
  path: Assets/UnityTechnologies/ParticlePack/EffectExamples/Legacy Particles/Textures
  artifactKey: Guid(f4274802135423244a60bf1c3f88ce9e) Importer(2089858483,192608db42251d675da83286b1cce702)
Start importing Assets/UnityTechnologies/ParticlePack/EffectExamples/Legacy Particles/Textures using Guid(f4274802135423244a60bf1c3f88ce9e) Importer(2089858483,192608db42251d675da83286b1cce702) (ScriptedImporter) -> (artifact id: '70b786d3c8c7ea7659017ed72d857742') in 0.0110175 seconds
Number of updated asset objects reloaded before import = 0Number of asset objects unloaded after import = 1

========================================================================
Received Import Request.
  Time since last request: 0.000042 seconds.
  path: Assets/Survival/Animations/Controllers
  artifactKey: Guid(01960414b221ded4fb87da7ae3a1eb61) Importer(2089858483,192608db42251d675da83286b1cce702)
Start importing Assets/Survival/Animations/Controllers using Guid(01960414b221ded4fb87da7ae3a1eb61) Importer(2089858483,192608db42251d675da83286b1cce702) (ScriptedImporter) -> (artifact id: '0b7bb2362b6330a2c85b0b7ded4a6097') in 0.0126509 seconds
Number of updated asset objects reloaded before import = 0Number of asset objects unloaded after import = 1

========================================================================
Received Import Request.
  Time since last request: 0.000022 seconds.
  path: Assets/UnityTechnologies/ParticlePack/Shared/Environment/Materials
  artifactKey: Guid(fe9683119ac8f3c46b5ec5a3198759c4) Importer(2089858483,192608db42251d675da83286b1cce702)
Start importing Assets/UnityTechnologies/ParticlePack/Shared/Environment/Materials using Guid(fe9683119ac8f3c46b5ec5a3198759c4) Importer(2089858483,192608db42251d675da83286b1cce702) (ScriptedImporter) -> (artifact id: 'a5fd1264b072edc657df9c0772eb1f5b') in 0.0131923 seconds
Number of updated asset objects reloaded before import = 0Number of asset objects unloaded after import = 1

========================================================================
Received Import Request.
  Time since last request: 0.000027 seconds.
  path: Assets/UnityTechnologies/ParticlePack/EffectExamples/Smoke & Steam Effects/Materials/Flame01.mat
  artifactKey: Guid(e43d70c08c6bf7e4aa274e46393928b3) Importer(2089858483,192608db42251d675da83286b1cce702)
Start importing Assets/UnityTechnologies/ParticlePack/EffectExamples/Smoke & Steam Effects/Materials/Flame01.mat using Guid(e43d70c08c6bf7e4aa274e46393928b3) Importer(2089858483,192608db42251d675da83286b1cce702) (ScriptedImporter) -> (artifact id: '7faa988b35279123fc622094b87618c6') in 0.0224317 seconds
Number of updated asset objects reloaded before import = 0Number of asset objects unloaded after import = 2

========================================================================
Received Import Request.
  Time since last request: 0.000039 seconds.
  path: Assets/UnityTechnologies/ParticlePack/Shared/Environment/Textures/ConcreteWall_AmbientOcclusion.tif
  artifactKey: Guid(45e11ca837ab9e64c8cb8a9ae58fc6f3) Importer(2089858483,192608db42251d675da83286b1cce702)
Start importing Assets/UnityTechnologies/ParticlePack/Shared/Environment/Textures/ConcreteWall_AmbientOcclusion.tif using Guid(45e11ca837ab9e64c8cb8a9ae58fc6f3) Importer(2089858483,192608db42251d675da83286b1cce702) (ScriptedImporter) -> (artifact id: '62da7632c00e216d979c3ae9b63913f8') in 0.0269574 seconds
Number of updated asset objects reloaded before import = 0Number of asset objects unloaded after import = 1

========================================================================
Received Import Request.
  Time since last request: 0.000030 seconds.
  path: Assets/UnityTechnologies/ParticlePack/EffectExamples/Fire & Explosion Effects/Textures/SphereNormal.tif
  artifactKey: Guid(b7de68a779f91264e8da00162a6b7168) Importer(2089858483,192608db42251d675da83286b1cce702)
Start importing Assets/UnityTechnologies/ParticlePack/EffectExamples/Fire & Explosion Effects/Textures/SphereNormal.tif using Guid(b7de68a779f91264e8da00162a6b7168) Importer(2089858483,192608db42251d675da83286b1cce702) (ScriptedImporter) -> (artifact id: '2ead0d70c6f7a5110459ee15e193f4f2') in 0.0201089 seconds
Number of updated asset objects reloaded before import = 0Number of asset objects unloaded after import = 1

========================================================================
Received Import Request.
  Time since last request: 0.000057 seconds.
  path: Assets/Spoiled Unknown/XtremeFPS/Weapon/Effects/Prefabs/StoneImpacts.prefab
  artifactKey: Guid(8b7a1ffda5bb7474b8fae646c45ce7b4) Importer(2089858483,192608db42251d675da83286b1cce702)
Start importing Assets/Spoiled Unknown/XtremeFPS/Weapon/Effects/Prefabs/StoneImpacts.prefab using Guid(8b7a1ffda5bb7474b8fae646c45ce7b4) Importer(2089858483,192608db42251d675da83286b1cce702) (ScriptedImporter) -> (artifact id: '01f76589a5a218e5d173027cbc0fad74') in 0.0327386 seconds
Number of updated asset objects reloaded before import = 0Number of asset objects unloaded after import = 23

========================================================================
Received Import Request.
  Time since last request: 0.000025 seconds.
  path: Assets/TextMesh Pro/Shaders/TMP_SDF-Mobile Masking.shader
  artifactKey: Guid(bc1ede39bf3643ee8e493720e4259791) Importer(2089858483,192608db42251d675da83286b1cce702)
Start importing Assets/TextMesh Pro/Shaders/TMP_SDF-Mobile Masking.shader using Guid(bc1ede39bf3643ee8e493720e4259791) Importer(2089858483,192608db42251d675da83286b1cce702) (ScriptedImporter) -> (artifact id: '88cce345e04655a360d639491f6cfb93') in 0.0248209 seconds
Number of updated asset objects reloaded before import = 0Number of asset objects unloaded after import = 1

========================================================================
Received Import Request.
  Time since last request: 0.000028 seconds.
  path: Assets/UnityTechnologies/ParticlePack/Shared/Environment/Textures/MetalTrim_Normal.tif
  artifactKey: Guid(2927ac255e81f184b8459509e4b3dce4) Importer(2089858483,192608db42251d675da83286b1cce702)
Start importing Assets/UnityTechnologies/ParticlePack/Shared/Environment/Textures/MetalTrim_Normal.tif using Guid(2927ac255e81f184b8459509e4b3dce4) Importer(2089858483,192608db42251d675da83286b1cce702) (ScriptedImporter) -> (artifact id: '60b09e20bb6aaf623a083a0edb1140cc') in 0.0241617 seconds
Number of updated asset objects reloaded before import = 0Number of asset objects unloaded after import = 1

========================================================================
Received Import Request.
  Time since last request: 0.000039 seconds.
  path: Assets/UnityTechnologies/ParticlePack/EffectExamples/Misc Effects/Materials/SmokePuff.mat
  artifactKey: Guid(5545993361f7ef8479dce19256c84f06) Importer(2089858483,192608db42251d675da83286b1cce702)
Start importing Assets/UnityTechnologies/ParticlePack/EffectExamples/Misc Effects/Materials/SmokePuff.mat using Guid(5545993361f7ef8479dce19256c84f06) Importer(2089858483,192608db42251d675da83286b1cce702) (ScriptedImporter) -> (artifact id: 'c508e2725dd682cf8127c4438c63a062') in 0.0180704 seconds
Number of updated asset objects reloaded before import = 0Number of asset objects unloaded after import = 3

========================================================================
Received Import Request.
  Time since last request: 0.000021 seconds.
  path: Assets/UnityTechnologies/ParticlePack/EffectExamples/Smoke & Steam Effects/Textures
  artifactKey: Guid(c73d7fde23492ad4396e20286a94847e) Importer(2089858483,192608db42251d675da83286b1cce702)
Start importing Assets/UnityTechnologies/ParticlePack/EffectExamples/Smoke & Steam Effects/Textures using Guid(c73d7fde23492ad4396e20286a94847e) Importer(2089858483,192608db42251d675da83286b1cce702) (ScriptedImporter) -> (artifact id: 'c4f5b7fc04aac435b58e1cd22f7bd863') in 0.0129183 seconds
Number of updated asset objects reloaded before import = 0Number of asset objects unloaded after import = 1

========================================================================
Received Import Request.
  Time since last request: 0.000028 seconds.
  path: Assets/UnityTechnologies/ParticlePack/EffectExamples/Fire & Explosion Effects/Materials/PlasmaFire.mat
  artifactKey: Guid(b5387d3c2ba98fc44a0f5744f94ce48c) Importer(2089858483,192608db42251d675da83286b1cce702)
Start importing Assets/UnityTechnologies/ParticlePack/EffectExamples/Fire & Explosion Effects/Materials/PlasmaFire.mat using Guid(b5387d3c2ba98fc44a0f5744f94ce48c) Importer(2089858483,192608db42251d675da83286b1cce702) (ScriptedImporter) -> (artifact id: 'f189e55d132aaf9bcaea363e34d7f0a7') in 0.0254928 seconds
Number of updated asset objects reloaded before import = 0Number of asset objects unloaded after import = 2

========================================================================
Received Import Request.
  Time since last request: 0.000022 seconds.
  path: Assets/UnityTechnologies/ParticlePack/EffectExamples/Fire & Explosion Effects/Prefabs/ParticlesLight.prefab
  artifactKey: Guid(fa35d75604d172d48b7a6b62a07c7dbf) Importer(2089858483,192608db42251d675da83286b1cce702)
Start importing Assets/UnityTechnologies/ParticlePack/EffectExamples/Fire & Explosion Effects/Prefabs/ParticlesLight.prefab using Guid(fa35d75604d172d48b7a6b62a07c7dbf) Importer(2089858483,192608db42251d675da83286b1cce702) (ScriptedImporter) -> (artifact id: '93dc303351314151fcb5139b23d856f7') in 0.0211159 seconds
Number of updated asset objects reloaded before import = 0Number of asset objects unloaded after import = 6

========================================================================
Received Import Request.
  Time since last request: 0.000029 seconds.
  path: Assets/UnityTechnologies/ParticlePack/EffectExamples/Fire & Explosion Effects/Textures/LargeFlame01.tif
  artifactKey: Guid(a0a243891db69d743aa08a4066effb00) Importer(2089858483,192608db42251d675da83286b1cce702)
Start importing Assets/UnityTechnologies/ParticlePack/EffectExamples/Fire & Explosion Effects/Textures/LargeFlame01.tif using Guid(a0a243891db69d743aa08a4066effb00) Importer(2089858483,192608db42251d675da83286b1cce702) (ScriptedImporter) -> (artifact id: 'cff67df6ec9217d7a6c0c9eb7f5dddb7') in 0.0228248 seconds
Number of updated asset objects reloaded before import = 0Number of asset objects unloaded after import = 1

========================================================================
Received Import Request.
  Time since last request: 0.000025 seconds.
  path: Assets/UnityTechnologies/ParticlePack/Shared/Environment/Models/SmallLight.fbx
  artifactKey: Guid(7469d4eaf5d47b246b3501c892dd5292) Importer(2089858483,192608db42251d675da83286b1cce702)
Start importing Assets/UnityTechnologies/ParticlePack/Shared/Environment/Models/SmallLight.fbx using Guid(7469d4eaf5d47b246b3501c892dd5292) Importer(2089858483,192608db42251d675da83286b1cce702) (ScriptedImporter) -> (artifact id: 'f34880d5b773b2fcd42103f2d4651b2e') in 0.0215305 seconds
Number of updated asset objects reloaded before import = 0Number of asset objects unloaded after import = 7

========================================================================
Received Import Request.
  Time since last request: 0.000036 seconds.
  path: Assets/UnityTechnologies/ParticlePack/EffectExamples/Smoke & Steam Effects/Models/RockDebris.FBX
  artifactKey: Guid(ec280bbfbd0550743b1e477c9d48abdf) Importer(2089858483,192608db42251d675da83286b1cce702)
Start importing Assets/UnityTechnologies/ParticlePack/EffectExamples/Smoke & Steam Effects/Models/RockDebris.FBX using Guid(ec280bbfbd0550743b1e477c9d48abdf) Importer(2089858483,192608db42251d675da83286b1cce702) (ScriptedImporter) -> (artifact id: 'b0cb5e39cc69ae2c2b9eda07bab856d1') in 0.0309496 seconds
Number of updated asset objects reloaded before import = 0Number of asset objects unloaded after import = 7

========================================================================
Received Import Request.
  Time since last request: 0.000025 seconds.
  path: Assets/TextMesh Pro/Resources/Fonts & Materials/LiberationSans SDF - Outline.mat
  artifactKey: Guid(79459efec17a4d00a321bdcc27bbc385) Importer(2089858483,192608db42251d675da83286b1cce702)
Start importing Assets/TextMesh Pro/Resources/Fonts & Materials/LiberationSans SDF - Outline.mat using Guid(79459efec17a4d00a321bdcc27bbc385) Importer(2089858483,192608db42251d675da83286b1cce702) (ScriptedImporter) -> (artifact id: 'af52470530ec5325a8ceaa9f42e1432a') in 0.0438902 seconds
Number of updated asset objects reloaded before import = 0Number of asset objects unloaded after import = 2

========================================================================
Received Prepare
Assembly reference Packages/com.unity.cinemachine/Editor/Samples/ExposeHDRPInternals/HDRP-Editor-ref.asmref has no target assembly definition
Assembly reference Packages/com.unity.cinemachine/Editor/Samples/ExposeHDRPInternals/HDRP-Editor-ref.asmref has no target assembly definition
Begin MonoManager ReloadAssembly
- Loaded All Assemblies, in  1.024 seconds
Assembly reference Packages/com.unity.cinemachine/Editor/Samples/ExposeHDRPInternals/HDRP-Editor-ref.asmref has no target assembly definition
'Packages/com.unity.cinemachine/Editor/Obsolete/CinemachineVirtualCameraBaseEditor.cs' contains partial class of Unity.Object, exactly 1 of the partial classes needs to be in a file with the same filename. This is to know the one that can be referenced from ie. GameObjects
'Packages/com.unity.cinemachine/Editor/Editors/CinemachineVirtualCameraBaseEditor.cs' contains partial class of Unity.Object, exactly 1 of the partial classes needs to be in a file with the same filename. This is to know the one that can be referenced from ie. GameObjects
Refreshing native plugins compatible for Editor in 1.38 ms, found 4 plugins.
Native extension for iOS target not found
Native extension for Android target not found
Native extension for UWP target not found
Native extension for WindowsStandalone target not found
Failed to load: C:/Program Files/Unity/Hub/Editor/6000.0.28f1/Editor/Data/PlaybackEngines/VisionOSPlayer\x64\UnityEditor.VisionOS.Native.dll
Native extension for VisionOS target not found
Native extension for WebGL target not found
Assembly reference Packages/com.unity.cinemachine/Editor/Samples/ExposeHDRPInternals/HDRP-Editor-ref.asmref has no target assembly definition
[Package Manager] Failed to launch server process. Reason: Unity was launched with the -noUpm command-line argument
[Package Manager] Unable to send message (not connected to server process).
[Package Manager] Cannot connect to Unity Package Manager local server
Mono: successfully reloaded assembly
- Finished resetting the current domain, in  1.002 seconds
Domain Reload Profiling: 2026ms
	BeginReloadAssembly (354ms)
		ExecutionOrderSort (0ms)
		DisableScriptedObjects (9ms)
		BackupInstance (0ms)
		ReleaseScriptingObjects (0ms)
		CreateAndSetChildDomain (161ms)
	RebuildCommonClasses (36ms)
	RebuildNativeTypeToScriptingClass (16ms)
	initialDomainReloadingComplete (32ms)
	LoadAllAssembliesAndSetupDomain (586ms)
		LoadAssemblies (435ms)
		RebuildTransferFunctionScriptingTraits (0ms)
		AnalyzeDomain (276ms)
			TypeCache.Refresh (16ms)
				TypeCache.ScanAssembly (1ms)
			BuildScriptInfoCaches (245ms)
			ResolveRequiredComponents (10ms)
	FinalizeReload (1002ms)
		ReleaseScriptCaches (0ms)
		RebuildScriptCaches (0ms)
		SetupLoadedEditorAssemblies (680ms)
			LogAssemblyErrors (0ms)
			InitializePlatformSupportModulesInManaged (16ms)
			SetLoadedEditorAssemblies (6ms)
			BeforeProcessingInitializeOnLoad (91ms)
			ProcessInitializeOnLoadAttributes (506ms)
			ProcessInitializeOnLoadMethodAttributes (54ms)
			AfterProcessingInitializeOnLoad (7ms)
			EditorAssembliesLoaded (0ms)
		ExecutionOrderSort2 (0ms)
		AwakeInstancesAfterBackupRestoration (14ms)
Refreshing native plugins compatible for Editor in 4.48 ms, found 4 plugins.
Preloading 0 native plugins for Editor in 0.00 ms.
Unloading 19 Unused Serialized files (Serialized files now loaded: 0)
Unloading 6759 unused Assets / (5.5 MB). Loaded Objects now: 7819.
Memory consumption went from 215.8 MB to 210.3 MB.
Total: 15.201500 ms (FindLiveObjects: 0.932400 ms CreateObjectMapping: 0.893500 ms MarkObjects: 5.853700 ms  DeleteObjects: 7.520100 ms)

Prepare: number of updated asset objects reloaded= 0
========================================================================
Received Prepare
Assembly reference Packages/com.unity.cinemachine/Editor/Samples/ExposeHDRPInternals/HDRP-Editor-ref.asmref has no target assembly definition
Assembly reference Packages/com.unity.cinemachine/Editor/Samples/ExposeHDRPInternals/HDRP-Editor-ref.asmref has no target assembly definition
Begin MonoManager ReloadAssembly
- Loaded All Assemblies, in  0.841 seconds
Assembly reference Packages/com.unity.cinemachine/Editor/Samples/ExposeHDRPInternals/HDRP-Editor-ref.asmref has no target assembly definition
'Packages/com.unity.cinemachine/Editor/Obsolete/CinemachineVirtualCameraBaseEditor.cs' contains partial class of Unity.Object, exactly 1 of the partial classes needs to be in a file with the same filename. This is to know the one that can be referenced from ie. GameObjects
'Packages/com.unity.cinemachine/Editor/Editors/CinemachineVirtualCameraBaseEditor.cs' contains partial class of Unity.Object, exactly 1 of the partial classes needs to be in a file with the same filename. This is to know the one that can be referenced from ie. GameObjects
Refreshing native plugins compatible for Editor in 2.05 ms, found 4 plugins.
Native extension for iOS target not found
Native extension for Android target not found
Native extension for UWP target not found
Native extension for WindowsStandalone target not found
Failed to load: C:/Program Files/Unity/Hub/Editor/6000.0.28f1/Editor/Data/PlaybackEngines/VisionOSPlayer\x64\UnityEditor.VisionOS.Native.dll
Native extension for VisionOS target not found
Native extension for WebGL target not found
Assembly reference Packages/com.unity.cinemachine/Editor/Samples/ExposeHDRPInternals/HDRP-Editor-ref.asmref has no target assembly definition
[Package Manager] Failed to launch server process. Reason: Unity was launched with the -noUpm command-line argument
[Package Manager] Unable to send message (not connected to server process).
[Package Manager] Cannot connect to Unity Package Manager local server
Mono: successfully reloaded assembly
- Finished resetting the current domain, in  1.168 seconds
Domain Reload Profiling: 2009ms
	BeginReloadAssembly (216ms)
		ExecutionOrderSort (0ms)
		DisableScriptedObjects (5ms)
		BackupInstance (0ms)
		ReleaseScriptingObjects (0ms)
		CreateAndSetChildDomain (69ms)
	RebuildCommonClasses (38ms)
	RebuildNativeTypeToScriptingClass (12ms)
	initialDomainReloadingComplete (37ms)
	LoadAllAssembliesAndSetupDomain (537ms)
		LoadAssemblies (365ms)
		RebuildTransferFunctionScriptingTraits (0ms)
		AnalyzeDomain (262ms)
			TypeCache.Refresh (10ms)
				TypeCache.ScanAssembly (0ms)
			BuildScriptInfoCaches (236ms)
			ResolveRequiredComponents (11ms)
	FinalizeReload (1169ms)
		ReleaseScriptCaches (0ms)
		RebuildScriptCaches (0ms)
		SetupLoadedEditorAssemblies (810ms)
			LogAssemblyErrors (0ms)
			InitializePlatformSupportModulesInManaged (19ms)
			SetLoadedEditorAssemblies (7ms)
			BeforeProcessingInitializeOnLoad (109ms)
			ProcessInitializeOnLoadAttributes (591ms)
			ProcessInitializeOnLoadMethodAttributes (75ms)
			AfterProcessingInitializeOnLoad (9ms)
			EditorAssembliesLoaded (1ms)
		ExecutionOrderSort2 (0ms)
		AwakeInstancesAfterBackupRestoration (16ms)
Refreshing native plugins compatible for Editor in 1.55 ms, found 4 plugins.
Preloading 0 native plugins for Editor in 0.00 ms.
Unloading 14 Unused Serialized files (Serialized files now loaded: 0)
Unloading 6756 unused Assets / (5.6 MB). Loaded Objects now: 7822.
Memory consumption went from 214.5 MB to 208.9 MB.
Total: 12.925900 ms (FindLiveObjects: 0.968600 ms CreateObjectMapping: 0.765400 ms MarkObjects: 6.014700 ms  DeleteObjects: 5.175700 ms)

Prepare: number of updated asset objects reloaded= 0
========================================================================
Received Prepare
Assembly reference Packages/com.unity.cinemachine/Editor/Samples/ExposeHDRPInternals/HDRP-Editor-ref.asmref has no target assembly definition
Assembly reference Packages/com.unity.cinemachine/Editor/Samples/ExposeHDRPInternals/HDRP-Editor-ref.asmref has no target assembly definition
Begin MonoManager ReloadAssembly
- Loaded All Assemblies, in  0.855 seconds
Assembly reference Packages/com.unity.cinemachine/Editor/Samples/ExposeHDRPInternals/HDRP-Editor-ref.asmref has no target assembly definition
'Packages/com.unity.cinemachine/Editor/Obsolete/CinemachineVirtualCameraBaseEditor.cs' contains partial class of Unity.Object, exactly 1 of the partial classes needs to be in a file with the same filename. This is to know the one that can be referenced from ie. GameObjects
'Packages/com.unity.cinemachine/Editor/Editors/CinemachineVirtualCameraBaseEditor.cs' contains partial class of Unity.Object, exactly 1 of the partial classes needs to be in a file with the same filename. This is to know the one that can be referenced from ie. GameObjects
Refreshing native plugins compatible for Editor in 1.65 ms, found 4 plugins.
Native extension for iOS target not found
Native extension for Android target not found
Native extension for UWP target not found
Native extension for WindowsStandalone target not found
Failed to load: C:/Program Files/Unity/Hub/Editor/6000.0.28f1/Editor/Data/PlaybackEngines/VisionOSPlayer\x64\UnityEditor.VisionOS.Native.dll
Native extension for VisionOS target not found
Native extension for WebGL target not found
Assembly reference Packages/com.unity.cinemachine/Editor/Samples/ExposeHDRPInternals/HDRP-Editor-ref.asmref has no target assembly definition
[Package Manager] Failed to launch server process. Reason: Unity was launched with the -noUpm command-line argument
[Package Manager] Unable to send message (not connected to server process).
[Package Manager] Cannot connect to Unity Package Manager local server
Mono: successfully reloaded assembly
- Finished resetting the current domain, in  1.213 seconds
Domain Reload Profiling: 2071ms
	BeginReloadAssembly (213ms)
		ExecutionOrderSort (0ms)
		DisableScriptedObjects (5ms)
		BackupInstance (0ms)
		ReleaseScriptingObjects (0ms)
		CreateAndSetChildDomain (74ms)
	RebuildCommonClasses (33ms)
	RebuildNativeTypeToScriptingClass (18ms)
	initialDomainReloadingComplete (35ms)
	LoadAllAssembliesAndSetupDomain (560ms)
		LoadAssemblies (389ms)
		RebuildTransferFunctionScriptingTraits (0ms)
		AnalyzeDomain (255ms)
			TypeCache.Refresh (8ms)
				TypeCache.ScanAssembly (0ms)
			BuildScriptInfoCaches (227ms)
			ResolveRequiredComponents (14ms)
	FinalizeReload (1213ms)
		ReleaseScriptCaches (0ms)
		RebuildScriptCaches (0ms)
		SetupLoadedEditorAssemblies (832ms)
			LogAssemblyErrors (0ms)
			InitializePlatformSupportModulesInManaged (22ms)
			SetLoadedEditorAssemblies (5ms)
			BeforeProcessingInitializeOnLoad (97ms)
			ProcessInitializeOnLoadAttributes (635ms)
			ProcessInitializeOnLoadMethodAttributes (63ms)
			AfterProcessingInitializeOnLoad (10ms)
			EditorAssembliesLoaded (0ms)
		ExecutionOrderSort2 (0ms)
		AwakeInstancesAfterBackupRestoration (20ms)
Refreshing native plugins compatible for Editor in 1.77 ms, found 4 plugins.
Preloading 0 native plugins for Editor in 0.00 ms.
Unloading 14 Unused Serialized files (Serialized files now loaded: 0)
Unloading 6756 unused Assets / (4.5 MB). Loaded Objects now: 7825.
Memory consumption went from 214.5 MB to 210.0 MB.
Total: 15.149000 ms (FindLiveObjects: 1.165100 ms CreateObjectMapping: 1.667800 ms MarkObjects: 7.701800 ms  DeleteObjects: 4.613200 ms)

Prepare: number of updated asset objects reloaded= 0
========================================================================
Received Prepare
Assembly reference Packages/com.unity.cinemachine/Editor/Samples/ExposeHDRPInternals/HDRP-Editor-ref.asmref has no target assembly definition
Assembly reference Packages/com.unity.cinemachine/Editor/Samples/ExposeHDRPInternals/HDRP-Editor-ref.asmref has no target assembly definition
Begin MonoManager ReloadAssembly
- Loaded All Assemblies, in  0.915 seconds
Assembly reference Packages/com.unity.cinemachine/Editor/Samples/ExposeHDRPInternals/HDRP-Editor-ref.asmref has no target assembly definition
'Packages/com.unity.cinemachine/Editor/Obsolete/CinemachineVirtualCameraBaseEditor.cs' contains partial class of Unity.Object, exactly 1 of the partial classes needs to be in a file with the same filename. This is to know the one that can be referenced from ie. GameObjects
'Packages/com.unity.cinemachine/Editor/Editors/CinemachineVirtualCameraBaseEditor.cs' contains partial class of Unity.Object, exactly 1 of the partial classes needs to be in a file with the same filename. This is to know the one that can be referenced from ie. GameObjects
Refreshing native plugins compatible for Editor in 1.91 ms, found 4 plugins.
Native extension for iOS target not found
Native extension for Android target not found
Native extension for UWP target not found
Native extension for WindowsStandalone target not found
Failed to load: C:/Program Files/Unity/Hub/Editor/6000.0.28f1/Editor/Data/PlaybackEngines/VisionOSPlayer\x64\UnityEditor.VisionOS.Native.dll
Native extension for VisionOS target not found
Native extension for WebGL target not found
Assembly reference Packages/com.unity.cinemachine/Editor/Samples/ExposeHDRPInternals/HDRP-Editor-ref.asmref has no target assembly definition
[Package Manager] Failed to launch server process. Reason: Unity was launched with the -noUpm command-line argument
[Package Manager] Unable to send message (not connected to server process).
[Package Manager] Cannot connect to Unity Package Manager local server
Mono: successfully reloaded assembly
- Finished resetting the current domain, in  1.102 seconds
Domain Reload Profiling: 2018ms
	BeginReloadAssembly (301ms)
		ExecutionOrderSort (0ms)
		DisableScriptedObjects (8ms)
		BackupInstance (0ms)
		ReleaseScriptingObjects (0ms)
		CreateAndSetChildDomain (132ms)
	RebuildCommonClasses (49ms)
	RebuildNativeTypeToScriptingClass (13ms)
	initialDomainReloadingComplete (30ms)
	LoadAllAssembliesAndSetupDomain (522ms)
		LoadAssemblies (384ms)
		RebuildTransferFunctionScriptingTraits (0ms)
		AnalyzeDomain (236ms)
			TypeCache.Refresh (11ms)
				TypeCache.ScanAssembly (1ms)
			BuildScriptInfoCaches (208ms)
			ResolveRequiredComponents (12ms)
	FinalizeReload (1102ms)
		ReleaseScriptCaches (0ms)
		RebuildScriptCaches (0ms)
		SetupLoadedEditorAssemblies (754ms)
			LogAssemblyErrors (0ms)
			InitializePlatformSupportModulesInManaged (27ms)
			SetLoadedEditorAssemblies (7ms)
			BeforeProcessingInitializeOnLoad (119ms)
			ProcessInitializeOnLoadAttributes (545ms)
			ProcessInitializeOnLoadMethodAttributes (50ms)
			AfterProcessingInitializeOnLoad (6ms)
			EditorAssembliesLoaded (0ms)
		ExecutionOrderSort2 (0ms)
		AwakeInstancesAfterBackupRestoration (13ms)
Refreshing native plugins compatible for Editor in 1.38 ms, found 4 plugins.
Preloading 0 native plugins for Editor in 0.00 ms.
Unloading 14 Unused Serialized files (Serialized files now loaded: 0)
Unloading 6756 unused Assets / (4.5 MB). Loaded Objects now: 7828.
Memory consumption went from 214.5 MB to 210.0 MB.
Total: 8.775800 ms (FindLiveObjects: 0.757900 ms CreateObjectMapping: 0.636900 ms MarkObjects: 4.549800 ms  DeleteObjects: 2.829800 ms)

Prepare: number of updated asset objects reloaded= 0
========================================================================
Received Prepare
Assembly reference Packages/com.unity.cinemachine/Editor/Samples/ExposeHDRPInternals/HDRP-Editor-ref.asmref has no target assembly definition
Assembly reference Packages/com.unity.cinemachine/Editor/Samples/ExposeHDRPInternals/HDRP-Editor-ref.asmref has no target assembly definition
Begin MonoManager ReloadAssembly
- Loaded All Assemblies, in  0.921 seconds
Assembly reference Packages/com.unity.cinemachine/Editor/Samples/ExposeHDRPInternals/HDRP-Editor-ref.asmref has no target assembly definition
'Packages/com.unity.cinemachine/Editor/Obsolete/CinemachineVirtualCameraBaseEditor.cs' contains partial class of Unity.Object, exactly 1 of the partial classes needs to be in a file with the same filename. This is to know the one that can be referenced from ie. GameObjects
'Packages/com.unity.cinemachine/Editor/Editors/CinemachineVirtualCameraBaseEditor.cs' contains partial class of Unity.Object, exactly 1 of the partial classes needs to be in a file with the same filename. This is to know the one that can be referenced from ie. GameObjects
Refreshing native plugins compatible for Editor in 2.22 ms, found 4 plugins.
Native extension for iOS target not found
Native extension for Android target not found
Native extension for UWP target not found
Native extension for WindowsStandalone target not found
Failed to load: C:/Program Files/Unity/Hub/Editor/6000.0.28f1/Editor/Data/PlaybackEngines/VisionOSPlayer\x64\UnityEditor.VisionOS.Native.dll
Native extension for VisionOS target not found
Native extension for WebGL target not found
Assembly reference Packages/com.unity.cinemachine/Editor/Samples/ExposeHDRPInternals/HDRP-Editor-ref.asmref has no target assembly definition
[Package Manager] Failed to launch server process. Reason: Unity was launched with the -noUpm command-line argument
[Package Manager] Unable to send message (not connected to server process).
[Package Manager] Cannot connect to Unity Package Manager local server
Mono: successfully reloaded assembly
- Finished resetting the current domain, in  1.174 seconds
Domain Reload Profiling: 2094ms
	BeginReloadAssembly (297ms)
		ExecutionOrderSort (0ms)
		DisableScriptedObjects (6ms)
		BackupInstance (0ms)
		ReleaseScriptingObjects (0ms)
		CreateAndSetChildDomain (72ms)
	RebuildCommonClasses (45ms)
	RebuildNativeTypeToScriptingClass (13ms)
	initialDomainReloadingComplete (35ms)
	LoadAllAssembliesAndSetupDomain (529ms)
		LoadAssemblies (395ms)
		RebuildTransferFunctionScriptingTraits (0ms)
		AnalyzeDomain (238ms)
			TypeCache.Refresh (11ms)
				TypeCache.ScanAssembly (1ms)
			BuildScriptInfoCaches (207ms)
			ResolveRequiredComponents (14ms)
	FinalizeReload (1174ms)
		ReleaseScriptCaches (0ms)
		RebuildScriptCaches (0ms)
		SetupLoadedEditorAssemblies (819ms)
			LogAssemblyErrors (0ms)
			InitializePlatformSupportModulesInManaged (20ms)
			SetLoadedEditorAssemblies (5ms)
			BeforeProcessingInitializeOnLoad (83ms)
			ProcessInitializeOnLoadAttributes (648ms)
			ProcessInitializeOnLoadMethodAttributes (55ms)
			AfterProcessingInitializeOnLoad (8ms)
			EditorAssembliesLoaded (0ms)
		ExecutionOrderSort2 (0ms)
		AwakeInstancesAfterBackupRestoration (15ms)
Refreshing native plugins compatible for Editor in 1.69 ms, found 4 plugins.
Preloading 0 native plugins for Editor in 0.00 ms.
Unloading 14 Unused Serialized files (Serialized files now loaded: 0)
Unloading 6756 unused Assets / (4.4 MB). Loaded Objects now: 7831.
Memory consumption went from 214.5 MB to 210.1 MB.
Total: 13.080700 ms (FindLiveObjects: 1.156600 ms CreateObjectMapping: 1.350400 ms MarkObjects: 6.866000 ms  DeleteObjects: 3.705100 ms)

Prepare: number of updated asset objects reloaded= 0
========================================================================
Received Prepare
Assembly reference Packages/com.unity.cinemachine/Editor/Samples/ExposeHDRPInternals/HDRP-Editor-ref.asmref has no target assembly definition
Assembly reference Packages/com.unity.cinemachine/Editor/Samples/ExposeHDRPInternals/HDRP-Editor-ref.asmref has no target assembly definition
Begin MonoManager ReloadAssembly
- Loaded All Assemblies, in  0.834 seconds
Assembly reference Packages/com.unity.cinemachine/Editor/Samples/ExposeHDRPInternals/HDRP-Editor-ref.asmref has no target assembly definition
'Packages/com.unity.cinemachine/Editor/Obsolete/CinemachineVirtualCameraBaseEditor.cs' contains partial class of Unity.Object, exactly 1 of the partial classes needs to be in a file with the same filename. This is to know the one that can be referenced from ie. GameObjects
'Packages/com.unity.cinemachine/Editor/Editors/CinemachineVirtualCameraBaseEditor.cs' contains partial class of Unity.Object, exactly 1 of the partial classes needs to be in a file with the same filename. This is to know the one that can be referenced from ie. GameObjects
Refreshing native plugins compatible for Editor in 1.47 ms, found 4 plugins.
Native extension for iOS target not found
Native extension for Android target not found
Native extension for UWP target not found
Native extension for WindowsStandalone target not found
Failed to load: C:/Program Files/Unity/Hub/Editor/6000.0.28f1/Editor/Data/PlaybackEngines/VisionOSPlayer\x64\UnityEditor.VisionOS.Native.dll
Native extension for VisionOS target not found
Native extension for WebGL target not found
Assembly reference Packages/com.unity.cinemachine/Editor/Samples/ExposeHDRPInternals/HDRP-Editor-ref.asmref has no target assembly definition
[Package Manager] Failed to launch server process. Reason: Unity was launched with the -noUpm command-line argument
[Package Manager] Unable to send message (not connected to server process).
[Package Manager] Cannot connect to Unity Package Manager local server
Mono: successfully reloaded assembly
- Finished resetting the current domain, in  1.215 seconds
Domain Reload Profiling: 2051ms
	BeginReloadAssembly (210ms)
		ExecutionOrderSort (0ms)
		DisableScriptedObjects (7ms)
		BackupInstance (0ms)
		ReleaseScriptingObjects (0ms)
		CreateAndSetChildDomain (61ms)
	RebuildCommonClasses (42ms)
	RebuildNativeTypeToScriptingClass (17ms)
	initialDomainReloadingComplete (32ms)
	LoadAllAssembliesAndSetupDomain (534ms)
		LoadAssemblies (369ms)
		RebuildTransferFunctionScriptingTraits (0ms)
		AnalyzeDomain (254ms)
			TypeCache.Refresh (8ms)
				TypeCache.ScanAssembly (0ms)
			BuildScriptInfoCaches (226ms)
			ResolveRequiredComponents (14ms)
	FinalizeReload (1216ms)
		ReleaseScriptCaches (0ms)
		RebuildScriptCaches (0ms)
		SetupLoadedEditorAssemblies (832ms)
			LogAssemblyErrors (0ms)
			InitializePlatformSupportModulesInManaged (21ms)
			SetLoadedEditorAssemblies (6ms)
			BeforeProcessingInitializeOnLoad (100ms)
			ProcessInitializeOnLoadAttributes (634ms)
			ProcessInitializeOnLoadMethodAttributes (61ms)
			AfterProcessingInitializeOnLoad (10ms)
			EditorAssembliesLoaded (0ms)
		ExecutionOrderSort2 (0ms)
		AwakeInstancesAfterBackupRestoration (21ms)
Refreshing native plugins compatible for Editor in 1.72 ms, found 4 plugins.
Preloading 0 native plugins for Editor in 0.00 ms.
Unloading 14 Unused Serialized files (Serialized files now loaded: 0)
Unloading 6756 unused Assets / (4.7 MB). Loaded Objects now: 7834.
Memory consumption went from 214.5 MB to 209.8 MB.
Total: 13.367100 ms (FindLiveObjects: 1.078200 ms CreateObjectMapping: 1.516500 ms MarkObjects: 6.847800 ms  DeleteObjects: 3.923200 ms)

Prepare: number of updated asset objects reloaded= 0
========================================================================
Received Prepare
Assembly reference Packages/com.unity.cinemachine/Editor/Samples/ExposeHDRPInternals/HDRP-Editor-ref.asmref has no target assembly definition
Assembly reference Packages/com.unity.cinemachine/Editor/Samples/ExposeHDRPInternals/HDRP-Editor-ref.asmref has no target assembly definition
Begin MonoManager ReloadAssembly
- Loaded All Assemblies, in  0.908 seconds
Assembly reference Packages/com.unity.cinemachine/Editor/Samples/ExposeHDRPInternals/HDRP-Editor-ref.asmref has no target assembly definition
'Packages/com.unity.cinemachine/Editor/Obsolete/CinemachineVirtualCameraBaseEditor.cs' contains partial class of Unity.Object, exactly 1 of the partial classes needs to be in a file with the same filename. This is to know the one that can be referenced from ie. GameObjects
'Packages/com.unity.cinemachine/Editor/Editors/CinemachineVirtualCameraBaseEditor.cs' contains partial class of Unity.Object, exactly 1 of the partial classes needs to be in a file with the same filename. This is to know the one that can be referenced from ie. GameObjects
Refreshing native plugins compatible for Editor in 2.23 ms, found 4 plugins.
Native extension for iOS target not found
Native extension for Android target not found
Native extension for UWP target not found
Native extension for WindowsStandalone target not found
Failed to load: C:/Program Files/Unity/Hub/Editor/6000.0.28f1/Editor/Data/PlaybackEngines/VisionOSPlayer\x64\UnityEditor.VisionOS.Native.dll
Native extension for VisionOS target not found
Native extension for WebGL target not found
Assembly reference Packages/com.unity.cinemachine/Editor/Samples/ExposeHDRPInternals/HDRP-Editor-ref.asmref has no target assembly definition
[Package Manager] Failed to launch server process. Reason: Unity was launched with the -noUpm command-line argument
[Package Manager] Unable to send message (not connected to server process).
[Package Manager] Cannot connect to Unity Package Manager local server
Mono: successfully reloaded assembly
- Finished resetting the current domain, in  1.240 seconds
Domain Reload Profiling: 2148ms
	BeginReloadAssembly (216ms)
		ExecutionOrderSort (0ms)
		DisableScriptedObjects (7ms)
		BackupInstance (0ms)
		ReleaseScriptingObjects (0ms)
		CreateAndSetChildDomain (64ms)
	RebuildCommonClasses (46ms)
	RebuildNativeTypeToScriptingClass (18ms)
	initialDomainReloadingComplete (33ms)
	LoadAllAssembliesAndSetupDomain (594ms)
		LoadAssemblies (412ms)
		RebuildTransferFunctionScriptingTraits (0ms)
		AnalyzeDomain (277ms)
			TypeCache.Refresh (11ms)
				TypeCache.ScanAssembly (0ms)
			BuildScriptInfoCaches (246ms)
			ResolveRequiredComponents (15ms)
	FinalizeReload (1241ms)
		ReleaseScriptCaches (0ms)
		RebuildScriptCaches (0ms)
		SetupLoadedEditorAssemblies (889ms)
			LogAssemblyErrors (0ms)
			InitializePlatformSupportModulesInManaged (26ms)
			SetLoadedEditorAssemblies (9ms)
			BeforeProcessingInitializeOnLoad (127ms)
			ProcessInitializeOnLoadAttributes (643ms)
			ProcessInitializeOnLoadMethodAttributes (75ms)
			AfterProcessingInitializeOnLoad (10ms)
			EditorAssembliesLoaded (0ms)
		ExecutionOrderSort2 (0ms)
		AwakeInstancesAfterBackupRestoration (16ms)
Refreshing native plugins compatible for Editor in 2.12 ms, found 4 plugins.
Preloading 0 native plugins for Editor in 0.00 ms.
Unloading 14 Unused Serialized files (Serialized files now loaded: 0)
Unloading 6756 unused Assets / (4.5 MB). Loaded Objects now: 7837.
Memory consumption went from 214.5 MB to 210.0 MB.
Total: 11.253400 ms (FindLiveObjects: 0.793400 ms CreateObjectMapping: 0.808800 ms MarkObjects: 6.143800 ms  DeleteObjects: 3.504600 ms)

Prepare: number of updated asset objects reloaded= 0
========================================================================
Received Prepare
Assembly reference Packages/com.unity.cinemachine/Editor/Samples/ExposeHDRPInternals/HDRP-Editor-ref.asmref has no target assembly definition
Assembly reference Packages/com.unity.cinemachine/Editor/Samples/ExposeHDRPInternals/HDRP-Editor-ref.asmref has no target assembly definition
Begin MonoManager ReloadAssembly
- Loaded All Assemblies, in  1.005 seconds
Assembly reference Packages/com.unity.cinemachine/Editor/Samples/ExposeHDRPInternals/HDRP-Editor-ref.asmref has no target assembly definition
'Packages/com.unity.cinemachine/Editor/Obsolete/CinemachineVirtualCameraBaseEditor.cs' contains partial class of Unity.Object, exactly 1 of the partial classes needs to be in a file with the same filename. This is to know the one that can be referenced from ie. GameObjects
'Packages/com.unity.cinemachine/Editor/Editors/CinemachineVirtualCameraBaseEditor.cs' contains partial class of Unity.Object, exactly 1 of the partial classes needs to be in a file with the same filename. This is to know the one that can be referenced from ie. GameObjects
Refreshing native plugins compatible for Editor in 2.10 ms, found 4 plugins.
Native extension for iOS target not found
Native extension for Android target not found
Native extension for UWP target not found
Native extension for WindowsStandalone target not found
Failed to load: C:/Program Files/Unity/Hub/Editor/6000.0.28f1/Editor/Data/PlaybackEngines/VisionOSPlayer\x64\UnityEditor.VisionOS.Native.dll
Native extension for VisionOS target not found
Native extension for WebGL target not found
Assembly reference Packages/com.unity.cinemachine/Editor/Samples/ExposeHDRPInternals/HDRP-Editor-ref.asmref has no target assembly definition
[Package Manager] Failed to launch server process. Reason: Unity was launched with the -noUpm command-line argument
[Package Manager] Unable to send message (not connected to server process).
[Package Manager] Cannot connect to Unity Package Manager local server
Mono: successfully reloaded assembly
- Finished resetting the current domain, in  1.423 seconds
Domain Reload Profiling: 2429ms
	BeginReloadAssembly (336ms)
		ExecutionOrderSort (0ms)
		DisableScriptedObjects (11ms)
		BackupInstance (0ms)
		ReleaseScriptingObjects (0ms)
		CreateAndSetChildDomain (88ms)
	RebuildCommonClasses (55ms)
	RebuildNativeTypeToScriptingClass (17ms)
	initialDomainReloadingComplete (28ms)
	LoadAllAssembliesAndSetupDomain (570ms)
		LoadAssemblies (431ms)
		RebuildTransferFunctionScriptingTraits (0ms)
		AnalyzeDomain (257ms)
			TypeCache.Refresh (12ms)
				TypeCache.ScanAssembly (1ms)
			BuildScriptInfoCaches (227ms)
			ResolveRequiredComponents (13ms)
	FinalizeReload (1423ms)
		ReleaseScriptCaches (0ms)
		RebuildScriptCaches (0ms)
		SetupLoadedEditorAssemblies (1074ms)
			LogAssemblyErrors (0ms)
			InitializePlatformSupportModulesInManaged (23ms)
			SetLoadedEditorAssemblies (6ms)
			BeforeProcessingInitializeOnLoad (130ms)
			ProcessInitializeOnLoadAttributes (844ms)
			ProcessInitializeOnLoadMethodAttributes (64ms)
			AfterProcessingInitializeOnLoad (6ms)
			EditorAssembliesLoaded (0ms)
		ExecutionOrderSort2 (0ms)
		AwakeInstancesAfterBackupRestoration (12ms)
Refreshing native plugins compatible for Editor in 2.49 ms, found 4 plugins.
Preloading 0 native plugins for Editor in 0.00 ms.
Unloading 14 Unused Serialized files (Serialized files now loaded: 0)
Unloading 6756 unused Assets / (4.4 MB). Loaded Objects now: 7840.
Memory consumption went from 214.5 MB to 210.2 MB.
Total: 12.964600 ms (FindLiveObjects: 1.118900 ms CreateObjectMapping: 1.126600 ms MarkObjects: 6.359700 ms  DeleteObjects: 4.357900 ms)

Prepare: number of updated asset objects reloaded= 0
========================================================================
Received Prepare
'Packages/com.unity.cinemachine/Editor/Obsolete/CinemachineVirtualCameraBaseEditor.cs' contains partial class of Unity.Object, exactly 1 of the partial classes needs to be in a file with the same filename. This is to know the one that can be referenced from ie. GameObjects
'Packages/com.unity.cinemachine/Editor/Editors/CinemachineVirtualCameraBaseEditor.cs' contains partial class of Unity.Object, exactly 1 of the partial classes needs to be in a file with the same filename. This is to know the one that can be referenced from ie. GameObjects
Refreshing native plugins compatible for Editor in 2.58 ms, found 4 plugins.
Preloading 0 native plugins for Editor in 0.00 ms.
Unloading 14 Unused Serialized files (Serialized files now loaded: 0)
Unloading 6745 unused Assets / (4.8 MB). Loaded Objects now: 7841.
Memory consumption went from 214.7 MB to 209.9 MB.
Total: 16.573400 ms (FindLiveObjects: 1.081200 ms CreateObjectMapping: 1.320200 ms MarkObjects: 8.389800 ms  DeleteObjects: 5.780100 ms)

Prepare: number of updated asset objects reloaded= 0
========================================================================
Received Import Request.
  Time since last request: 1190.804666 seconds.
  path: Assets/Survival/Scripts/EnemyHealth.cs
  artifactKey: Guid(2d91df9d64cb0b044882a72fdd17219e) Importer(815301076,1909f56bfc062723c751e8b465ee728b)
Start importing Assets/Survival/Scripts/EnemyHealth.cs using Guid(2d91df9d64cb0b044882a72fdd17219e) Importer(815301076,1909f56bfc062723c751e8b465ee728b) (PreviewImporter) -> (artifact id: '800d0841ee0435bd227173262b944c7c') in 0.1638654 seconds
Number of updated asset objects reloaded before import = 0Number of asset objects unloaded after import = 0

========================================================================
Received Prepare
Assembly reference Packages/com.unity.cinemachine/Editor/Samples/ExposeHDRPInternals/HDRP-Editor-ref.asmref has no target assembly definition
Assembly reference Packages/com.unity.cinemachine/Editor/Samples/ExposeHDRPInternals/HDRP-Editor-ref.asmref has no target assembly definition
Begin MonoManager ReloadAssembly
- Loaded All Assemblies, in  1.317 seconds
Assembly reference Packages/com.unity.cinemachine/Editor/Samples/ExposeHDRPInternals/HDRP-Editor-ref.asmref has no target assembly definition
'Packages/com.unity.cinemachine/Editor/Obsolete/CinemachineVirtualCameraBaseEditor.cs' contains partial class of Unity.Object, exactly 1 of the partial classes needs to be in a file with the same filename. This is to know the one that can be referenced from ie. GameObjects
'Packages/com.unity.cinemachine/Editor/Editors/CinemachineVirtualCameraBaseEditor.cs' contains partial class of Unity.Object, exactly 1 of the partial classes needs to be in a file with the same filename. This is to know the one that can be referenced from ie. GameObjects
Refreshing native plugins compatible for Editor in 1.93 ms, found 4 plugins.
Native extension for iOS target not found
Native extension for Android target not found
Native extension for UWP target not found
Native extension for WindowsStandalone target not found
Failed to load: C:/Program Files/Unity/Hub/Editor/6000.0.28f1/Editor/Data/PlaybackEngines/VisionOSPlayer\x64\UnityEditor.VisionOS.Native.dll
Native extension for VisionOS target not found
Native extension for WebGL target not found
Assembly reference Packages/com.unity.cinemachine/Editor/Samples/ExposeHDRPInternals/HDRP-Editor-ref.asmref has no target assembly definition
[Package Manager] Failed to launch server process. Reason: Unity was launched with the -noUpm command-line argument
[Package Manager] Unable to send message (not connected to server process).
[Package Manager] Cannot connect to Unity Package Manager local server
Mono: successfully reloaded assembly
- Finished resetting the current domain, in  1.746 seconds
Domain Reload Profiling: 3063ms
	BeginReloadAssembly (361ms)
		ExecutionOrderSort (0ms)
		DisableScriptedObjects (9ms)
		BackupInstance (0ms)
		ReleaseScriptingObjects (0ms)
		CreateAndSetChildDomain (95ms)
	RebuildCommonClasses (58ms)
	RebuildNativeTypeToScriptingClass (19ms)
	initialDomainReloadingComplete (41ms)
	LoadAllAssembliesAndSetupDomain (838ms)
		LoadAssemblies (643ms)
		RebuildTransferFunctionScriptingTraits (0ms)
		AnalyzeDomain (393ms)
			TypeCache.Refresh (19ms)
				TypeCache.ScanAssembly (1ms)
			BuildScriptInfoCaches (352ms)
			ResolveRequiredComponents (16ms)
	FinalizeReload (1747ms)
		ReleaseScriptCaches (0ms)
		RebuildScriptCaches (0ms)
		SetupLoadedEditorAssemblies (1225ms)
			LogAssemblyErrors (0ms)
			InitializePlatformSupportModulesInManaged (48ms)
			SetLoadedEditorAssemblies (9ms)
			BeforeProcessingInitializeOnLoad (244ms)
			ProcessInitializeOnLoadAttributes (838ms)
			ProcessInitializeOnLoadMethodAttributes (73ms)
			AfterProcessingInitializeOnLoad (11ms)
			EditorAssembliesLoaded (1ms)
		ExecutionOrderSort2 (0ms)
		AwakeInstancesAfterBackupRestoration (17ms)
Refreshing native plugins compatible for Editor in 2.94 ms, found 4 plugins.
Preloading 0 native plugins for Editor in 0.00 ms.
Unloading 14 Unused Serialized files (Serialized files now loaded: 0)
Unloading 6757 unused Assets / (4.5 MB). Loaded Objects now: 7844.
Memory consumption went from 214.6 MB to 210.0 MB.
Total: 19.127000 ms (FindLiveObjects: 1.056200 ms CreateObjectMapping: 0.842700 ms MarkObjects: 10.135200 ms  DeleteObjects: 7.090800 ms)

Prepare: number of updated asset objects reloaded= 0
========================================================================
Received Prepare
Assembly reference Packages/com.unity.cinemachine/Editor/Samples/ExposeHDRPInternals/HDRP-Editor-ref.asmref has no target assembly definition
Assembly reference Packages/com.unity.cinemachine/Editor/Samples/ExposeHDRPInternals/HDRP-Editor-ref.asmref has no target assembly definition
Begin MonoManager ReloadAssembly
- Loaded All Assemblies, in  1.195 seconds
Assembly reference Packages/com.unity.cinemachine/Editor/Samples/ExposeHDRPInternals/HDRP-Editor-ref.asmref has no target assembly definition
'Packages/com.unity.cinemachine/Editor/Obsolete/CinemachineVirtualCameraBaseEditor.cs' contains partial class of Unity.Object, exactly 1 of the partial classes needs to be in a file with the same filename. This is to know the one that can be referenced from ie. GameObjects
'Packages/com.unity.cinemachine/Editor/Editors/CinemachineVirtualCameraBaseEditor.cs' contains partial class of Unity.Object, exactly 1 of the partial classes needs to be in a file with the same filename. This is to know the one that can be referenced from ie. GameObjects
Refreshing native plugins compatible for Editor in 1.51 ms, found 4 plugins.
Native extension for iOS target not found
Native extension for Android target not found
Native extension for UWP target not found
Native extension for WindowsStandalone target not found
Failed to load: C:/Program Files/Unity/Hub/Editor/6000.0.28f1/Editor/Data/PlaybackEngines/VisionOSPlayer\x64\UnityEditor.VisionOS.Native.dll
Native extension for VisionOS target not found
Native extension for WebGL target not found
Assembly reference Packages/com.unity.cinemachine/Editor/Samples/ExposeHDRPInternals/HDRP-Editor-ref.asmref has no target assembly definition
[Package Manager] Failed to launch server process. Reason: Unity was launched with the -noUpm command-line argument
[Package Manager] Unable to send message (not connected to server process).
[Package Manager] Cannot connect to Unity Package Manager local server
Mono: successfully reloaded assembly
- Finished resetting the current domain, in  1.673 seconds
Domain Reload Profiling: 2864ms
	BeginReloadAssembly (382ms)
		ExecutionOrderSort (0ms)
		DisableScriptedObjects (13ms)
		BackupInstance (0ms)
		ReleaseScriptingObjects (0ms)
		CreateAndSetChildDomain (58ms)
	RebuildCommonClasses (61ms)
	RebuildNativeTypeToScriptingClass (21ms)
	initialDomainReloadingComplete (45ms)
	LoadAllAssembliesAndSetupDomain (681ms)
		LoadAssemblies (473ms)
		RebuildTransferFunctionScriptingTraits (0ms)
		AnalyzeDomain (309ms)
			TypeCache.Refresh (19ms)
				TypeCache.ScanAssembly (2ms)
			BuildScriptInfoCaches (275ms)
			ResolveRequiredComponents (11ms)
	FinalizeReload (1674ms)
		ReleaseScriptCaches (0ms)
		RebuildScriptCaches (0ms)
		SetupLoadedEditorAssemblies (1312ms)
			LogAssemblyErrors (0ms)
			InitializePlatformSupportModulesInManaged (21ms)
			SetLoadedEditorAssemblies (5ms)
			BeforeProcessingInitializeOnLoad (122ms)
			ProcessInitializeOnLoadAttributes (1083ms)
			ProcessInitializeOnLoadMethodAttributes (70ms)
			AfterProcessingInitializeOnLoad (10ms)
			EditorAssembliesLoaded (0ms)
		ExecutionOrderSort2 (0ms)
		AwakeInstancesAfterBackupRestoration (14ms)
Refreshing native plugins compatible for Editor in 1.69 ms, found 4 plugins.
Preloading 0 native plugins for Editor in 0.00 ms.
Unloading 14 Unused Serialized files (Serialized files now loaded: 0)
Unloading 6757 unused Assets / (5.2 MB). Loaded Objects now: 7847.
Memory consumption went from 214.6 MB to 209.4 MB.
Total: 12.516300 ms (FindLiveObjects: 1.084900 ms CreateObjectMapping: 0.881600 ms MarkObjects: 5.748500 ms  DeleteObjects: 4.799300 ms)

Prepare: number of updated asset objects reloaded= 0
========================================================================
Received Prepare
Assembly reference Packages/com.unity.cinemachine/Editor/Samples/ExposeHDRPInternals/HDRP-Editor-ref.asmref has no target assembly definition
Assembly reference Packages/com.unity.cinemachine/Editor/Samples/ExposeHDRPInternals/HDRP-Editor-ref.asmref has no target assembly definition
Begin MonoManager ReloadAssembly
- Loaded All Assemblies, in  0.896 seconds
Assembly reference Packages/com.unity.cinemachine/Editor/Samples/ExposeHDRPInternals/HDRP-Editor-ref.asmref has no target assembly definition
'Packages/com.unity.cinemachine/Editor/Obsolete/CinemachineVirtualCameraBaseEditor.cs' contains partial class of Unity.Object, exactly 1 of the partial classes needs to be in a file with the same filename. This is to know the one that can be referenced from ie. GameObjects
'Packages/com.unity.cinemachine/Editor/Editors/CinemachineVirtualCameraBaseEditor.cs' contains partial class of Unity.Object, exactly 1 of the partial classes needs to be in a file with the same filename. This is to know the one that can be referenced from ie. GameObjects
Refreshing native plugins compatible for Editor in 1.97 ms, found 4 plugins.
Native extension for iOS target not found
Native extension for Android target not found
Native extension for UWP target not found
Native extension for WindowsStandalone target not found
Failed to load: C:/Program Files/Unity/Hub/Editor/6000.0.28f1/Editor/Data/PlaybackEngines/VisionOSPlayer\x64\UnityEditor.VisionOS.Native.dll
Native extension for VisionOS target not found
Native extension for WebGL target not found
Assembly reference Packages/com.unity.cinemachine/Editor/Samples/ExposeHDRPInternals/HDRP-Editor-ref.asmref has no target assembly definition
[Package Manager] Failed to launch server process. Reason: Unity was launched with the -noUpm command-line argument
[Package Manager] Unable to send message (not connected to server process).
[Package Manager] Cannot connect to Unity Package Manager local server
Mono: successfully reloaded assembly
- Finished resetting the current domain, in  1.097 seconds
Domain Reload Profiling: 1994ms
	BeginReloadAssembly (306ms)
		ExecutionOrderSort (0ms)
		DisableScriptedObjects (7ms)
		BackupInstance (0ms)
		ReleaseScriptingObjects (0ms)
		CreateAndSetChildDomain (146ms)
	RebuildCommonClasses (33ms)
	RebuildNativeTypeToScriptingClass (14ms)
	initialDomainReloadingComplete (26ms)
	LoadAllAssembliesAndSetupDomain (516ms)
		LoadAssemblies (362ms)
		RebuildTransferFunctionScriptingTraits (0ms)
		AnalyzeDomain (252ms)
			TypeCache.Refresh (12ms)
				TypeCache.ScanAssembly (1ms)
			BuildScriptInfoCaches (223ms)
			ResolveRequiredComponents (12ms)
	FinalizeReload (1098ms)
		ReleaseScriptCaches (0ms)
		RebuildScriptCaches (0ms)
		SetupLoadedEditorAssemblies (771ms)
			LogAssemblyErrors (0ms)
			InitializePlatformSupportModulesInManaged (26ms)
			SetLoadedEditorAssemblies (6ms)
			BeforeProcessingInitializeOnLoad (115ms)
			ProcessInitializeOnLoadAttributes (561ms)
			ProcessInitializeOnLoadMethodAttributes (53ms)
			AfterProcessingInitializeOnLoad (8ms)
			EditorAssembliesLoaded (0ms)
		ExecutionOrderSort2 (0ms)
		AwakeInstancesAfterBackupRestoration (11ms)
Refreshing native plugins compatible for Editor in 2.12 ms, found 4 plugins.
Preloading 0 native plugins for Editor in 0.00 ms.
Unloading 14 Unused Serialized files (Serialized files now loaded: 0)
Unloading 6757 unused Assets / (4.5 MB). Loaded Objects now: 7850.
Memory consumption went from 214.6 MB to 210.0 MB.
Total: 13.802000 ms (FindLiveObjects: 1.470200 ms CreateObjectMapping: 1.435100 ms MarkObjects: 7.203400 ms  DeleteObjects: 3.691700 ms)

Prepare: number of updated asset objects reloaded= 0
========================================================================
Received Import Request.
  Time since last request: 159.719981 seconds.
  path: Assets/Survival/Prefabs/Enemy/evil@Walking.prefab
  artifactKey: Guid(2c0a3f6b096b6ac4190d9e468aef043a) Importer(815301076,1909f56bfc062723c751e8b465ee728b)
Start importing Assets/Survival/Prefabs/Enemy/evil@Walking.prefab using Guid(2c0a3f6b096b6ac4190d9e468aef043a) Importer(815301076,1909f56bfc062723c751e8b465ee728b) (PreviewImporter) -> (artifact id: '1d126fa47df5b27c7b625ffdd2b57bfb') in 0.6070806 seconds
Number of updated asset objects reloaded before import = 0Number of asset objects unloaded after import = 351

========================================================================
Received Prepare
Assembly reference Packages/com.unity.cinemachine/Editor/Samples/ExposeHDRPInternals/HDRP-Editor-ref.asmref has no target assembly definition
Assembly reference Packages/com.unity.cinemachine/Editor/Samples/ExposeHDRPInternals/HDRP-Editor-ref.asmref has no target assembly definition
Begin MonoManager ReloadAssembly
- Loaded All Assemblies, in  0.873 seconds
Assembly reference Packages/com.unity.cinemachine/Editor/Samples/ExposeHDRPInternals/HDRP-Editor-ref.asmref has no target assembly definition
'Packages/com.unity.cinemachine/Editor/Obsolete/CinemachineVirtualCameraBaseEditor.cs' contains partial class of Unity.Object, exactly 1 of the partial classes needs to be in a file with the same filename. This is to know the one that can be referenced from ie. GameObjects
'Packages/com.unity.cinemachine/Editor/Editors/CinemachineVirtualCameraBaseEditor.cs' contains partial class of Unity.Object, exactly 1 of the partial classes needs to be in a file with the same filename. This is to know the one that can be referenced from ie. GameObjects
Refreshing native plugins compatible for Editor in 1.89 ms, found 4 plugins.
Native extension for iOS target not found
Native extension for Android target not found
Native extension for UWP target not found
Native extension for WindowsStandalone target not found
Failed to load: C:/Program Files/Unity/Hub/Editor/6000.0.28f1/Editor/Data/PlaybackEngines/VisionOSPlayer\x64\UnityEditor.VisionOS.Native.dll
Native extension for VisionOS target not found
Native extension for WebGL target not found
Assembly reference Packages/com.unity.cinemachine/Editor/Samples/ExposeHDRPInternals/HDRP-Editor-ref.asmref has no target assembly definition
[Package Manager] Failed to launch server process. Reason: Unity was launched with the -noUpm command-line argument
[Package Manager] Unable to send message (not connected to server process).
[Package Manager] Cannot connect to Unity Package Manager local server
Mono: successfully reloaded assembly
- Finished resetting the current domain, in  1.278 seconds
Domain Reload Profiling: 2151ms
	BeginReloadAssembly (239ms)
		ExecutionOrderSort (0ms)
		DisableScriptedObjects (20ms)
		BackupInstance (0ms)
		ReleaseScriptingObjects (0ms)
		CreateAndSetChildDomain (84ms)
	RebuildCommonClasses (42ms)
	RebuildNativeTypeToScriptingClass (16ms)
	initialDomainReloadingComplete (33ms)
	LoadAllAssembliesAndSetupDomain (542ms)
		LoadAssemblies (390ms)
		RebuildTransferFunctionScriptingTraits (0ms)
		AnalyzeDomain (245ms)
			TypeCache.Refresh (9ms)
				TypeCache.ScanAssembly (0ms)
			BuildScriptInfoCaches (221ms)
			ResolveRequiredComponents (11ms)
	FinalizeReload (1279ms)
		ReleaseScriptCaches (0ms)
		RebuildScriptCaches (0ms)
		SetupLoadedEditorAssemblies (894ms)
			LogAssemblyErrors (0ms)
			InitializePlatformSupportModulesInManaged (24ms)
			SetLoadedEditorAssemblies (5ms)
			BeforeProcessingInitializeOnLoad (93ms)
			ProcessInitializeOnLoadAttributes (692ms)
			ProcessInitializeOnLoadMethodAttributes (71ms)
			AfterProcessingInitializeOnLoad (9ms)
			EditorAssembliesLoaded (1ms)
		ExecutionOrderSort2 (0ms)
		AwakeInstancesAfterBackupRestoration (18ms)
Refreshing native plugins compatible for Editor in 2.38 ms, found 4 plugins.
Preloading 0 native plugins for Editor in 0.00 ms.
Unloading 14 Unused Serialized files (Serialized files now loaded: 0)
Unloading 6758 unused Assets / (4.9 MB). Loaded Objects now: 7873.
Memory consumption went from 218.9 MB to 214.0 MB.
Total: 12.339400 ms (FindLiveObjects: 0.943500 ms CreateObjectMapping: 0.731900 ms MarkObjects: 5.749600 ms  DeleteObjects: 4.913000 ms)

Prepare: number of updated asset objects reloaded= 0
========================================================================
Received Prepare
Assembly reference Packages/com.unity.cinemachine/Editor/Samples/ExposeHDRPInternals/HDRP-Editor-ref.asmref has no target assembly definition
Assembly reference Packages/com.unity.cinemachine/Editor/Samples/ExposeHDRPInternals/HDRP-Editor-ref.asmref has no target assembly definition
Begin MonoManager ReloadAssembly
- Loaded All Assemblies, in  0.855 seconds
Assembly reference Packages/com.unity.cinemachine/Editor/Samples/ExposeHDRPInternals/HDRP-Editor-ref.asmref has no target assembly definition
'Packages/com.unity.cinemachine/Editor/Obsolete/CinemachineVirtualCameraBaseEditor.cs' contains partial class of Unity.Object, exactly 1 of the partial classes needs to be in a file with the same filename. This is to know the one that can be referenced from ie. GameObjects
'Packages/com.unity.cinemachine/Editor/Editors/CinemachineVirtualCameraBaseEditor.cs' contains partial class of Unity.Object, exactly 1 of the partial classes needs to be in a file with the same filename. This is to know the one that can be referenced from ie. GameObjects
Refreshing native plugins compatible for Editor in 2.10 ms, found 4 plugins.
Native extension for iOS target not found
Native extension for Android target not found
Native extension for UWP target not found
Native extension for WindowsStandalone target not found
Failed to load: C:/Program Files/Unity/Hub/Editor/6000.0.28f1/Editor/Data/PlaybackEngines/VisionOSPlayer\x64\UnityEditor.VisionOS.Native.dll
Native extension for VisionOS target not found
Native extension for WebGL target not found
Assembly reference Packages/com.unity.cinemachine/Editor/Samples/ExposeHDRPInternals/HDRP-Editor-ref.asmref has no target assembly definition
[Package Manager] Failed to launch server process. Reason: Unity was launched with the -noUpm command-line argument
[Package Manager] Unable to send message (not connected to server process).
[Package Manager] Cannot connect to Unity Package Manager local server
Mono: successfully reloaded assembly
- Finished resetting the current domain, in  1.215 seconds
Domain Reload Profiling: 2071ms
	BeginReloadAssembly (222ms)
		ExecutionOrderSort (0ms)
		DisableScriptedObjects (8ms)
		BackupInstance (0ms)
		ReleaseScriptingObjects (0ms)
		CreateAndSetChildDomain (69ms)
	RebuildCommonClasses (35ms)
	RebuildNativeTypeToScriptingClass (13ms)
	initialDomainReloadingComplete (27ms)
	LoadAllAssembliesAndSetupDomain (558ms)
		LoadAssemblies (374ms)
		RebuildTransferFunctionScriptingTraits (0ms)
		AnalyzeDomain (277ms)
			TypeCache.Refresh (9ms)
				TypeCache.ScanAssembly (0ms)
			BuildScriptInfoCaches (247ms)
			ResolveRequiredComponents (14ms)
	FinalizeReload (1216ms)
		ReleaseScriptCaches (0ms)
		RebuildScriptCaches (0ms)
		SetupLoadedEditorAssemblies (842ms)
			LogAssemblyErrors (0ms)
			InitializePlatformSupportModulesInManaged (19ms)
			SetLoadedEditorAssemblies (5ms)
			BeforeProcessingInitializeOnLoad (104ms)
			ProcessInitializeOnLoadAttributes (641ms)
			ProcessInitializeOnLoadMethodAttributes (65ms)
			AfterProcessingInitializeOnLoad (8ms)
			EditorAssembliesLoaded (0ms)
		ExecutionOrderSort2 (0ms)
		AwakeInstancesAfterBackupRestoration (15ms)
Refreshing native plugins compatible for Editor in 3.52 ms, found 4 plugins.
Preloading 0 native plugins for Editor in 0.00 ms.
Unloading 14 Unused Serialized files (Serialized files now loaded: 0)
Unloading 6757 unused Assets / (4.8 MB). Loaded Objects now: 7876.
Memory consumption went from 218.7 MB to 214.0 MB.
Total: 20.261900 ms (FindLiveObjects: 1.110800 ms CreateObjectMapping: 1.718900 ms MarkObjects: 11.219000 ms  DeleteObjects: 6.210500 ms)

Prepare: number of updated asset objects reloaded= 0
========================================================================
Received Prepare
Assembly reference Packages/com.unity.cinemachine/Editor/Samples/ExposeHDRPInternals/HDRP-Editor-ref.asmref has no target assembly definition
Assembly reference Packages/com.unity.cinemachine/Editor/Samples/ExposeHDRPInternals/HDRP-Editor-ref.asmref has no target assembly definition
Begin MonoManager ReloadAssembly
- Loaded All Assemblies, in  0.956 seconds
Assembly reference Packages/com.unity.cinemachine/Editor/Samples/ExposeHDRPInternals/HDRP-Editor-ref.asmref has no target assembly definition
'Packages/com.unity.cinemachine/Editor/Obsolete/CinemachineVirtualCameraBaseEditor.cs' contains partial class of Unity.Object, exactly 1 of the partial classes needs to be in a file with the same filename. This is to know the one that can be referenced from ie. GameObjects
'Packages/com.unity.cinemachine/Editor/Editors/CinemachineVirtualCameraBaseEditor.cs' contains partial class of Unity.Object, exactly 1 of the partial classes needs to be in a file with the same filename. This is to know the one that can be referenced from ie. GameObjects
Refreshing native plugins compatible for Editor in 1.25 ms, found 4 plugins.
Native extension for iOS target not found
Native extension for Android target not found
Native extension for UWP target not found
Native extension for WindowsStandalone target not found
Failed to load: C:/Program Files/Unity/Hub/Editor/6000.0.28f1/Editor/Data/PlaybackEngines/VisionOSPlayer\x64\UnityEditor.VisionOS.Native.dll
Native extension for VisionOS target not found
Native extension for WebGL target not found
Assembly reference Packages/com.unity.cinemachine/Editor/Samples/ExposeHDRPInternals/HDRP-Editor-ref.asmref has no target assembly definition
[Package Manager] Failed to launch server process. Reason: Unity was launched with the -noUpm command-line argument
[Package Manager] Unable to send message (not connected to server process).
[Package Manager] Cannot connect to Unity Package Manager local server
Mono: successfully reloaded assembly
- Finished resetting the current domain, in  1.147 seconds
Domain Reload Profiling: 2105ms
	BeginReloadAssembly (312ms)
		ExecutionOrderSort (0ms)
		DisableScriptedObjects (9ms)
		BackupInstance (0ms)
		ReleaseScriptingObjects (0ms)
		CreateAndSetChildDomain (133ms)
	RebuildCommonClasses (47ms)
	RebuildNativeTypeToScriptingClass (12ms)
	initialDomainReloadingComplete (25ms)
	LoadAllAssembliesAndSetupDomain (560ms)
		LoadAssemblies (389ms)
		RebuildTransferFunctionScriptingTraits (0ms)
		AnalyzeDomain (280ms)
			TypeCache.Refresh (16ms)
				TypeCache.ScanAssembly (3ms)
			BuildScriptInfoCaches (240ms)
			ResolveRequiredComponents (18ms)
	FinalizeReload (1148ms)
		ReleaseScriptCaches (0ms)
		RebuildScriptCaches (0ms)
		SetupLoadedEditorAssemblies (816ms)
			LogAssemblyErrors (0ms)
			InitializePlatformSupportModulesInManaged (17ms)
			SetLoadedEditorAssemblies (6ms)
			BeforeProcessingInitializeOnLoad (96ms)
			ProcessInitializeOnLoadAttributes (639ms)
			ProcessInitializeOnLoadMethodAttributes (50ms)
			AfterProcessingInitializeOnLoad (8ms)
			EditorAssembliesLoaded (0ms)
		ExecutionOrderSort2 (0ms)
		AwakeInstancesAfterBackupRestoration (11ms)
Refreshing native plugins compatible for Editor in 1.43 ms, found 4 plugins.
Preloading 0 native plugins for Editor in 0.00 ms.
Unloading 14 Unused Serialized files (Serialized files now loaded: 0)
Unloading 6757 unused Assets / (3.7 MB). Loaded Objects now: 7879.
Memory consumption went from 218.7 MB to 215.1 MB.
Total: 12.190200 ms (FindLiveObjects: 1.064700 ms CreateObjectMapping: 1.282300 ms MarkObjects: 7.047100 ms  DeleteObjects: 2.794400 ms)

Prepare: number of updated asset objects reloaded= 0
========================================================================
Received Prepare
Assembly reference Packages/com.unity.cinemachine/Editor/Samples/ExposeHDRPInternals/HDRP-Editor-ref.asmref has no target assembly definition
Assembly reference Packages/com.unity.cinemachine/Editor/Samples/ExposeHDRPInternals/HDRP-Editor-ref.asmref has no target assembly definition
Begin MonoManager ReloadAssembly
- Loaded All Assemblies, in  0.850 seconds
Assembly reference Packages/com.unity.cinemachine/Editor/Samples/ExposeHDRPInternals/HDRP-Editor-ref.asmref has no target assembly definition
'Packages/com.unity.cinemachine/Editor/Obsolete/CinemachineVirtualCameraBaseEditor.cs' contains partial class of Unity.Object, exactly 1 of the partial classes needs to be in a file with the same filename. This is to know the one that can be referenced from ie. GameObjects
'Packages/com.unity.cinemachine/Editor/Editors/CinemachineVirtualCameraBaseEditor.cs' contains partial class of Unity.Object, exactly 1 of the partial classes needs to be in a file with the same filename. This is to know the one that can be referenced from ie. GameObjects
Refreshing native plugins compatible for Editor in 1.89 ms, found 4 plugins.
Native extension for iOS target not found
Native extension for Android target not found
Native extension for UWP target not found
Native extension for WindowsStandalone target not found
Failed to load: C:/Program Files/Unity/Hub/Editor/6000.0.28f1/Editor/Data/PlaybackEngines/VisionOSPlayer\x64\UnityEditor.VisionOS.Native.dll
Native extension for VisionOS target not found
Native extension for WebGL target not found
Assembly reference Packages/com.unity.cinemachine/Editor/Samples/ExposeHDRPInternals/HDRP-Editor-ref.asmref has no target assembly definition
[Package Manager] Failed to launch server process. Reason: Unity was launched with the -noUpm command-line argument
[Package Manager] Unable to send message (not connected to server process).
[Package Manager] Cannot connect to Unity Package Manager local server
Mono: successfully reloaded assembly
- Finished resetting the current domain, in  1.183 seconds
Domain Reload Profiling: 2036ms
	BeginReloadAssembly (209ms)
		ExecutionOrderSort (0ms)
		DisableScriptedObjects (7ms)
		BackupInstance (0ms)
		ReleaseScriptingObjects (0ms)
		CreateAndSetChildDomain (62ms)
	RebuildCommonClasses (44ms)
	RebuildNativeTypeToScriptingClass (12ms)
	initialDomainReloadingComplete (26ms)
	LoadAllAssembliesAndSetupDomain (560ms)
		LoadAssemblies (374ms)
		RebuildTransferFunctionScriptingTraits (0ms)
		AnalyzeDomain (268ms)
			TypeCache.Refresh (9ms)
				TypeCache.ScanAssembly (0ms)
			BuildScriptInfoCaches (236ms)
			ResolveRequiredComponents (12ms)
	FinalizeReload (1184ms)
		ReleaseScriptCaches (0ms)
		RebuildScriptCaches (0ms)
		SetupLoadedEditorAssemblies (832ms)
			LogAssemblyErrors (0ms)
			InitializePlatformSupportModulesInManaged (21ms)
			SetLoadedEditorAssemblies (7ms)
			BeforeProcessingInitializeOnLoad (94ms)
			ProcessInitializeOnLoadAttributes (656ms)
			ProcessInitializeOnLoadMethodAttributes (46ms)
			AfterProcessingInitializeOnLoad (8ms)
			EditorAssembliesLoaded (0ms)
		ExecutionOrderSort2 (0ms)
		AwakeInstancesAfterBackupRestoration (12ms)
Refreshing native plugins compatible for Editor in 2.82 ms, found 4 plugins.
Preloading 0 native plugins for Editor in 0.00 ms.
Unloading 14 Unused Serialized files (Serialized files now loaded: 0)
Unloading 6757 unused Assets / (4.4 MB). Loaded Objects now: 7882.
Memory consumption went from 218.8 MB to 214.3 MB.
Total: 10.712900 ms (FindLiveObjects: 0.778200 ms CreateObjectMapping: 0.639300 ms MarkObjects: 6.566800 ms  DeleteObjects: 2.727400 ms)

Prepare: number of updated asset objects reloaded= 0
========================================================================
Received Import Request.
  Time since last request: 263.721856 seconds.
  path: Assets/Survival/Prefabs/Enemy/evil@Walking.prefab
  artifactKey: Guid(2c0a3f6b096b6ac4190d9e468aef043a) Importer(815301076,1909f56bfc062723c751e8b465ee728b)
Start importing Assets/Survival/Prefabs/Enemy/evil@Walking.prefab using Guid(2c0a3f6b096b6ac4190d9e468aef043a) Importer(815301076,1909f56bfc062723c751e8b465ee728b) (PreviewImporter) -> (artifact id: '7a45cc3bd1dafeaf532a892cd24ffbd3') in 0.5505323 seconds
Number of updated asset objects reloaded before import = 0Number of asset objects unloaded after import = 351

========================================================================
Received Prepare
Assembly reference Packages/com.unity.cinemachine/Editor/Samples/ExposeHDRPInternals/HDRP-Editor-ref.asmref has no target assembly definition
Assembly reference Packages/com.unity.cinemachine/Editor/Samples/ExposeHDRPInternals/HDRP-Editor-ref.asmref has no target assembly definition
Begin MonoManager ReloadAssembly
- Loaded All Assemblies, in  0.919 seconds
Assembly reference Packages/com.unity.cinemachine/Editor/Samples/ExposeHDRPInternals/HDRP-Editor-ref.asmref has no target assembly definition
'Packages/com.unity.cinemachine/Editor/Obsolete/CinemachineVirtualCameraBaseEditor.cs' contains partial class of Unity.Object, exactly 1 of the partial classes needs to be in a file with the same filename. This is to know the one that can be referenced from ie. GameObjects
'Packages/com.unity.cinemachine/Editor/Editors/CinemachineVirtualCameraBaseEditor.cs' contains partial class of Unity.Object, exactly 1 of the partial classes needs to be in a file with the same filename. This is to know the one that can be referenced from ie. GameObjects
Refreshing native plugins compatible for Editor in 2.21 ms, found 4 plugins.
Native extension for iOS target not found
Native extension for Android target not found
Native extension for UWP target not found
Native extension for WindowsStandalone target not found
Failed to load: C:/Program Files/Unity/Hub/Editor/6000.0.28f1/Editor/Data/PlaybackEngines/VisionOSPlayer\x64\UnityEditor.VisionOS.Native.dll
Native extension for VisionOS target not found
Native extension for WebGL target not found
Assembly reference Packages/com.unity.cinemachine/Editor/Samples/ExposeHDRPInternals/HDRP-Editor-ref.asmref has no target assembly definition
[Package Manager] Failed to launch server process. Reason: Unity was launched with the -noUpm command-line argument
[Package Manager] Unable to send message (not connected to server process).
[Package Manager] Cannot connect to Unity Package Manager local server
Mono: successfully reloaded assembly
- Finished resetting the current domain, in  1.226 seconds
Domain Reload Profiling: 2146ms
	BeginReloadAssembly (259ms)
		ExecutionOrderSort (0ms)
		DisableScriptedObjects (21ms)
		BackupInstance (0ms)
		ReleaseScriptingObjects (0ms)
		CreateAndSetChildDomain (89ms)
	RebuildCommonClasses (49ms)
	RebuildNativeTypeToScriptingClass (20ms)
	initialDomainReloadingComplete (41ms)
	LoadAllAssembliesAndSetupDomain (552ms)
		LoadAssemblies (393ms)
		RebuildTransferFunctionScriptingTraits (0ms)
		AnalyzeDomain (256ms)
			TypeCache.Refresh (10ms)
				TypeCache.ScanAssembly (0ms)
			BuildScriptInfoCaches (227ms)
			ResolveRequiredComponents (13ms)
	FinalizeReload (1226ms)
		ReleaseScriptCaches (0ms)
		RebuildScriptCaches (0ms)
		SetupLoadedEditorAssemblies (826ms)
			LogAssemblyErrors (0ms)
			InitializePlatformSupportModulesInManaged (25ms)
			SetLoadedEditorAssemblies (7ms)
			BeforeProcessingInitializeOnLoad (97ms)
			ProcessInitializeOnLoadAttributes (619ms)
			ProcessInitializeOnLoadMethodAttributes (67ms)
			AfterProcessingInitializeOnLoad (10ms)
			EditorAssembliesLoaded (1ms)
		ExecutionOrderSort2 (0ms)
		AwakeInstancesAfterBackupRestoration (18ms)
Refreshing native plugins compatible for Editor in 2.06 ms, found 4 plugins.
Preloading 0 native plugins for Editor in 0.00 ms.
Unloading 14 Unused Serialized files (Serialized files now loaded: 0)
Unloading 6758 unused Assets / (5.2 MB). Loaded Objects now: 7905.
Memory consumption went from 223.1 MB to 217.9 MB.
Total: 14.354600 ms (FindLiveObjects: 1.105200 ms CreateObjectMapping: 0.828700 ms MarkObjects: 7.377900 ms  DeleteObjects: 5.041400 ms)

Prepare: number of updated asset objects reloaded= 0
========================================================================
Received Prepare
Assembly reference Packages/com.unity.cinemachine/Editor/Samples/ExposeHDRPInternals/HDRP-Editor-ref.asmref has no target assembly definition
Assembly reference Packages/com.unity.cinemachine/Editor/Samples/ExposeHDRPInternals/HDRP-Editor-ref.asmref has no target assembly definition
Begin MonoManager ReloadAssembly
- Loaded All Assemblies, in  0.834 seconds
Assembly reference Packages/com.unity.cinemachine/Editor/Samples/ExposeHDRPInternals/HDRP-Editor-ref.asmref has no target assembly definition
'Packages/com.unity.cinemachine/Editor/Obsolete/CinemachineVirtualCameraBaseEditor.cs' contains partial class of Unity.Object, exactly 1 of the partial classes needs to be in a file with the same filename. This is to know the one that can be referenced from ie. GameObjects
'Packages/com.unity.cinemachine/Editor/Editors/CinemachineVirtualCameraBaseEditor.cs' contains partial class of Unity.Object, exactly 1 of the partial classes needs to be in a file with the same filename. This is to know the one that can be referenced from ie. GameObjects
Refreshing native plugins compatible for Editor in 1.45 ms, found 4 plugins.
Native extension for iOS target not found
Native extension for Android target not found
Native extension for UWP target not found
Native extension for WindowsStandalone target not found
Failed to load: C:/Program Files/Unity/Hub/Editor/6000.0.28f1/Editor/Data/PlaybackEngines/VisionOSPlayer\x64\UnityEditor.VisionOS.Native.dll
Native extension for VisionOS target not found
Native extension for WebGL target not found
Assembly reference Packages/com.unity.cinemachine/Editor/Samples/ExposeHDRPInternals/HDRP-Editor-ref.asmref has no target assembly definition
[Package Manager] Failed to launch server process. Reason: Unity was launched with the -noUpm command-line argument
[Package Manager] Unable to send message (not connected to server process).
[Package Manager] Cannot connect to Unity Package Manager local server
Mono: successfully reloaded assembly
- Finished resetting the current domain, in  1.056 seconds
Domain Reload Profiling: 1892ms
	BeginReloadAssembly (225ms)
		ExecutionOrderSort (0ms)
		DisableScriptedObjects (7ms)
		BackupInstance (0ms)
		ReleaseScriptingObjects (0ms)
		CreateAndSetChildDomain (60ms)
	RebuildCommonClasses (38ms)
	RebuildNativeTypeToScriptingClass (20ms)
	initialDomainReloadingComplete (27ms)
	LoadAllAssembliesAndSetupDomain (527ms)
		LoadAssemblies (362ms)
		RebuildTransferFunctionScriptingTraits (0ms)
		AnalyzeDomain (264ms)
			TypeCache.Refresh (14ms)
				TypeCache.ScanAssembly (1ms)
			BuildScriptInfoCaches (228ms)
			ResolveRequiredComponents (16ms)
	FinalizeReload (1056ms)
		ReleaseScriptCaches (0ms)
		RebuildScriptCaches (0ms)
		SetupLoadedEditorAssemblies (717ms)
			LogAssemblyErrors (0ms)
			InitializePlatformSupportModulesInManaged (24ms)
			SetLoadedEditorAssemblies (11ms)
			BeforeProcessingInitializeOnLoad (97ms)
			ProcessInitializeOnLoadAttributes (530ms)
			ProcessInitializeOnLoadMethodAttributes (48ms)
			AfterProcessingInitializeOnLoad (6ms)
			EditorAssembliesLoaded (0ms)
		ExecutionOrderSort2 (0ms)
		AwakeInstancesAfterBackupRestoration (14ms)
Refreshing native plugins compatible for Editor in 1.44 ms, found 4 plugins.
Preloading 0 native plugins for Editor in 0.00 ms.
Unloading 14 Unused Serialized files (Serialized files now loaded: 0)
Unloading 6757 unused Assets / (4.5 MB). Loaded Objects now: 7908.
Memory consumption went from 222.9 MB to 218.4 MB.
Total: 8.379100 ms (FindLiveObjects: 0.755400 ms CreateObjectMapping: 0.691700 ms MarkObjects: 4.425900 ms  DeleteObjects: 2.504700 ms)

Prepare: number of updated asset objects reloaded= 0
========================================================================
Received Prepare
Assembly reference Packages/com.unity.cinemachine/Editor/Samples/ExposeHDRPInternals/HDRP-Editor-ref.asmref has no target assembly definition
Assembly reference Packages/com.unity.cinemachine/Editor/Samples/ExposeHDRPInternals/HDRP-Editor-ref.asmref has no target assembly definition
Begin MonoManager ReloadAssembly
- Loaded All Assemblies, in  0.835 seconds
Assembly reference Packages/com.unity.cinemachine/Editor/Samples/ExposeHDRPInternals/HDRP-Editor-ref.asmref has no target assembly definition
'Packages/com.unity.cinemachine/Editor/Obsolete/CinemachineVirtualCameraBaseEditor.cs' contains partial class of Unity.Object, exactly 1 of the partial classes needs to be in a file with the same filename. This is to know the one that can be referenced from ie. GameObjects
'Packages/com.unity.cinemachine/Editor/Editors/CinemachineVirtualCameraBaseEditor.cs' contains partial class of Unity.Object, exactly 1 of the partial classes needs to be in a file with the same filename. This is to know the one that can be referenced from ie. GameObjects
Refreshing native plugins compatible for Editor in 1.86 ms, found 4 plugins.
Native extension for iOS target not found
Native extension for Android target not found
Native extension for UWP target not found
Native extension for WindowsStandalone target not found
Failed to load: C:/Program Files/Unity/Hub/Editor/6000.0.28f1/Editor/Data/PlaybackEngines/VisionOSPlayer\x64\UnityEditor.VisionOS.Native.dll
Native extension for VisionOS target not found
Native extension for WebGL target not found
Assembly reference Packages/com.unity.cinemachine/Editor/Samples/ExposeHDRPInternals/HDRP-Editor-ref.asmref has no target assembly definition
[Package Manager] Failed to launch server process. Reason: Unity was launched with the -noUpm command-line argument
[Package Manager] Unable to send message (not connected to server process).
[Package Manager] Cannot connect to Unity Package Manager local server
Mono: successfully reloaded assembly
- Finished resetting the current domain, in  1.126 seconds
Domain Reload Profiling: 1963ms
	BeginReloadAssembly (208ms)
		ExecutionOrderSort (0ms)
		DisableScriptedObjects (5ms)
		BackupInstance (0ms)
		ReleaseScriptingObjects (0ms)
		CreateAndSetChildDomain (63ms)
	RebuildCommonClasses (35ms)
	RebuildNativeTypeToScriptingClass (15ms)
	initialDomainReloadingComplete (35ms)
	LoadAllAssembliesAndSetupDomain (543ms)
		LoadAssemblies (385ms)
		RebuildTransferFunctionScriptingTraits (0ms)
		AnalyzeDomain (253ms)
			TypeCache.Refresh (9ms)
				TypeCache.ScanAssembly (0ms)
			BuildScriptInfoCaches (222ms)
			ResolveRequiredComponents (15ms)
	FinalizeReload (1127ms)
		ReleaseScriptCaches (0ms)
		RebuildScriptCaches (0ms)
		SetupLoadedEditorAssemblies (783ms)
			LogAssemblyErrors (0ms)
			InitializePlatformSupportModulesInManaged (22ms)
			SetLoadedEditorAssemblies (6ms)
			BeforeProcessingInitializeOnLoad (97ms)
			ProcessInitializeOnLoadAttributes (577ms)
			ProcessInitializeOnLoadMethodAttributes (72ms)
			AfterProcessingInitializeOnLoad (10ms)
			EditorAssembliesLoaded (0ms)
		ExecutionOrderSort2 (0ms)
		AwakeInstancesAfterBackupRestoration (16ms)
Refreshing native plugins compatible for Editor in 2.14 ms, found 4 plugins.
Preloading 0 native plugins for Editor in 0.00 ms.
Unloading 14 Unused Serialized files (Serialized files now loaded: 0)
Unloading 6757 unused Assets / (5.1 MB). Loaded Objects now: 7911.
Memory consumption went from 222.9 MB to 217.8 MB.
Total: 14.653100 ms (FindLiveObjects: 0.937000 ms CreateObjectMapping: 0.953900 ms MarkObjects: 7.408000 ms  DeleteObjects: 5.352900 ms)

Prepare: number of updated asset objects reloaded= 0
========================================================================
Received Import Request.
  Time since last request: 405.328581 seconds.
  path: Assets/Scary_Evil/Animations
  artifactKey: Guid(838db6bbdfa5cc54d85f9e7c05b8f4e6) Importer(815301076,1909f56bfc062723c751e8b465ee728b)
Start importing Assets/Scary_Evil/Animations using Guid(838db6bbdfa5cc54d85f9e7c05b8f4e6) Importer(815301076,1909f56bfc062723c751e8b465ee728b) (PreviewImporter) -> (artifact id: 'a05a9c38eea990cceb72bdc21344da78') in 0.0190606 seconds
Number of updated asset objects reloaded before import = 0Number of asset objects unloaded after import = 0

========================================================================
Received Import Request.
  Time since last request: 1.157159 seconds.
  path: Assets/Scary_Evil/Animations/Idle.anim
  artifactKey: Guid(21017b7b01a8578488e6c36883490bc8) Importer(815301076,1909f56bfc062723c751e8b465ee728b)
Start importing Assets/Scary_Evil/Animations/Idle.anim using Guid(21017b7b01a8578488e6c36883490bc8) Importer(815301076,1909f56bfc062723c751e8b465ee728b) (PreviewImporter) -> (artifact id: '14d79c056c0a2dee7b8f7fb3e8099b91') in 0.0180477 seconds
Number of updated asset objects reloaded before import = 0Number of asset objects unloaded after import = 1

========================================================================
Received Import Request.
  Time since last request: 0.792019 seconds.
  path: Assets/Scary_Evil/Animations/Standing Block Idle.anim
  artifactKey: Guid(b56b88d5b7ea45f4f843d7dbefc1c4ec) Importer(815301076,1909f56bfc062723c751e8b465ee728b)
Start importing Assets/Scary_Evil/Animations/Standing Block Idle.anim using Guid(b56b88d5b7ea45f4f843d7dbefc1c4ec) Importer(815301076,1909f56bfc062723c751e8b465ee728b) (PreviewImporter) -> (artifact id: '9307011abd3f63df23bc17daf2412708') in 0.003681 seconds
Number of updated asset objects reloaded before import = 0Number of asset objects unloaded after import = 1

========================================================================
Received Import Request.
  Time since last request: 1.631115 seconds.
  path: Assets/Scary_Evil/Animations/Walking.anim
  artifactKey: Guid(5f13d78fb0abed94dabb7b4cd89ed1e3) Importer(815301076,1909f56bfc062723c751e8b465ee728b)
Start importing Assets/Scary_Evil/Animations/Walking.anim using Guid(5f13d78fb0abed94dabb7b4cd89ed1e3) Importer(815301076,1909f56bfc062723c751e8b465ee728b) (PreviewImporter) -> (artifact id: '8792bf5722444ae6fdec45ba1c3c28bb') in 0.0046789 seconds
Number of updated asset objects reloaded before import = 0Number of asset objects unloaded after import = 1

========================================================================
Received Import Request.
  Time since last request: 1.638411 seconds.
  path: Assets/Scary_Evil/Animations/Animator_Controller/Scary_Evil_Attack.controller
  artifactKey: Guid(8f36461b6f0f9974493764d2f3942b4e) Importer(815301076,1909f56bfc062723c751e8b465ee728b)
Start importing Assets/Scary_Evil/Animations/Animator_Controller/Scary_Evil_Attack.controller using Guid(8f36461b6f0f9974493764d2f3942b4e) Importer(815301076,1909f56bfc062723c751e8b465ee728b) (PreviewImporter) -> (artifact id: '0c103ad4e396edc54c6f0f2b2ae7a4be') in 0.0097444 seconds
Number of updated asset objects reloaded before import = 0Number of asset objects unloaded after import = 4

========================================================================
Received Import Request.
  Time since last request: 0.564635 seconds.
  path: Assets/Scary_Evil/Animations/Animator_Controller/Scary_Evil_Block_Attack.controller
  artifactKey: Guid(bc9ee11d9b028224e8e505e1bcb9e8e1) Importer(815301076,1909f56bfc062723c751e8b465ee728b)
Start importing Assets/Scary_Evil/Animations/Animator_Controller/Scary_Evil_Block_Attack.controller using Guid(bc9ee11d9b028224e8e505e1bcb9e8e1) Importer(815301076,1909f56bfc062723c751e8b465ee728b) (PreviewImporter) -> (artifact id: 'a14233cb5ac79cea6b5f119dc3e76e19') in 0.0037974 seconds
Number of updated asset objects reloaded before import = 0Number of asset objects unloaded after import = 4

========================================================================
Received Import Request.
  Time since last request: 0.501410 seconds.
  path: Assets/Scary_Evil/Animations/Animator_Controller/Scary_Evil_Idle.controller
  artifactKey: Guid(e7047f6b1f744144eba2224797dacd7d) Importer(815301076,1909f56bfc062723c751e8b465ee728b)
Start importing Assets/Scary_Evil/Animations/Animator_Controller/Scary_Evil_Idle.controller using Guid(e7047f6b1f744144eba2224797dacd7d) Importer(815301076,1909f56bfc062723c751e8b465ee728b) (PreviewImporter) -> (artifact id: 'f44f9a9b2b1a626d39e26196263adf93') in 0.0039229 seconds
Number of updated asset objects reloaded before import = 0Number of asset objects unloaded after import = 4

========================================================================
Received Import Request.
  Time since last request: 0.487130 seconds.
  path: Assets/Scary_Evil/Animations/Animator_Controller/Scary_Evil_Walk.controller
  artifactKey: Guid(11e4cd1ae73750049bddbad8d5dece42) Importer(815301076,1909f56bfc062723c751e8b465ee728b)
Start importing Assets/Scary_Evil/Animations/Animator_Controller/Scary_Evil_Walk.controller using Guid(11e4cd1ae73750049bddbad8d5dece42) Importer(815301076,1909f56bfc062723c751e8b465ee728b) (PreviewImporter) -> (artifact id: '21b59c17f1bee16ff930901461adc30d') in 0.0048066 seconds
Number of updated asset objects reloaded before import = 0Number of asset objects unloaded after import = 4

========================================================================
Received Import Request.
  Time since last request: 18.542515 seconds.
  path: Assets/Scary_Evil/Scary Evil Character Pack.pdf
  artifactKey: Guid(f6515d5286c171f4aa0bb769767397fa) Importer(815301076,1909f56bfc062723c751e8b465ee728b)
Start importing Assets/Scary_Evil/Scary Evil Character Pack.pdf using Guid(f6515d5286c171f4aa0bb769767397fa) Importer(815301076,1909f56bfc062723c751e8b465ee728b) (PreviewImporter) -> (artifact id: 'be4ae9f26eebc33e55e0e74a69c858f9') in 0.002445 seconds
Number of updated asset objects reloaded before import = 0Number of asset objects unloaded after import = 1

========================================================================
Received Import Request.
  Time since last request: 30.062395 seconds.
  path: Assets/Scary_Evil/Scenes
  artifactKey: Guid(9df41ae2b8bf2404eb37032a62ef7cef) Importer(815301076,1909f56bfc062723c751e8b465ee728b)
Start importing Assets/Scary_Evil/Scenes using Guid(9df41ae2b8bf2404eb37032a62ef7cef) Importer(815301076,1909f56bfc062723c751e8b465ee728b) (PreviewImporter) -> (artifact id: '04ccc50f71e1af32f4dc3bba8f6c1368') in 0.0007571 seconds
Number of updated asset objects reloaded before import = 0Number of asset objects unloaded after import = 0

========================================================================
Received Import Request.
  Time since last request: 24.153638 seconds.
  path: Assets/Scenes/Map_v1.unity
  artifactKey: Guid(5a463281e6e238742a45430f11e82829) Importer(815301076,1909f56bfc062723c751e8b465ee728b)
Start importing Assets/Scenes/Map_v1.unity using Guid(5a463281e6e238742a45430f11e82829) Importer(815301076,1909f56bfc062723c751e8b465ee728b) (PreviewImporter) -> (artifact id: '936bc3db9aa2fcd6a284bbaabfdbd8f2') in 0.0007638 seconds
Number of updated asset objects reloaded before import = 0Number of asset objects unloaded after import = 0

========================================================================
Received Import Request.
  Time since last request: 2.621705 seconds.
  path: Assets/Scenes
  artifactKey: Guid(9c53962885c2c4f449125a979d6ad240) Importer(815301076,1909f56bfc062723c751e8b465ee728b)
Start importing Assets/Scenes using Guid(9c53962885c2c4f449125a979d6ad240) Importer(815301076,1909f56bfc062723c751e8b465ee728b) (PreviewImporter) -> (artifact id: 'd65b75f456837a3494a5e6e744543932') in 0.0008499 seconds
Number of updated asset objects reloaded before import = 0Number of asset objects unloaded after import = 0

========================================================================
Received Import Request.
  Time since last request: 272.684429 seconds.
  path: Assets/Scary_Evil/Prefab/Prefabs/X Bot@Standing React Death Backward.fbx
  artifactKey: Guid(e77cff59b5ae86c44b73e717e78f7a86) Importer(815301076,1909f56bfc062723c751e8b465ee728b)
Start importing Assets/Scary_Evil/Prefab/Prefabs/X Bot@Standing React Death Backward.fbx using Guid(e77cff59b5ae86c44b73e717e78f7a86) Importer(815301076,1909f56bfc062723c751e8b465ee728b) (PreviewImporter) -> (artifact id: '7193167030af3b0e92a1ea36af505494') in 0.1732052 seconds
Number of updated asset objects reloaded before import = 0Number of asset objects unloaded after import = 135

========================================================================
Received Import Request.
  Time since last request: 68.426819 seconds.
  path: Assets/Survival/Animations/Controllers/Scary_Evil_Run.controller
  artifactKey: Guid(1ea2358c75ff9ae47a7270b0ca9ac6e6) Importer(815301076,1909f56bfc062723c751e8b465ee728b)
Start importing Assets/Survival/Animations/Controllers/Scary_Evil_Run.controller using Guid(1ea2358c75ff9ae47a7270b0ca9ac6e6) Importer(815301076,1909f56bfc062723c751e8b465ee728b) (PreviewImporter) -> (artifact id: 'ffa52ed075613b3acb24cb3d7328732b') in 0.0529089 seconds
Number of updated asset objects reloaded before import = 0Number of asset objects unloaded after import = 10

========================================================================
Received Prepare
Assembly reference Packages/com.unity.cinemachine/Editor/Samples/ExposeHDRPInternals/HDRP-Editor-ref.asmref has no target assembly definition
Assembly reference Packages/com.unity.cinemachine/Editor/Samples/ExposeHDRPInternals/HDRP-Editor-ref.asmref has no target assembly definition
Begin MonoManager ReloadAssembly
- Loaded All Assemblies, in  0.880 seconds
Assembly reference Packages/com.unity.cinemachine/Editor/Samples/ExposeHDRPInternals/HDRP-Editor-ref.asmref has no target assembly definition
'Packages/com.unity.cinemachine/Editor/Obsolete/CinemachineVirtualCameraBaseEditor.cs' contains partial class of Unity.Object, exactly 1 of the partial classes needs to be in a file with the same filename. This is to know the one that can be referenced from ie. GameObjects
'Packages/com.unity.cinemachine/Editor/Editors/CinemachineVirtualCameraBaseEditor.cs' contains partial class of Unity.Object, exactly 1 of the partial classes needs to be in a file with the same filename. This is to know the one that can be referenced from ie. GameObjects
Refreshing native plugins compatible for Editor in 1.60 ms, found 4 plugins.
Native extension for iOS target not found
Native extension for Android target not found
Native extension for UWP target not found
Native extension for WindowsStandalone target not found
Failed to load: C:/Program Files/Unity/Hub/Editor/6000.0.28f1/Editor/Data/PlaybackEngines/VisionOSPlayer\x64\UnityEditor.VisionOS.Native.dll
Native extension for VisionOS target not found
Native extension for WebGL target not found
Assembly reference Packages/com.unity.cinemachine/Editor/Samples/ExposeHDRPInternals/HDRP-Editor-ref.asmref has no target assembly definition
[Package Manager] Failed to launch server process. Reason: Unity was launched with the -noUpm command-line argument
[Package Manager] Unable to send message (not connected to server process).
[Package Manager] Cannot connect to Unity Package Manager local server
Mono: successfully reloaded assembly
- Finished resetting the current domain, in  1.000 seconds
Domain Reload Profiling: 1882ms
	BeginReloadAssembly (225ms)
		ExecutionOrderSort (0ms)
		DisableScriptedObjects (6ms)
		BackupInstance (0ms)
		ReleaseScriptingObjects (0ms)
		CreateAndSetChildDomain (65ms)
	RebuildCommonClasses (36ms)
	RebuildNativeTypeToScriptingClass (16ms)
	initialDomainReloadingComplete (28ms)
	LoadAllAssembliesAndSetupDomain (577ms)
		LoadAssemblies (408ms)
		RebuildTransferFunctionScriptingTraits (0ms)
		AnalyzeDomain (273ms)
			TypeCache.Refresh (46ms)
				TypeCache.ScanAssembly (2ms)
			BuildScriptInfoCaches (204ms)
			ResolveRequiredComponents (16ms)
	FinalizeReload (1000ms)
		ReleaseScriptCaches (0ms)
		RebuildScriptCaches (0ms)
		SetupLoadedEditorAssemblies (710ms)
			LogAssemblyErrors (0ms)
			InitializePlatformSupportModulesInManaged (17ms)
			SetLoadedEditorAssemblies (7ms)
			BeforeProcessingInitializeOnLoad (88ms)
			ProcessInitializeOnLoadAttributes (545ms)
			ProcessInitializeOnLoadMethodAttributes (48ms)
			AfterProcessingInitializeOnLoad (6ms)
			EditorAssembliesLoaded (0ms)
		ExecutionOrderSort2 (0ms)
		AwakeInstancesAfterBackupRestoration (12ms)
Refreshing native plugins compatible for Editor in 1.92 ms, found 4 plugins.
Preloading 0 native plugins for Editor in 0.00 ms.
Unloading 14 Unused Serialized files (Serialized files now loaded: 0)
Unloading 6757 unused Assets / (4.3 MB). Loaded Objects now: 7914.
Memory consumption went from 222.9 MB to 218.7 MB.
Total: 9.632600 ms (FindLiveObjects: 1.024000 ms CreateObjectMapping: 1.000300 ms MarkObjects: 4.692500 ms  DeleteObjects: 2.914500 ms)

Prepare: number of updated asset objects reloaded= 0
========================================================================
Received Prepare
Assembly reference Packages/com.unity.cinemachine/Editor/Samples/ExposeHDRPInternals/HDRP-Editor-ref.asmref has no target assembly definition
Assembly reference Packages/com.unity.cinemachine/Editor/Samples/ExposeHDRPInternals/HDRP-Editor-ref.asmref has no target assembly definition
Begin MonoManager ReloadAssembly
- Loaded All Assemblies, in  0.847 seconds
Assembly reference Packages/com.unity.cinemachine/Editor/Samples/ExposeHDRPInternals/HDRP-Editor-ref.asmref has no target assembly definition
'Packages/com.unity.cinemachine/Editor/Obsolete/CinemachineVirtualCameraBaseEditor.cs' contains partial class of Unity.Object, exactly 1 of the partial classes needs to be in a file with the same filename. This is to know the one that can be referenced from ie. GameObjects
'Packages/com.unity.cinemachine/Editor/Editors/CinemachineVirtualCameraBaseEditor.cs' contains partial class of Unity.Object, exactly 1 of the partial classes needs to be in a file with the same filename. This is to know the one that can be referenced from ie. GameObjects
Refreshing native plugins compatible for Editor in 1.79 ms, found 4 plugins.
Native extension for iOS target not found
Native extension for Android target not found
Native extension for UWP target not found
Native extension for WindowsStandalone target not found
Failed to load: C:/Program Files/Unity/Hub/Editor/6000.0.28f1/Editor/Data/PlaybackEngines/VisionOSPlayer\x64\UnityEditor.VisionOS.Native.dll
Native extension for VisionOS target not found
Native extension for WebGL target not found
Assembly reference Packages/com.unity.cinemachine/Editor/Samples/ExposeHDRPInternals/HDRP-Editor-ref.asmref has no target assembly definition
[Package Manager] Failed to launch server process. Reason: Unity was launched with the -noUpm command-line argument
[Package Manager] Unable to send message (not connected to server process).
[Package Manager] Cannot connect to Unity Package Manager local server
Mono: successfully reloaded assembly
- Finished resetting the current domain, in  1.126 seconds
Domain Reload Profiling: 1976ms
	BeginReloadAssembly (216ms)
		ExecutionOrderSort (0ms)
		DisableScriptedObjects (5ms)
		BackupInstance (0ms)
		ReleaseScriptingObjects (0ms)
		CreateAndSetChildDomain (58ms)
	RebuildCommonClasses (44ms)
	RebuildNativeTypeToScriptingClass (13ms)
	initialDomainReloadingComplete (29ms)
	LoadAllAssembliesAndSetupDomain (547ms)
		LoadAssemblies (397ms)
		RebuildTransferFunctionScriptingTraits (0ms)
		AnalyzeDomain (252ms)
			TypeCache.Refresh (9ms)
				TypeCache.ScanAssembly (0ms)
			BuildScriptInfoCaches (223ms)
			ResolveRequiredComponents (14ms)
	FinalizeReload (1127ms)
		ReleaseScriptCaches (0ms)
		RebuildScriptCaches (0ms)
		SetupLoadedEditorAssemblies (770ms)
			LogAssemblyErrors (0ms)
			InitializePlatformSupportModulesInManaged (22ms)
			SetLoadedEditorAssemblies (7ms)
			BeforeProcessingInitializeOnLoad (89ms)
			ProcessInitializeOnLoadAttributes (590ms)
			ProcessInitializeOnLoadMethodAttributes (55ms)
			AfterProcessingInitializeOnLoad (6ms)
			EditorAssembliesLoaded (0ms)
		ExecutionOrderSort2 (0ms)
		AwakeInstancesAfterBackupRestoration (12ms)
Refreshing native plugins compatible for Editor in 2.36 ms, found 4 plugins.
Preloading 0 native plugins for Editor in 0.00 ms.
Unloading 14 Unused Serialized files (Serialized files now loaded: 0)
Unloading 6757 unused Assets / (4.3 MB). Loaded Objects now: 7917.
Memory consumption went from 223.0 MB to 218.7 MB.
Total: 18.530300 ms (FindLiveObjects: 1.548600 ms CreateObjectMapping: 1.064900 ms MarkObjects: 10.082400 ms  DeleteObjects: 5.832600 ms)

Prepare: number of updated asset objects reloaded= 0
========================================================================
Received Prepare
Assembly reference Packages/com.unity.cinemachine/Editor/Samples/ExposeHDRPInternals/HDRP-Editor-ref.asmref has no target assembly definition
Assembly reference Packages/com.unity.cinemachine/Editor/Samples/ExposeHDRPInternals/HDRP-Editor-ref.asmref has no target assembly definition
Begin MonoManager ReloadAssembly
- Loaded All Assemblies, in  0.936 seconds
Assembly reference Packages/com.unity.cinemachine/Editor/Samples/ExposeHDRPInternals/HDRP-Editor-ref.asmref has no target assembly definition
'Packages/com.unity.cinemachine/Editor/Obsolete/CinemachineVirtualCameraBaseEditor.cs' contains partial class of Unity.Object, exactly 1 of the partial classes needs to be in a file with the same filename. This is to know the one that can be referenced from ie. GameObjects
'Packages/com.unity.cinemachine/Editor/Editors/CinemachineVirtualCameraBaseEditor.cs' contains partial class of Unity.Object, exactly 1 of the partial classes needs to be in a file with the same filename. This is to know the one that can be referenced from ie. GameObjects
Refreshing native plugins compatible for Editor in 1.32 ms, found 4 plugins.
Native extension for iOS target not found
Native extension for Android target not found
Native extension for UWP target not found
Native extension for WindowsStandalone target not found
Failed to load: C:/Program Files/Unity/Hub/Editor/6000.0.28f1/Editor/Data/PlaybackEngines/VisionOSPlayer\x64\UnityEditor.VisionOS.Native.dll
Native extension for VisionOS target not found
Native extension for WebGL target not found
Assembly reference Packages/com.unity.cinemachine/Editor/Samples/ExposeHDRPInternals/HDRP-Editor-ref.asmref has no target assembly definition
[Package Manager] Failed to launch server process. Reason: Unity was launched with the -noUpm command-line argument
[Package Manager] Unable to send message (not connected to server process).
[Package Manager] Cannot connect to Unity Package Manager local server
Mono: successfully reloaded assembly
- Finished resetting the current domain, in  0.983 seconds
Domain Reload Profiling: 1920ms
	BeginReloadAssembly (298ms)
		ExecutionOrderSort (0ms)
		DisableScriptedObjects (28ms)
		BackupInstance (0ms)
		ReleaseScriptingObjects (0ms)
		CreateAndSetChildDomain (72ms)
	RebuildCommonClasses (48ms)
	RebuildNativeTypeToScriptingClass (15ms)
	initialDomainReloadingComplete (28ms)
	LoadAllAssembliesAndSetupDomain (547ms)
		LoadAssemblies (379ms)
		RebuildTransferFunctionScriptingTraits (0ms)
		AnalyzeDomain (266ms)
			TypeCache.Refresh (14ms)
				TypeCache.ScanAssembly (1ms)
			BuildScriptInfoCaches (235ms)
			ResolveRequiredComponents (11ms)
	FinalizeReload (984ms)
		ReleaseScriptCaches (0ms)
		RebuildScriptCaches (0ms)
		SetupLoadedEditorAssemblies (663ms)
			LogAssemblyErrors (0ms)
			InitializePlatformSupportModulesInManaged (22ms)
			SetLoadedEditorAssemblies (6ms)
			BeforeProcessingInitializeOnLoad (87ms)
			ProcessInitializeOnLoadAttributes (492ms)
			ProcessInitializeOnLoadMethodAttributes (48ms)
			AfterProcessingInitializeOnLoad (7ms)
			EditorAssembliesLoaded (0ms)
		ExecutionOrderSort2 (0ms)
		AwakeInstancesAfterBackupRestoration (12ms)
Refreshing native plugins compatible for Editor in 1.30 ms, found 4 plugins.
Preloading 0 native plugins for Editor in 0.00 ms.
Unloading 14 Unused Serialized files (Serialized files now loaded: 0)
Unloading 6757 unused Assets / (4.5 MB). Loaded Objects now: 7920.
Memory consumption went from 223.0 MB to 218.5 MB.
Total: 8.710600 ms (FindLiveObjects: 0.761200 ms CreateObjectMapping: 0.629900 ms MarkObjects: 4.846000 ms  DeleteObjects: 2.471800 ms)

Prepare: number of updated asset objects reloaded= 0
========================================================================
Received Import Request.
  Time since last request: 466.699071 seconds.
  path: Assets/Scary_Evil/Prefab/Prefabs/X Bot@Standing React Death Backward.fbx
  artifactKey: Guid(e77cff59b5ae86c44b73e717e78f7a86) Importer(815301076,1909f56bfc062723c751e8b465ee728b)
Start importing Assets/Scary_Evil/Prefab/Prefabs/X Bot@Standing React Death Backward.fbx using Guid(e77cff59b5ae86c44b73e717e78f7a86) Importer(815301076,1909f56bfc062723c751e8b465ee728b) (PreviewImporter) -> (artifact id: '90dbbf874ceb53b818371313e0e6a12e') in 0.085363 seconds
Number of updated asset objects reloaded before import = 0Number of asset objects unloaded after import = 134

========================================================================
Received Import Request.
  Time since last request: 318.847769 seconds.
  path: Assets/Scary_Evil/Prefab/Prefabs/X Bot@Standing React Death Backward.fbx
  artifactKey: Guid(e77cff59b5ae86c44b73e717e78f7a86) Importer(815301076,1909f56bfc062723c751e8b465ee728b)
Start importing Assets/Scary_Evil/Prefab/Prefabs/X Bot@Standing React Death Backward.fbx using Guid(e77cff59b5ae86c44b73e717e78f7a86) Importer(815301076,1909f56bfc062723c751e8b465ee728b) (PreviewImporter) -> (artifact id: 'd695f96d8ca0219e438b3d6fa40d74af') in 0.0073357 seconds
Number of updated asset objects reloaded before import = 0Number of asset objects unloaded after import = 137

========================================================================
Received Import Request.
  Time since last request: 69.005264 seconds.
  path: Assets/Scary_Evil/Prefab/Prefabs/X Bot@Standing React Death Backward.fbx
  artifactKey: Guid(e77cff59b5ae86c44b73e717e78f7a86) Importer(815301076,1909f56bfc062723c751e8b465ee728b)
Start importing Assets/Scary_Evil/Prefab/Prefabs/X Bot@Standing React Death Backward.fbx using Guid(e77cff59b5ae86c44b73e717e78f7a86) Importer(815301076,1909f56bfc062723c751e8b465ee728b) (PreviewImporter) -> (artifact id: '310761a6e679493a50eb75c07be1223c') in 0.008279 seconds
Number of updated asset objects reloaded before import = 0Number of asset objects unloaded after import = 135

========================================================================
Received Prepare
Assembly reference Packages/com.unity.cinemachine/Editor/Samples/ExposeHDRPInternals/HDRP-Editor-ref.asmref has no target assembly definition
Assembly reference Packages/com.unity.cinemachine/Editor/Samples/ExposeHDRPInternals/HDRP-Editor-ref.asmref has no target assembly definition
Begin MonoManager ReloadAssembly
- Loaded All Assemblies, in  0.877 seconds
Assembly reference Packages/com.unity.cinemachine/Editor/Samples/ExposeHDRPInternals/HDRP-Editor-ref.asmref has no target assembly definition
'Packages/com.unity.cinemachine/Editor/Obsolete/CinemachineVirtualCameraBaseEditor.cs' contains partial class of Unity.Object, exactly 1 of the partial classes needs to be in a file with the same filename. This is to know the one that can be referenced from ie. GameObjects
'Packages/com.unity.cinemachine/Editor/Editors/CinemachineVirtualCameraBaseEditor.cs' contains partial class of Unity.Object, exactly 1 of the partial classes needs to be in a file with the same filename. This is to know the one that can be referenced from ie. GameObjects
Refreshing native plugins compatible for Editor in 1.47 ms, found 4 plugins.
Native extension for iOS target not found
Native extension for Android target not found
Native extension for UWP target not found
Native extension for WindowsStandalone target not found
Failed to load: C:/Program Files/Unity/Hub/Editor/6000.0.28f1/Editor/Data/PlaybackEngines/VisionOSPlayer\x64\UnityEditor.VisionOS.Native.dll
Native extension for VisionOS target not found
Native extension for WebGL target not found
Assembly reference Packages/com.unity.cinemachine/Editor/Samples/ExposeHDRPInternals/HDRP-Editor-ref.asmref has no target assembly definition
[Package Manager] Failed to launch server process. Reason: Unity was launched with the -noUpm command-line argument
[Package Manager] Unable to send message (not connected to server process).
[Package Manager] Cannot connect to Unity Package Manager local server
Mono: successfully reloaded assembly
- Finished resetting the current domain, in  1.224 seconds
Domain Reload Profiling: 2102ms
	BeginReloadAssembly (260ms)
		ExecutionOrderSort (0ms)
		DisableScriptedObjects (6ms)
		BackupInstance (0ms)
		ReleaseScriptingObjects (0ms)
		CreateAndSetChildDomain (80ms)
	RebuildCommonClasses (45ms)
	RebuildNativeTypeToScriptingClass (15ms)
	initialDomainReloadingComplete (32ms)
	LoadAllAssembliesAndSetupDomain (525ms)
		LoadAssemblies (401ms)
		RebuildTransferFunctionScriptingTraits (0ms)
		AnalyzeDomain (249ms)
			TypeCache.Refresh (9ms)
				TypeCache.ScanAssembly (0ms)
			BuildScriptInfoCaches (224ms)
			ResolveRequiredComponents (11ms)
	FinalizeReload (1224ms)
		ReleaseScriptCaches (0ms)
		RebuildScriptCaches (0ms)
		SetupLoadedEditorAssemblies (850ms)
			LogAssemblyErrors (0ms)
			InitializePlatformSupportModulesInManaged (19ms)
			SetLoadedEditorAssemblies (6ms)
			BeforeProcessingInitializeOnLoad (100ms)
			ProcessInitializeOnLoadAttributes (648ms)
			ProcessInitializeOnLoadMethodAttributes (70ms)
			AfterProcessingInitializeOnLoad (8ms)
			EditorAssembliesLoaded (1ms)
		ExecutionOrderSort2 (0ms)
		AwakeInstancesAfterBackupRestoration (17ms)
Refreshing native plugins compatible for Editor in 2.13 ms, found 4 plugins.
Preloading 0 native plugins for Editor in 0.00 ms.
Unloading 14 Unused Serialized files (Serialized files now loaded: 0)
Unloading 6757 unused Assets / (4.8 MB). Loaded Objects now: 7923.
Memory consumption went from 223.0 MB to 218.2 MB.
Total: 11.832800 ms (FindLiveObjects: 0.961700 ms CreateObjectMapping: 0.806900 ms MarkObjects: 5.909200 ms  DeleteObjects: 4.153400 ms)

Prepare: number of updated asset objects reloaded= 0
========================================================================
Received Import Request.
  Time since last request: 761.420864 seconds.
  path: Assets/Survival/Prefabs/Enemy/evil@Walking.prefab
  artifactKey: Guid(2c0a3f6b096b6ac4190d9e468aef043a) Importer(815301076,1909f56bfc062723c751e8b465ee728b)
Start importing Assets/Survival/Prefabs/Enemy/evil@Walking.prefab using Guid(2c0a3f6b096b6ac4190d9e468aef043a) Importer(815301076,1909f56bfc062723c751e8b465ee728b) (PreviewImporter) -> (artifact id: '0339bff2fe625b69b278cfef273ff667') in 0.575982 seconds
Number of updated asset objects reloaded before import = 0Number of asset objects unloaded after import = 356

========================================================================
Received Import Request.
  Time since last request: 12.019644 seconds.
  path: Assets/Survival/Prefabs/Enemy/evil@Walking.prefab
  artifactKey: Guid(2c0a3f6b096b6ac4190d9e468aef043a) Importer(815301076,1909f56bfc062723c751e8b465ee728b)
Start importing Assets/Survival/Prefabs/Enemy/evil@Walking.prefab using Guid(2c0a3f6b096b6ac4190d9e468aef043a) Importer(815301076,1909f56bfc062723c751e8b465ee728b) (PreviewImporter) -> (artifact id: 'fb33fb62117fd9c083fdd1b1b7307343') in 0.0852377 seconds
Number of updated asset objects reloaded before import = 0Number of asset objects unloaded after import = 356

========================================================================
Received Prepare
Assembly reference Packages/com.unity.cinemachine/Editor/Samples/ExposeHDRPInternals/HDRP-Editor-ref.asmref has no target assembly definition
Assembly reference Packages/com.unity.cinemachine/Editor/Samples/ExposeHDRPInternals/HDRP-Editor-ref.asmref has no target assembly definition
Begin MonoManager ReloadAssembly
- Loaded All Assemblies, in  0.882 seconds
Assembly reference Packages/com.unity.cinemachine/Editor/Samples/ExposeHDRPInternals/HDRP-Editor-ref.asmref has no target assembly definition
'Packages/com.unity.cinemachine/Editor/Obsolete/CinemachineVirtualCameraBaseEditor.cs' contains partial class of Unity.Object, exactly 1 of the partial classes needs to be in a file with the same filename. This is to know the one that can be referenced from ie. GameObjects
'Packages/com.unity.cinemachine/Editor/Editors/CinemachineVirtualCameraBaseEditor.cs' contains partial class of Unity.Object, exactly 1 of the partial classes needs to be in a file with the same filename. This is to know the one that can be referenced from ie. GameObjects
Refreshing native plugins compatible for Editor in 2.00 ms, found 4 plugins.
Native extension for iOS target not found
Native extension for Android target not found
Native extension for UWP target not found
Native extension for WindowsStandalone target not found
Failed to load: C:/Program Files/Unity/Hub/Editor/6000.0.28f1/Editor/Data/PlaybackEngines/VisionOSPlayer\x64\UnityEditor.VisionOS.Native.dll
Native extension for VisionOS target not found
Native extension for WebGL target not found
Assembly reference Packages/com.unity.cinemachine/Editor/Samples/ExposeHDRPInternals/HDRP-Editor-ref.asmref has no target assembly definition
[Package Manager] Failed to launch server process. Reason: Unity was launched with the -noUpm command-line argument
[Package Manager] Unable to send message (not connected to server process).
[Package Manager] Cannot connect to Unity Package Manager local server
Mono: successfully reloaded assembly
- Finished resetting the current domain, in  1.205 seconds
Domain Reload Profiling: 2089ms
	BeginReloadAssembly (232ms)
		ExecutionOrderSort (0ms)
		DisableScriptedObjects (22ms)
		BackupInstance (0ms)
		ReleaseScriptingObjects (0ms)
		CreateAndSetChildDomain (72ms)
	RebuildCommonClasses (34ms)
	RebuildNativeTypeToScriptingClass (13ms)
	initialDomainReloadingComplete (28ms)
	LoadAllAssembliesAndSetupDomain (577ms)
		LoadAssemblies (408ms)
		RebuildTransferFunctionScriptingTraits (0ms)
		AnalyzeDomain (263ms)
			TypeCache.Refresh (8ms)
				TypeCache.ScanAssembly (0ms)
			BuildScriptInfoCaches (236ms)
			ResolveRequiredComponents (12ms)
	FinalizeReload (1206ms)
		ReleaseScriptCaches (0ms)
		RebuildScriptCaches (0ms)
		SetupLoadedEditorAssemblies (852ms)
			LogAssemblyErrors (0ms)
			InitializePlatformSupportModulesInManaged (27ms)
			SetLoadedEditorAssemblies (12ms)
			BeforeProcessingInitializeOnLoad (119ms)
			ProcessInitializeOnLoadAttributes (618ms)
			ProcessInitializeOnLoadMethodAttributes (66ms)
			AfterProcessingInitializeOnLoad (10ms)
			EditorAssembliesLoaded (1ms)
		ExecutionOrderSort2 (0ms)
		AwakeInstancesAfterBackupRestoration (18ms)
Refreshing native plugins compatible for Editor in 2.13 ms, found 4 plugins.
Preloading 0 native plugins for Editor in 0.00 ms.
Unloading 14 Unused Serialized files (Serialized files now loaded: 0)
Unloading 6758 unused Assets / (4.7 MB). Loaded Objects now: 7946.
Memory consumption went from 227.3 MB to 222.5 MB.
Total: 9.734600 ms (FindLiveObjects: 1.033400 ms CreateObjectMapping: 0.713100 ms MarkObjects: 4.947900 ms  DeleteObjects: 3.038800 ms)

Prepare: number of updated asset objects reloaded= 0
========================================================================
Received Prepare
Assembly reference Packages/com.unity.cinemachine/Editor/Samples/ExposeHDRPInternals/HDRP-Editor-ref.asmref has no target assembly definition
Assembly reference Packages/com.unity.cinemachine/Editor/Samples/ExposeHDRPInternals/HDRP-Editor-ref.asmref has no target assembly definition
Begin MonoManager ReloadAssembly
- Loaded All Assemblies, in  0.821 seconds
Assembly reference Packages/com.unity.cinemachine/Editor/Samples/ExposeHDRPInternals/HDRP-Editor-ref.asmref has no target assembly definition
'Packages/com.unity.cinemachine/Editor/Obsolete/CinemachineVirtualCameraBaseEditor.cs' contains partial class of Unity.Object, exactly 1 of the partial classes needs to be in a file with the same filename. This is to know the one that can be referenced from ie. GameObjects
'Packages/com.unity.cinemachine/Editor/Editors/CinemachineVirtualCameraBaseEditor.cs' contains partial class of Unity.Object, exactly 1 of the partial classes needs to be in a file with the same filename. This is to know the one that can be referenced from ie. GameObjects
Refreshing native plugins compatible for Editor in 1.86 ms, found 4 plugins.
Native extension for iOS target not found
Native extension for Android target not found
Native extension for UWP target not found
Native extension for WindowsStandalone target not found
Failed to load: C:/Program Files/Unity/Hub/Editor/6000.0.28f1/Editor/Data/PlaybackEngines/VisionOSPlayer\x64\UnityEditor.VisionOS.Native.dll
Native extension for VisionOS target not found
Native extension for WebGL target not found
Assembly reference Packages/com.unity.cinemachine/Editor/Samples/ExposeHDRPInternals/HDRP-Editor-ref.asmref has no target assembly definition
[Package Manager] Failed to launch server process. Reason: Unity was launched with the -noUpm command-line argument
[Package Manager] Unable to send message (not connected to server process).
[Package Manager] Cannot connect to Unity Package Manager local server
Mono: successfully reloaded assembly
- Finished resetting the current domain, in  1.319 seconds
Domain Reload Profiling: 2141ms
	BeginReloadAssembly (210ms)
		ExecutionOrderSort (0ms)
		DisableScriptedObjects (6ms)
		BackupInstance (0ms)
		ReleaseScriptingObjects (0ms)
		CreateAndSetChildDomain (50ms)
	RebuildCommonClasses (34ms)
	RebuildNativeTypeToScriptingClass (14ms)
	initialDomainReloadingComplete (26ms)
	LoadAllAssembliesAndSetupDomain (538ms)
		LoadAssemblies (408ms)
		RebuildTransferFunctionScriptingTraits (0ms)
		AnalyzeDomain (229ms)
			TypeCache.Refresh (9ms)
				TypeCache.ScanAssembly (0ms)
			BuildScriptInfoCaches (202ms)
			ResolveRequiredComponents (13ms)
	FinalizeReload (1320ms)
		ReleaseScriptCaches (0ms)
		RebuildScriptCaches (0ms)
		SetupLoadedEditorAssemblies (913ms)
			LogAssemblyErrors (0ms)
			InitializePlatformSupportModulesInManaged (23ms)
			SetLoadedEditorAssemblies (6ms)
			BeforeProcessingInitializeOnLoad (104ms)
			ProcessInitializeOnLoadAttributes (695ms)
			ProcessInitializeOnLoadMethodAttributes (75ms)
			AfterProcessingInitializeOnLoad (10ms)
			EditorAssembliesLoaded (0ms)
		ExecutionOrderSort2 (0ms)
		AwakeInstancesAfterBackupRestoration (21ms)
Refreshing native plugins compatible for Editor in 3.32 ms, found 4 plugins.
Preloading 0 native plugins for Editor in 0.00 ms.
Unloading 14 Unused Serialized files (Serialized files now loaded: 0)
Unloading 6757 unused Assets / (4.2 MB). Loaded Objects now: 7949.
Memory consumption went from 227.1 MB to 222.8 MB.
Total: 25.690400 ms (FindLiveObjects: 1.650300 ms CreateObjectMapping: 1.543100 ms MarkObjects: 16.864200 ms  DeleteObjects: 5.630900 ms)

Prepare: number of updated asset objects reloaded= 0
========================================================================
Received Import Request.
  Time since last request: 328.940628 seconds.
  path: Assets/Scary_Evil/Prefab/Prefabs/evil@Idle (1).prefab
  artifactKey: Guid(9ea8cc3166e81af478a6fa55058a60e6) Importer(815301076,1909f56bfc062723c751e8b465ee728b)
Start importing Assets/Scary_Evil/Prefab/Prefabs/evil@Idle (1).prefab using Guid(9ea8cc3166e81af478a6fa55058a60e6) Importer(815301076,1909f56bfc062723c751e8b465ee728b) (PreviewImporter) -> (artifact id: '6274d9310de27290c923f2f660257b59') in 0.5572948 seconds
Number of updated asset objects reloaded before import = 0Number of asset objects unloaded after import = 339

========================================================================
Received Import Request.
  Time since last request: 3.622149 seconds.
  path: Assets/Scary_Evil/Prefab/Prefabs/evil@Idle (1).controller
  artifactKey: Guid(62ae63049bf4c6149901f33e64e39dcf) Importer(815301076,1909f56bfc062723c751e8b465ee728b)
Start importing Assets/Scary_Evil/Prefab/Prefabs/evil@Idle (1).controller using Guid(62ae63049bf4c6149901f33e64e39dcf) Importer(815301076,1909f56bfc062723c751e8b465ee728b) (PreviewImporter) -> (artifact id: 'f8e1b5f317ecfa42d5cc340b33410975') in 0.0027211 seconds
Number of updated asset objects reloaded before import = 0Number of asset objects unloaded after import = 4

========================================================================
Received Import Request.
  Time since last request: 223.729626 seconds.
  path: Assets/Survival/Animations/Controllers/Scary_Evil_Run.controller
  artifactKey: Guid(1ea2358c75ff9ae47a7270b0ca9ac6e6) Importer(815301076,1909f56bfc062723c751e8b465ee728b)
Start importing Assets/Survival/Animations/Controllers/Scary_Evil_Run.controller using Guid(1ea2358c75ff9ae47a7270b0ca9ac6e6) Importer(815301076,1909f56bfc062723c751e8b465ee728b) (PreviewImporter) -> (artifact id: 'b9e6acdbb8d004511e86f5232fa4f646') in 0.0145171 seconds
Number of updated asset objects reloaded before import = 0Number of asset objects unloaded after import = 15

========================================================================
Received Prepare
Assembly reference Packages/com.unity.cinemachine/Editor/Samples/ExposeHDRPInternals/HDRP-Editor-ref.asmref has no target assembly definition
Assembly reference Packages/com.unity.cinemachine/Editor/Samples/ExposeHDRPInternals/HDRP-Editor-ref.asmref has no target assembly definition
Begin MonoManager ReloadAssembly
- Loaded All Assemblies, in  0.860 seconds
Assembly reference Packages/com.unity.cinemachine/Editor/Samples/ExposeHDRPInternals/HDRP-Editor-ref.asmref has no target assembly definition
'Packages/com.unity.cinemachine/Editor/Obsolete/CinemachineVirtualCameraBaseEditor.cs' contains partial class of Unity.Object, exactly 1 of the partial classes needs to be in a file with the same filename. This is to know the one that can be referenced from ie. GameObjects
'Packages/com.unity.cinemachine/Editor/Editors/CinemachineVirtualCameraBaseEditor.cs' contains partial class of Unity.Object, exactly 1 of the partial classes needs to be in a file with the same filename. This is to know the one that can be referenced from ie. GameObjects
Refreshing native plugins compatible for Editor in 2.12 ms, found 4 plugins.
Native extension for iOS target not found
Native extension for Android target not found
Native extension for UWP target not found
Native extension for WindowsStandalone target not found
Failed to load: C:/Program Files/Unity/Hub/Editor/6000.0.28f1/Editor/Data/PlaybackEngines/VisionOSPlayer\x64\UnityEditor.VisionOS.Native.dll
Native extension for VisionOS target not found
Native extension for WebGL target not found
Assembly reference Packages/com.unity.cinemachine/Editor/Samples/ExposeHDRPInternals/HDRP-Editor-ref.asmref has no target assembly definition
[Package Manager] Failed to launch server process. Reason: Unity was launched with the -noUpm command-line argument
[Package Manager] Unable to send message (not connected to server process).
[Package Manager] Cannot connect to Unity Package Manager local server
Mono: successfully reloaded assembly
- Finished resetting the current domain, in  1.107 seconds
Domain Reload Profiling: 1966ms
	BeginReloadAssembly (238ms)
		ExecutionOrderSort (0ms)
		DisableScriptedObjects (19ms)
		BackupInstance (0ms)
		ReleaseScriptingObjects (0ms)
		CreateAndSetChildDomain (87ms)
	RebuildCommonClasses (34ms)
	RebuildNativeTypeToScriptingClass (12ms)
	initialDomainReloadingComplete (31ms)
	LoadAllAssembliesAndSetupDomain (543ms)
		LoadAssemblies (385ms)
		RebuildTransferFunctionScriptingTraits (0ms)
		AnalyzeDomain (246ms)
			TypeCache.Refresh (9ms)
				TypeCache.ScanAssembly (0ms)
			BuildScriptInfoCaches (221ms)
			ResolveRequiredComponents (12ms)
	FinalizeReload (1108ms)
		ReleaseScriptCaches (0ms)
		RebuildScriptCaches (0ms)
		SetupLoadedEditorAssemblies (785ms)
			LogAssemblyErrors (0ms)
			InitializePlatformSupportModulesInManaged (17ms)
			SetLoadedEditorAssemblies (7ms)
			BeforeProcessingInitializeOnLoad (95ms)
			ProcessInitializeOnLoadAttributes (601ms)
			ProcessInitializeOnLoadMethodAttributes (58ms)
			AfterProcessingInitializeOnLoad (6ms)
			EditorAssembliesLoaded (0ms)
		ExecutionOrderSort2 (0ms)
		AwakeInstancesAfterBackupRestoration (18ms)
Refreshing native plugins compatible for Editor in 1.33 ms, found 4 plugins.
Preloading 0 native plugins for Editor in 0.00 ms.
Unloading 14 Unused Serialized files (Serialized files now loaded: 0)
Unloading 6758 unused Assets / (4.5 MB). Loaded Objects now: 7972.
Memory consumption went from 231.7 MB to 227.1 MB.
Total: 13.709600 ms (FindLiveObjects: 1.150800 ms CreateObjectMapping: 0.854000 ms MarkObjects: 7.313900 ms  DeleteObjects: 4.389400 ms)

Prepare: number of updated asset objects reloaded= 0
========================================================================
Received Prepare
Assembly reference Packages/com.unity.cinemachine/Editor/Samples/ExposeHDRPInternals/HDRP-Editor-ref.asmref has no target assembly definition
Assembly reference Packages/com.unity.cinemachine/Editor/Samples/ExposeHDRPInternals/HDRP-Editor-ref.asmref has no target assembly definition
Begin MonoManager ReloadAssembly
- Loaded All Assemblies, in  0.823 seconds
Assembly reference Packages/com.unity.cinemachine/Editor/Samples/ExposeHDRPInternals/HDRP-Editor-ref.asmref has no target assembly definition
'Packages/com.unity.cinemachine/Editor/Obsolete/CinemachineVirtualCameraBaseEditor.cs' contains partial class of Unity.Object, exactly 1 of the partial classes needs to be in a file with the same filename. This is to know the one that can be referenced from ie. GameObjects
'Packages/com.unity.cinemachine/Editor/Editors/CinemachineVirtualCameraBaseEditor.cs' contains partial class of Unity.Object, exactly 1 of the partial classes needs to be in a file with the same filename. This is to know the one that can be referenced from ie. GameObjects
Refreshing native plugins compatible for Editor in 1.92 ms, found 4 plugins.
Native extension for iOS target not found
Native extension for Android target not found
Native extension for UWP target not found
Native extension for WindowsStandalone target not found
Failed to load: C:/Program Files/Unity/Hub/Editor/6000.0.28f1/Editor/Data/PlaybackEngines/VisionOSPlayer\x64\UnityEditor.VisionOS.Native.dll
Native extension for VisionOS target not found
Native extension for WebGL target not found
Assembly reference Packages/com.unity.cinemachine/Editor/Samples/ExposeHDRPInternals/HDRP-Editor-ref.asmref has no target assembly definition
[Package Manager] Failed to launch server process. Reason: Unity was launched with the -noUpm command-line argument
[Package Manager] Unable to send message (not connected to server process).
[Package Manager] Cannot connect to Unity Package Manager local server
Mono: successfully reloaded assembly
- Finished resetting the current domain, in  1.120 seconds
Domain Reload Profiling: 1945ms
	BeginReloadAssembly (198ms)
		ExecutionOrderSort (0ms)
		DisableScriptedObjects (5ms)
		BackupInstance (0ms)
		ReleaseScriptingObjects (0ms)
		CreateAndSetChildDomain (61ms)
	RebuildCommonClasses (46ms)
	RebuildNativeTypeToScriptingClass (13ms)
	initialDomainReloadingComplete (31ms)
	LoadAllAssembliesAndSetupDomain (536ms)
		LoadAssemblies (372ms)
		RebuildTransferFunctionScriptingTraits (0ms)
		AnalyzeDomain (250ms)
			TypeCache.Refresh (9ms)
				TypeCache.ScanAssembly (0ms)
			BuildScriptInfoCaches (220ms)
			ResolveRequiredComponents (15ms)
	FinalizeReload (1121ms)
		ReleaseScriptCaches (0ms)
		RebuildScriptCaches (0ms)
		SetupLoadedEditorAssemblies (800ms)
			LogAssemblyErrors (0ms)
			InitializePlatformSupportModulesInManaged (22ms)
			SetLoadedEditorAssemblies (6ms)
			BeforeProcessingInitializeOnLoad (112ms)
			ProcessInitializeOnLoadAttributes (589ms)
			ProcessInitializeOnLoadMethodAttributes (64ms)
			AfterProcessingInitializeOnLoad (6ms)
			EditorAssembliesLoaded (0ms)
		ExecutionOrderSort2 (0ms)
		AwakeInstancesAfterBackupRestoration (14ms)
Refreshing native plugins compatible for Editor in 2.41 ms, found 4 plugins.
Preloading 0 native plugins for Editor in 0.00 ms.
Unloading 14 Unused Serialized files (Serialized files now loaded: 0)
Unloading 6757 unused Assets / (4.5 MB). Loaded Objects now: 7975.
Memory consumption went from 231.5 MB to 227.0 MB.
Total: 8.979400 ms (FindLiveObjects: 0.801700 ms CreateObjectMapping: 0.685300 ms MarkObjects: 4.904600 ms  DeleteObjects: 2.586000 ms)

Prepare: number of updated asset objects reloaded= 0
========================================================================
Received Import Request.
  Time since last request: 682.613720 seconds.
  path: Assets/Scary_Evil/Prefab/X Bot@Standing React Death Backward (1).fbx
  artifactKey: Guid(1934e38e79772dd48bab0965ec2c9402) Importer(815301076,1909f56bfc062723c751e8b465ee728b)
Start importing Assets/Scary_Evil/Prefab/X Bot@Standing React Death Backward (1).fbx using Guid(1934e38e79772dd48bab0965ec2c9402) Importer(815301076,1909f56bfc062723c751e8b465ee728b) (PreviewImporter) -> (artifact id: '5a49240a1b191319bd5540de6bfbc090') in 5.739624 seconds
Number of updated asset objects reloaded before import = 0Number of asset objects unloaded after import = 145

========================================================================
Received Import Request.
  Time since last request: 20.385134 seconds.
  path: Assets/Scary_Evil/Prefab/X Bot@Standing React Death Backward (1).fbx
  artifactKey: Guid(1934e38e79772dd48bab0965ec2c9402) Importer(815301076,1909f56bfc062723c751e8b465ee728b)
Start importing Assets/Scary_Evil/Prefab/X Bot@Standing React Death Backward (1).fbx using Guid(1934e38e79772dd48bab0965ec2c9402) Importer(815301076,1909f56bfc062723c751e8b465ee728b) (PreviewImporter) -> (artifact id: '38b181ed10ca2ec3735dac67a3ba2d5c') in 1.0684526 seconds
Number of updated asset objects reloaded before import = 0Number of asset objects unloaded after import = 145

========================================================================
Received Import Request.
  Time since last request: 170.566764 seconds.
  path: Assets/Scary_Evil/Prefab/X Bot@Standing React Death Backward (1).fbx
  artifactKey: Guid(1934e38e79772dd48bab0965ec2c9402) Importer(815301076,1909f56bfc062723c751e8b465ee728b)
Start importing Assets/Scary_Evil/Prefab/X Bot@Standing React Death Backward (1).fbx using Guid(1934e38e79772dd48bab0965ec2c9402) Importer(815301076,1909f56bfc062723c751e8b465ee728b) (PreviewImporter) -> (artifact id: 'e7c628e36b4ff4652f217e117bc242aa') in 0.3930089 seconds
Number of updated asset objects reloaded before import = 0Number of asset objects unloaded after import = 144

========================================================================
Received Import Request.
  Time since last request: 32.777629 seconds.
  path: Assets/Scary_Evil/Prefab/Prefabs/evil@Standing Block Idle.prefab
  artifactKey: Guid(9eb915ce789150948bee735010e392d9) Importer(815301076,1909f56bfc062723c751e8b465ee728b)
Start importing Assets/Scary_Evil/Prefab/Prefabs/evil@Standing Block Idle.prefab using Guid(9eb915ce789150948bee735010e392d9) Importer(815301076,1909f56bfc062723c751e8b465ee728b) (PreviewImporter) -> (artifact id: 'cc4c9f6abd27f05a77e7e25e1c35815a') in 0.2793771 seconds
Number of updated asset objects reloaded before import = 0Number of asset objects unloaded after import = 339

========================================================================
Received Import Request.
  Time since last request: 0.855322 seconds.
  path: Assets/Scary_Evil/Prefab/Prefabs/evil@Standing Block Idle.controller
  artifactKey: Guid(d0fe191d0cefc644893df80336a6b19f) Importer(815301076,1909f56bfc062723c751e8b465ee728b)
Start importing Assets/Scary_Evil/Prefab/Prefabs/evil@Standing Block Idle.controller using Guid(d0fe191d0cefc644893df80336a6b19f) Importer(815301076,1909f56bfc062723c751e8b465ee728b) (PreviewImporter) -> (artifact id: '9ef1a3f06d363841890a13a2042a3a49') in 0.0150168 seconds
Number of updated asset objects reloaded before import = 0Number of asset objects unloaded after import = 4

========================================================================
Received Prepare
Assembly reference Packages/com.unity.cinemachine/Editor/Samples/ExposeHDRPInternals/HDRP-Editor-ref.asmref has no target assembly definition
Assembly reference Packages/com.unity.cinemachine/Editor/Samples/ExposeHDRPInternals/HDRP-Editor-ref.asmref has no target assembly definition
Begin MonoManager ReloadAssembly
- Loaded All Assemblies, in  7.860 seconds
Assembly reference Packages/com.unity.cinemachine/Editor/Samples/ExposeHDRPInternals/HDRP-Editor-ref.asmref has no target assembly definition
'Packages/com.unity.cinemachine/Editor/Obsolete/CinemachineVirtualCameraBaseEditor.cs' contains partial class of Unity.Object, exactly 1 of the partial classes needs to be in a file with the same filename. This is to know the one that can be referenced from ie. GameObjects
'Packages/com.unity.cinemachine/Editor/Editors/CinemachineVirtualCameraBaseEditor.cs' contains partial class of Unity.Object, exactly 1 of the partial classes needs to be in a file with the same filename. This is to know the one that can be referenced from ie. GameObjects
Refreshing native plugins compatible for Editor in 48.20 ms, found 4 plugins.
Native extension for iOS target not found
Native extension for Android target not found
Native extension for UWP target not found
Native extension for WindowsStandalone target not found
Failed to load: C:/Program Files/Unity/Hub/Editor/6000.0.28f1/Editor/Data/PlaybackEngines/VisionOSPlayer\x64\UnityEditor.VisionOS.Native.dll
Native extension for VisionOS target not found
Native extension for WebGL target not found
Assembly reference Packages/com.unity.cinemachine/Editor/Samples/ExposeHDRPInternals/HDRP-Editor-ref.asmref has no target assembly definition
[Package Manager] Failed to launch server process. Reason: Unity was launched with the -noUpm command-line argument
[Package Manager] Unable to send message (not connected to server process).
[Package Manager] Cannot connect to Unity Package Manager local server
Mono: successfully reloaded assembly
- Finished resetting the current domain, in 12.862 seconds
Domain Reload Profiling: 20609ms
	BeginReloadAssembly (2221ms)
		ExecutionOrderSort (2ms)
		DisableScriptedObjects (253ms)
		BackupInstance (0ms)
		ReleaseScriptingObjects (1ms)
		CreateAndSetChildDomain (734ms)
	RebuildCommonClasses (190ms)
	RebuildNativeTypeToScriptingClass (76ms)
	initialDomainReloadingComplete (285ms)
	LoadAllAssembliesAndSetupDomain (4970ms)
		LoadAssemblies (4416ms)
		RebuildTransferFunctionScriptingTraits (0ms)
		AnalyzeDomain (1474ms)
			TypeCache.Refresh (134ms)
				TypeCache.ScanAssembly (0ms)
			BuildScriptInfoCaches (1278ms)
			ResolveRequiredComponents (43ms)
	FinalizeReload (12866ms)
		ReleaseScriptCaches (0ms)
		RebuildScriptCaches (0ms)
		SetupLoadedEditorAssemblies (9237ms)
			LogAssemblyErrors (0ms)
			InitializePlatformSupportModulesInManaged (258ms)
			SetLoadedEditorAssemblies (28ms)
			BeforeProcessingInitializeOnLoad (1001ms)
			ProcessInitializeOnLoadAttributes (7254ms)
			ProcessInitializeOnLoadMethodAttributes (620ms)
			AfterProcessingInitializeOnLoad (73ms)
			EditorAssembliesLoaded (4ms)
		ExecutionOrderSort2 (1ms)
		AwakeInstancesAfterBackupRestoration (206ms)
Refreshing native plugins compatible for Editor in 21.40 ms, found 4 plugins.
Preloading 0 native plugins for Editor in 0.00 ms.
Unloading 14 Unused Serialized files (Serialized files now loaded: 0)
Unloading 6758 unused Assets / (7.4 MB). Loaded Objects now: 8033.
Memory consumption went from 236.2 MB to 228.8 MB.
Total: 295.099000 ms (FindLiveObjects: 11.606900 ms CreateObjectMapping: 18.826000 ms MarkObjects: 74.415800 ms  DeleteObjects: 190.240500 ms)

Prepare: number of updated asset objects reloaded= 0
========================================================================
Received Import Request.
  Time since last request: 130.889051 seconds.
  path: Assets/Scary_Evil/Prefab/Prefabs/evil@Idle (1).prefab
  artifactKey: Guid(9ea8cc3166e81af478a6fa55058a60e6) Importer(815301076,1909f56bfc062723c751e8b465ee728b)
Start importing Assets/Scary_Evil/Prefab/Prefabs/evil@Idle (1).prefab using Guid(9ea8cc3166e81af478a6fa55058a60e6) Importer(815301076,1909f56bfc062723c751e8b465ee728b) (PreviewImporter) -> (artifact id: '1f4974bf5088b44246514c2e69f22836') in 6.0021866 seconds
Number of updated asset objects reloaded before import = 0Number of asset objects unloaded after import = 339

========================================================================
Received Import Request.
  Time since last request: 1569.457199 seconds.
  path: Assets/OrkDestroyer2/Prefab
  artifactKey: Guid(ce695ac2b87d2a54e86384aec113255b) Importer(815301076,1909f56bfc062723c751e8b465ee728b)
Start importing Assets/OrkDestroyer2/Prefab using Guid(ce695ac2b87d2a54e86384aec113255b) Importer(815301076,1909f56bfc062723c751e8b465ee728b) (PreviewImporter) -> (artifact id: '2ddffe8038c382ae05be76ae68096060') in 0.0110105 seconds
Number of updated asset objects reloaded before import = 0Number of asset objects unloaded after import = 0

========================================================================
Received Import Request.
  Time since last request: 0.000464 seconds.
  path: Assets/OrkDestroyer2/Prefab/OrkDestroyer2.prefab
  artifactKey: Guid(d31d29bd659534649b718966cbf37289) Importer(815301076,1909f56bfc062723c751e8b465ee728b)
Start importing Assets/OrkDestroyer2/Prefab/OrkDestroyer2.prefab using Guid(d31d29bd659534649b718966cbf37289) Importer(815301076,1909f56bfc062723c751e8b465ee728b) (PreviewImporter) -> (artifact id: '359178032c13c8c8d2cb1a90aeb169be') in 0.0441966 seconds
Number of updated asset objects reloaded before import = 0Number of asset objects unloaded after import = 460

========================================================================
Received Import Request.
  Time since last request: 127.836896 seconds.
  path: Assets/OrkDestroyer2/Prefab/OrkDestroyer2.prefab
  artifactKey: Guid(d31d29bd659534649b718966cbf37289) Importer(815301076,1909f56bfc062723c751e8b465ee728b)
Start importing Assets/OrkDestroyer2/Prefab/OrkDestroyer2.prefab using Guid(d31d29bd659534649b718966cbf37289) Importer(815301076,1909f56bfc062723c751e8b465ee728b) (PreviewImporter) -> (artifact id: '26f1d2f7b346ccf7fe92502c1909719b') in 0.7823657 seconds
Number of updated asset objects reloaded before import = 0Number of asset objects unloaded after import = 652

========================================================================
Received Import Request.
  Time since last request: 8.680568 seconds.
  path: Assets/Spoiled Unknown/XtremeFPS/Weapon/Models/Materials/870_Shotgun.mat
  artifactKey: Guid(0ab5fe00969ee4c4e89e6fd511b34c70) Importer(815301076,1909f56bfc062723c751e8b465ee728b)
Start importing Assets/Spoiled Unknown/XtremeFPS/Weapon/Models/Materials/870_Shotgun.mat using Guid(0ab5fe00969ee4c4e89e6fd511b34c70) Importer(815301076,1909f56bfc062723c751e8b465ee728b) (PreviewImporter) -> (artifact id: '04e0d6d585ada399272e6e68b3a8199c') in 0.0817095 seconds
Number of updated asset objects reloaded before import = 0Number of asset objects unloaded after import = 1

========================================================================
Received Import Request.
  Time since last request: 0.000035 seconds.
  path: Assets/OrkDestroyer2/Materials/Acessories.mat
  artifactKey: Guid(35764e7193558cc4d9b36e418f0830d4) Importer(815301076,1909f56bfc062723c751e8b465ee728b)
Start importing Assets/OrkDestroyer2/Materials/Acessories.mat using Guid(35764e7193558cc4d9b36e418f0830d4) Importer(815301076,1909f56bfc062723c751e8b465ee728b) (PreviewImporter) -> (artifact id: 'ae62fcedd2bda36566ebdc6710781ea4') in 0.0467214 seconds
Number of updated asset objects reloaded before import = 0Number of asset objects unloaded after import = 6

========================================================================
Received Import Request.
  Time since last request: 0.000040 seconds.
  path: Assets/OrkDestroyer2/Animation/Ork_destroyer2@atack9.fbx
  artifactKey: Guid(7f1beba66367d0f4e811b7fbe2f330f3) Importer(815301076,1909f56bfc062723c751e8b465ee728b)
Start importing Assets/OrkDestroyer2/Animation/Ork_destroyer2@atack9.fbx using Guid(7f1beba66367d0f4e811b7fbe2f330f3) Importer(815301076,1909f56bfc062723c751e8b465ee728b) (PreviewImporter) -> (artifact id: '08f726a2db18ff4e7a495926da5b22bd') in 0.3131451 seconds
Number of updated asset objects reloaded before import = 0Number of asset objects unloaded after import = 490

========================================================================
Received Import Request.
  Time since last request: 0.000075 seconds.
  path: Assets/OrkDestroyer2/Animation/Ork_destroyer2@death2.fbx
  artifactKey: Guid(4c400d49616a4d14b8b1f5de974ce2f6) Importer(815301076,1909f56bfc062723c751e8b465ee728b)
Start importing Assets/OrkDestroyer2/Animation/Ork_destroyer2@death2.fbx using Guid(4c400d49616a4d14b8b1f5de974ce2f6) Importer(815301076,1909f56bfc062723c751e8b465ee728b) (PreviewImporter) -> (artifact id: '6f4efbae2c0d2f76d5c1b38972318052') in 0.2892069 seconds
Number of updated asset objects reloaded before import = 0Number of asset objects unloaded after import = 490

========================================================================
Received Import Request.
  Time since last request: 0.000046 seconds.
  path: Assets/OrkDestroyer2/Animation/Ork_destroyer2@idle4.fbx
  artifactKey: Guid(22b7eab898573564796cea2aa598a7a5) Importer(815301076,1909f56bfc062723c751e8b465ee728b)
Start importing Assets/OrkDestroyer2/Animation/Ork_destroyer2@idle4.fbx using Guid(22b7eab898573564796cea2aa598a7a5) Importer(815301076,1909f56bfc062723c751e8b465ee728b) (PreviewImporter) -> (artifact id: '41fb55e5fbf0d44ba105f5340b28ed14') in 0.246038 seconds
Number of updated asset objects reloaded before import = 0Number of asset objects unloaded after import = 490

========================================================================
Received Import Request.
  Time since last request: 0.000041 seconds.
  path: Assets/OrkDestroyer2/Animation/Ork_destroyer2@atack8.fbx
  artifactKey: Guid(ce844fe6060d8c6468524c5ba2073763) Importer(815301076,1909f56bfc062723c751e8b465ee728b)
Start importing Assets/OrkDestroyer2/Animation/Ork_destroyer2@atack8.fbx using Guid(ce844fe6060d8c6468524c5ba2073763) Importer(815301076,1909f56bfc062723c751e8b465ee728b) (PreviewImporter) -> (artifact id: '65a08e00253f93d7777ca6cf9ee31abb') in 0.2674694 seconds
Number of updated asset objects reloaded before import = 0Number of asset objects unloaded after import = 490

========================================================================
Received Import Request.
  Time since last request: 0.000123 seconds.
  path: Assets/OrkDestroyer2/Animation/Ork_destroyer2@death3.fbx
  artifactKey: Guid(11f3af662d5eb574aad9805e5a6a26d0) Importer(815301076,1909f56bfc062723c751e8b465ee728b)
Start importing Assets/OrkDestroyer2/Animation/Ork_destroyer2@death3.fbx using Guid(11f3af662d5eb574aad9805e5a6a26d0) Importer(815301076,1909f56bfc062723c751e8b465ee728b) (PreviewImporter) -> (artifact id: 'ecf4fb13fd3a3957ca97a1ce63021ad9') in 0.2433163 seconds
Number of updated asset objects reloaded before import = 0Number of asset objects unloaded after import = 490

========================================================================
Received Import Request.
  Time since last request: 0.000035 seconds.
  path: Assets/OrkDestroyer2/Animation/Ork_destroyer2@death4.fbx
  artifactKey: Guid(e6d247328b3c8c64d8e71195b4cf6040) Importer(815301076,1909f56bfc062723c751e8b465ee728b)
Start importing Assets/OrkDestroyer2/Animation/Ork_destroyer2@death4.fbx using Guid(e6d247328b3c8c64d8e71195b4cf6040) Importer(815301076,1909f56bfc062723c751e8b465ee728b) (PreviewImporter) -> (artifact id: 'b3f9441d7c4b5c0901935b85ee79e051') in 0.2585091 seconds
Number of updated asset objects reloaded before import = 0Number of asset objects unloaded after import = 490

========================================================================
Received Import Request.
  Time since last request: 0.000035 seconds.
  path: Assets/OrkDestroyer2/Animation/Ork_destroyer2@run1.fbx
  artifactKey: Guid(117c036a4b450894c965b337223a6786) Importer(815301076,1909f56bfc062723c751e8b465ee728b)
Start importing Assets/OrkDestroyer2/Animation/Ork_destroyer2@run1.fbx using Guid(117c036a4b450894c965b337223a6786) Importer(815301076,1909f56bfc062723c751e8b465ee728b) (PreviewImporter) -> (artifact id: '97facb92ae5dd2ceb978ece7fe17e2b9') in 0.2625049 seconds
Number of updated asset objects reloaded before import = 0Number of asset objects unloaded after import = 490

========================================================================
Received Import Request.
  Time since last request: 0.000033 seconds.
  path: Assets/OrkDestroyer2/Animation/Ork_destroyer2@atack6.fbx
  artifactKey: Guid(cba5e78922e89af4ab042e49572311b5) Importer(815301076,1909f56bfc062723c751e8b465ee728b)
Start importing Assets/OrkDestroyer2/Animation/Ork_destroyer2@atack6.fbx using Guid(cba5e78922e89af4ab042e49572311b5) Importer(815301076,1909f56bfc062723c751e8b465ee728b) (PreviewImporter) -> (artifact id: 'f632b4724b1b0ff0b31858d68eb8de52') in 0.2504052 seconds
Number of updated asset objects reloaded before import = 0Number of asset objects unloaded after import = 490

========================================================================
Received Import Request.
  Time since last request: 0.000038 seconds.
  path: Assets/OrkDestroyer2/Animation/Ork_destroyer2@atack5.fbx
  artifactKey: Guid(07e27f3bfc63f1b478c36292bfd17aec) Importer(815301076,1909f56bfc062723c751e8b465ee728b)
Start importing Assets/OrkDestroyer2/Animation/Ork_destroyer2@atack5.fbx using Guid(07e27f3bfc63f1b478c36292bfd17aec) Importer(815301076,1909f56bfc062723c751e8b465ee728b) (PreviewImporter) -> (artifact id: '7ccec3b082c40b7bab4720d6813d8ac8') in 0.2798253 seconds
Number of updated asset objects reloaded before import = 0Number of asset objects unloaded after import = 490

========================================================================
Received Import Request.
  Time since last request: 0.000045 seconds.
  path: Assets/OrkDestroyer2/Animation/Ork_destroyer2@idle3.fbx
  artifactKey: Guid(659516b20702cc345ba266d9f7149c82) Importer(815301076,1909f56bfc062723c751e8b465ee728b)
Start importing Assets/OrkDestroyer2/Animation/Ork_destroyer2@idle3.fbx using Guid(659516b20702cc345ba266d9f7149c82) Importer(815301076,1909f56bfc062723c751e8b465ee728b) (PreviewImporter) -> (artifact id: '3263063eb6bb1c047f22d0cc3d5c7d10') in 0.3321449 seconds
Number of updated asset objects reloaded before import = 0Number of asset objects unloaded after import = 490

========================================================================
Received Import Request.
  Time since last request: 0.000042 seconds.
  path: Assets/OrkDestroyer2/Animation/Ork_destroyer2@gethit.fbx
  artifactKey: Guid(69be22c47473b1b498a15fc8cbd4a881) Importer(815301076,1909f56bfc062723c751e8b465ee728b)
Start importing Assets/OrkDestroyer2/Animation/Ork_destroyer2@gethit.fbx using Guid(69be22c47473b1b498a15fc8cbd4a881) Importer(815301076,1909f56bfc062723c751e8b465ee728b) (PreviewImporter) -> (artifact id: '44598368328e7849dee9e8006cd0cbfe') in 0.2387638 seconds
Number of updated asset objects reloaded before import = 0Number of asset objects unloaded after import = 490

========================================================================
Received Import Request.
  Time since last request: 0.000044 seconds.
  path: Assets/OrkDestroyer2/Animation/Ork_destroyer2@strafeleft.fbx
  artifactKey: Guid(3247fc233bd33f849949c34fbd912e5d) Importer(815301076,1909f56bfc062723c751e8b465ee728b)
Start importing Assets/OrkDestroyer2/Animation/Ork_destroyer2@strafeleft.fbx using Guid(3247fc233bd33f849949c34fbd912e5d) Importer(815301076,1909f56bfc062723c751e8b465ee728b) (PreviewImporter) -> (artifact id: '6971652942bbf4260fc14b6849dd0ef3') in 0.2437656 seconds
Number of updated asset objects reloaded before import = 0Number of asset objects unloaded after import = 490

========================================================================
Received Import Request.
  Time since last request: 0.000036 seconds.
  path: Assets/OrkDestroyer2/Animation/Ork_destroyer2@walk1.fbx
  artifactKey: Guid(2f4de260009d2ab4d8b79fa5d7fcf165) Importer(815301076,1909f56bfc062723c751e8b465ee728b)
Start importing Assets/OrkDestroyer2/Animation/Ork_destroyer2@walk1.fbx using Guid(2f4de260009d2ab4d8b79fa5d7fcf165) Importer(815301076,1909f56bfc062723c751e8b465ee728b) (PreviewImporter) -> (artifact id: 'c31aed033da7b84240ad132c951c733a') in 0.2444639 seconds
Number of updated asset objects reloaded before import = 0Number of asset objects unloaded after import = 490

========================================================================
Received Import Request.
  Time since last request: 0.000038 seconds.
  path: Assets/OrkDestroyer2/Materials/Armor.mat
  artifactKey: Guid(674933611edbccf4dabfc8598cbf4cd4) Importer(815301076,1909f56bfc062723c751e8b465ee728b)
Start importing Assets/OrkDestroyer2/Materials/Armor.mat using Guid(674933611edbccf4dabfc8598cbf4cd4) Importer(815301076,1909f56bfc062723c751e8b465ee728b) (PreviewImporter) -> (artifact id: '5155bb6f76fac2cc6b6d75613bf2a881') in 0.0264674 seconds
Number of updated asset objects reloaded before import = 0Number of asset objects unloaded after import = 6

========================================================================
Received Import Request.
  Time since last request: 0.000033 seconds.
  path: Assets/OrkDestroyer2/Animation/Ork_destroyer2@atack12.fbx
  artifactKey: Guid(0fb325624fdbcc94180e429ac8a89184) Importer(815301076,1909f56bfc062723c751e8b465ee728b)
Start importing Assets/OrkDestroyer2/Animation/Ork_destroyer2@atack12.fbx using Guid(0fb325624fdbcc94180e429ac8a89184) Importer(815301076,1909f56bfc062723c751e8b465ee728b) (PreviewImporter) -> (artifact id: 'bd2eecd6675d0bfc5e10e2fadcebf4cd') in 0.2386779 seconds
Number of updated asset objects reloaded before import = 0Number of asset objects unloaded after import = 490

========================================================================
Received Import Request.
  Time since last request: 0.000038 seconds.
  path: Assets/OrkDestroyer2/Animation/Ork_destroyer2@run3.fbx
  artifactKey: Guid(abd51d17116d1c94cbcba16eaab5e5af) Importer(815301076,1909f56bfc062723c751e8b465ee728b)
Start importing Assets/OrkDestroyer2/Animation/Ork_destroyer2@run3.fbx using Guid(abd51d17116d1c94cbcba16eaab5e5af) Importer(815301076,1909f56bfc062723c751e8b465ee728b) (PreviewImporter) -> (artifact id: 'd81883351021287158d53d890a871c84') in 0.2615054 seconds
Number of updated asset objects reloaded before import = 0Number of asset objects unloaded after import = 490

========================================================================
Received Import Request.
  Time since last request: 0.000038 seconds.
  path: Assets/OrkDestroyer2/Animation/Ork_destroyer2@death1.fbx
  artifactKey: Guid(910172cbf7eb98841a0d61810c77f865) Importer(815301076,1909f56bfc062723c751e8b465ee728b)
Start importing Assets/OrkDestroyer2/Animation/Ork_destroyer2@death1.fbx using Guid(910172cbf7eb98841a0d61810c77f865) Importer(815301076,1909f56bfc062723c751e8b465ee728b) (PreviewImporter) -> (artifact id: '26cc2679b21c2db21e648ecab1136271') in 0.2724186 seconds
Number of updated asset objects reloaded before import = 0Number of asset objects unloaded after import = 490

========================================================================
Received Import Request.
  Time since last request: 0.000031 seconds.
  path: Assets/OrkDestroyer2/Stand/Stand.obj
  artifactKey: Guid(fd4e7e55e0adc4c47b2bd78001559425) Importer(815301076,1909f56bfc062723c751e8b465ee728b)
Start importing Assets/OrkDestroyer2/Stand/Stand.obj using Guid(fd4e7e55e0adc4c47b2bd78001559425) Importer(815301076,1909f56bfc062723c751e8b465ee728b) (PreviewImporter) -> (artifact id: 'b7b0252b40fe60ec502f10aafb006999') in 0.035309 seconds
Number of updated asset objects reloaded before import = 0Number of asset objects unloaded after import = 10

========================================================================
Received Import Request.
  Time since last request: 0.000041 seconds.
  path: Assets/OrkDestroyer2/Materials/Hands.mat
  artifactKey: Guid(1ef338b9e6712d64197c8fb5c0aa468f) Importer(815301076,1909f56bfc062723c751e8b465ee728b)
Start importing Assets/OrkDestroyer2/Materials/Hands.mat using Guid(1ef338b9e6712d64197c8fb5c0aa468f) Importer(815301076,1909f56bfc062723c751e8b465ee728b) (PreviewImporter) -> (artifact id: '72d8d65dbeaabb888364c32cd3270446') in 0.0232733 seconds
Number of updated asset objects reloaded before import = 0Number of asset objects unloaded after import = 6

========================================================================
Received Import Request.
  Time since last request: 0.000032 seconds.
  path: Assets/OrkDestroyer2/Animation/Ork_destroyer2@jump.fbx
  artifactKey: Guid(5c7cad46103401c45bc976e342dbc1e8) Importer(815301076,1909f56bfc062723c751e8b465ee728b)
Start importing Assets/OrkDestroyer2/Animation/Ork_destroyer2@jump.fbx using Guid(5c7cad46103401c45bc976e342dbc1e8) Importer(815301076,1909f56bfc062723c751e8b465ee728b) (PreviewImporter) -> (artifact id: '1ec4d3ed17c2063eed22c44369a3b534') in 0.2533377 seconds
Number of updated asset objects reloaded before import = 0Number of asset objects unloaded after import = 490

========================================================================
Received Import Request.
  Time since last request: 0.000127 seconds.
  path: Assets/OrkDestroyer2/Animation/Ork_destroyer2@atack1.fbx
  artifactKey: Guid(abd937aa8ef3ee04dada1c73833a7855) Importer(815301076,1909f56bfc062723c751e8b465ee728b)
Start importing Assets/OrkDestroyer2/Animation/Ork_destroyer2@atack1.fbx using Guid(abd937aa8ef3ee04dada1c73833a7855) Importer(815301076,1909f56bfc062723c751e8b465ee728b) (PreviewImporter) -> (artifact id: 'ac74b005cedba7823a596a77314e967d') in 0.2432824 seconds
Number of updated asset objects reloaded before import = 0Number of asset objects unloaded after import = 490

========================================================================
Received Import Request.
  Time since last request: 0.000037 seconds.
  path: Assets/OrkDestroyer2/Animation/Ork_destroyer2@sneakwalk.fbx
  artifactKey: Guid(e2102a38e3966ce4f9a15837b9bbe0a2) Importer(815301076,1909f56bfc062723c751e8b465ee728b)
Start importing Assets/OrkDestroyer2/Animation/Ork_destroyer2@sneakwalk.fbx using Guid(e2102a38e3966ce4f9a15837b9bbe0a2) Importer(815301076,1909f56bfc062723c751e8b465ee728b) (PreviewImporter) -> (artifact id: 'dc974b9e32351ce916b79e1e254b9fda') in 0.2270748 seconds
Number of updated asset objects reloaded before import = 0Number of asset objects unloaded after import = 490

========================================================================
Received Import Request.
  Time since last request: 0.267007 seconds.
  path: Assets/OrkDestroyer2/Materials/Leggs.mat
  artifactKey: Guid(fa9eaf599eaaca348a059577a163330a) Importer(815301076,1909f56bfc062723c751e8b465ee728b)
Start importing Assets/OrkDestroyer2/Materials/Leggs.mat using Guid(fa9eaf599eaaca348a059577a163330a) Importer(815301076,1909f56bfc062723c751e8b465ee728b) (PreviewImporter) -> (artifact id: '3fcb70346f7bbf76bed1fe66df0ee3fc') in 0.0307239 seconds
Number of updated asset objects reloaded before import = 0Number of asset objects unloaded after import = 6

========================================================================
Received Import Request.
  Time since last request: 0.868578 seconds.
  path: Assets/OrkDestroyer2/Materials/Shoulders.mat
  artifactKey: Guid(8130378ee15feb944aa857466b026528) Importer(815301076,1909f56bfc062723c751e8b465ee728b)
Start importing Assets/OrkDestroyer2/Materials/Shoulders.mat using Guid(8130378ee15feb944aa857466b026528) Importer(815301076,1909f56bfc062723c751e8b465ee728b) (PreviewImporter) -> (artifact id: '5103699261c77b5f8fe75b32328de839') in 0.0299745 seconds
Number of updated asset objects reloaded before import = 0Number of asset objects unloaded after import = 6

========================================================================
Received Import Request.
  Time since last request: 0.275227 seconds.
  path: Assets/OrkDestroyer2/Materials/Weapon.mat
  artifactKey: Guid(a030b55b6b6b51b4c87a85da934df0ca) Importer(815301076,1909f56bfc062723c751e8b465ee728b)
Start importing Assets/OrkDestroyer2/Materials/Weapon.mat using Guid(a030b55b6b6b51b4c87a85da934df0ca) Importer(815301076,1909f56bfc062723c751e8b465ee728b) (PreviewImporter) -> (artifact id: '2ce3147d359ae04cf99ea43e3aa720c4') in 0.0234103 seconds
Number of updated asset objects reloaded before import = 0Number of asset objects unloaded after import = 5

========================================================================
Received Import Request.
  Time since last request: 632.622965 seconds.
  path: Assets/Survival/Prefabs/Enemy/evil@Walking.prefab
  artifactKey: Guid(2c0a3f6b096b6ac4190d9e468aef043a) Importer(815301076,1909f56bfc062723c751e8b465ee728b)
Start importing Assets/Survival/Prefabs/Enemy/evil@Walking.prefab using Guid(2c0a3f6b096b6ac4190d9e468aef043a) Importer(815301076,1909f56bfc062723c751e8b465ee728b) (PreviewImporter) -> (artifact id: '997230905b2cf10b1104d86bb0c9153b') in 0.1447395 seconds
Number of updated asset objects reloaded before import = 0Number of asset objects unloaded after import = 357

========================================================================
Received Import Request.
  Time since last request: 45.387502 seconds.
  path: Assets/OrkDestroyer2/OrkDestroyer2 Animator Controller.controller
  artifactKey: Guid(ce8d02c7486f329448546e35400d755c) Importer(815301076,1909f56bfc062723c751e8b465ee728b)
Start importing Assets/OrkDestroyer2/OrkDestroyer2 Animator Controller.controller using Guid(ce8d02c7486f329448546e35400d755c) Importer(815301076,1909f56bfc062723c751e8b465ee728b) (PreviewImporter) -> (artifact id: 'e583773955ed2c8a3e8a153615c1aa89') in 0.1551411 seconds
Number of updated asset objects reloaded before import = 0Number of asset objects unloaded after import = 120

========================================================================
Received Prepare
Assembly reference Packages/com.unity.cinemachine/Editor/Samples/ExposeHDRPInternals/HDRP-Editor-ref.asmref has no target assembly definition
Assembly reference Packages/com.unity.cinemachine/Editor/Samples/ExposeHDRPInternals/HDRP-Editor-ref.asmref has no target assembly definition
Begin MonoManager ReloadAssembly
- Loaded All Assemblies, in  3.558 seconds
Assembly reference Packages/com.unity.cinemachine/Editor/Samples/ExposeHDRPInternals/HDRP-Editor-ref.asmref has no target assembly definition
'Packages/com.unity.cinemachine/Editor/Obsolete/CinemachineVirtualCameraBaseEditor.cs' contains partial class of Unity.Object, exactly 1 of the partial classes needs to be in a file with the same filename. This is to know the one that can be referenced from ie. GameObjects
'Packages/com.unity.cinemachine/Editor/Editors/CinemachineVirtualCameraBaseEditor.cs' contains partial class of Unity.Object, exactly 1 of the partial classes needs to be in a file with the same filename. This is to know the one that can be referenced from ie. GameObjects
Refreshing native plugins compatible for Editor in 2.44 ms, found 4 plugins.
Native extension for iOS target not found
Native extension for Android target not found
Native extension for UWP target not found
Native extension for WindowsStandalone target not found
Failed to load: C:/Program Files/Unity/Hub/Editor/6000.0.28f1/Editor/Data/PlaybackEngines/VisionOSPlayer\x64\UnityEditor.VisionOS.Native.dll
Native extension for VisionOS target not found
Native extension for WebGL target not found
Assembly reference Packages/com.unity.cinemachine/Editor/Samples/ExposeHDRPInternals/HDRP-Editor-ref.asmref has no target assembly definition
[Package Manager] Failed to launch server process. Reason: Unity was launched with the -noUpm command-line argument
[Package Manager] Unable to send message (not connected to server process).
[Package Manager] Cannot connect to Unity Package Manager local server
Mono: successfully reloaded assembly
- Finished resetting the current domain, in  1.971 seconds
Domain Reload Profiling: 5542ms
	BeginReloadAssembly (1546ms)
		ExecutionOrderSort (2ms)
		DisableScriptedObjects (206ms)
		BackupInstance (0ms)
		ReleaseScriptingObjects (3ms)
		CreateAndSetChildDomain (901ms)
	RebuildCommonClasses (54ms)
	RebuildNativeTypeToScriptingClass (18ms)
	initialDomainReloadingComplete (69ms)
	LoadAllAssembliesAndSetupDomain (1883ms)
		LoadAssemblies (1345ms)
		RebuildTransferFunctionScriptingTraits (0ms)
		AnalyzeDomain (754ms)
			TypeCache.Refresh (40ms)
				TypeCache.ScanAssembly (0ms)
			BuildScriptInfoCaches (671ms)
			ResolveRequiredComponents (24ms)
	FinalizeReload (1972ms)
		ReleaseScriptCaches (0ms)
		RebuildScriptCaches (0ms)
		SetupLoadedEditorAssemblies (1281ms)
			LogAssemblyErrors (0ms)
			InitializePlatformSupportModulesInManaged (29ms)
			SetLoadedEditorAssemblies (10ms)
			BeforeProcessingInitializeOnLoad (106ms)
			ProcessInitializeOnLoadAttributes (1037ms)
			ProcessInitializeOnLoadMethodAttributes (88ms)
			AfterProcessingInitializeOnLoad (10ms)
			EditorAssembliesLoaded (1ms)
		ExecutionOrderSort2 (0ms)
		AwakeInstancesAfterBackupRestoration (23ms)
Refreshing native plugins compatible for Editor in 2.63 ms, found 4 plugins.
Preloading 0 native plugins for Editor in 0.00 ms.
Unloading 15 Unused Serialized files (Serialized files now loaded: 0)
Unloading 6758 unused Assets / (3.7 MB). Loaded Objects now: 8057.
Memory consumption went from 242.3 MB to 238.6 MB.
Total: 21.982700 ms (FindLiveObjects: 1.369300 ms CreateObjectMapping: 1.464600 ms MarkObjects: 13.478700 ms  DeleteObjects: 5.656000 ms)

Prepare: number of updated asset objects reloaded= 0
========================================================================
Received Import Request.
  Time since last request: 63.126587 seconds.
  path: Assets/Survival/Prefabs/Enemy/OrkDestroyer2.prefab
  artifactKey: Guid(d31d29bd659534649b718966cbf37289) Importer(815301076,1909f56bfc062723c751e8b465ee728b)
Start importing Assets/Survival/Prefabs/Enemy/OrkDestroyer2.prefab using Guid(d31d29bd659534649b718966cbf37289) Importer(815301076,1909f56bfc062723c751e8b465ee728b) (PreviewImporter) -> (artifact id: 'ef5fa2c2c0ef7da2b586be622a1a7871') in 1.0197613 seconds
Number of updated asset objects reloaded before import = 0Number of asset objects unloaded after import = 652

========================================================================
Received Import Request.
  Time since last request: 11.300513 seconds.
  path: Assets/Survival/Prefabs/Enemy/OrkDestroyer2.prefab
  artifactKey: Guid(d31d29bd659534649b718966cbf37289) Importer(815301076,1909f56bfc062723c751e8b465ee728b)
Start importing Assets/Survival/Prefabs/Enemy/OrkDestroyer2.prefab using Guid(d31d29bd659534649b718966cbf37289) Importer(815301076,1909f56bfc062723c751e8b465ee728b) (PreviewImporter) -> (artifact id: '4ee12505d453afdcc63ee5f47adac806') in 0.3584776 seconds
Number of updated asset objects reloaded before import = 0Number of asset objects unloaded after import = 653

========================================================================
Received Import Request.
  Time since last request: 1.982094 seconds.
  path: Assets/Survival/Prefabs/Enemy/OrkDestroyer2.prefab
  artifactKey: Guid(d31d29bd659534649b718966cbf37289) Importer(815301076,1909f56bfc062723c751e8b465ee728b)
Start importing Assets/Survival/Prefabs/Enemy/OrkDestroyer2.prefab using Guid(d31d29bd659534649b718966cbf37289) Importer(815301076,1909f56bfc062723c751e8b465ee728b) (PreviewImporter) -> (artifact id: 'a371be32c2c285b1cc33bafe000d5f30') in 0.2894482 seconds
Number of updated asset objects reloaded before import = 0Number of asset objects unloaded after import = 654

========================================================================
Received Import Request.
  Time since last request: 18.921760 seconds.
  path: Assets/Survival/Prefabs/Enemy/OrkDestroyer2.prefab
  artifactKey: Guid(d31d29bd659534649b718966cbf37289) Importer(815301076,1909f56bfc062723c751e8b465ee728b)
Start importing Assets/Survival/Prefabs/Enemy/OrkDestroyer2.prefab using Guid(d31d29bd659534649b718966cbf37289) Importer(815301076,1909f56bfc062723c751e8b465ee728b) (PreviewImporter) -> (artifact id: 'e54af3117802d000785ed26a07647fda') in 0.3099599 seconds
Number of updated asset objects reloaded before import = 0Number of asset objects unloaded after import = 655

========================================================================
Received Import Request.
  Time since last request: 7.673662 seconds.
  path: Assets/Survival/Prefabs/Enemy/OrkDestroyer2.prefab
  artifactKey: Guid(d31d29bd659534649b718966cbf37289) Importer(815301076,1909f56bfc062723c751e8b465ee728b)
Start importing Assets/Survival/Prefabs/Enemy/OrkDestroyer2.prefab using Guid(d31d29bd659534649b718966cbf37289) Importer(815301076,1909f56bfc062723c751e8b465ee728b) (PreviewImporter) -> (artifact id: '269e2315d2fa7870cfead0a5e3b334ef') in 0.2868148 seconds
Number of updated asset objects reloaded before import = 0Number of asset objects unloaded after import = 655

========================================================================
Received Import Request.
  Time since last request: 10.783785 seconds.
  path: Assets/Survival/Prefabs/Enemy/OrkDestroyer2.prefab
  artifactKey: Guid(d31d29bd659534649b718966cbf37289) Importer(815301076,1909f56bfc062723c751e8b465ee728b)
Start importing Assets/Survival/Prefabs/Enemy/OrkDestroyer2.prefab using Guid(d31d29bd659534649b718966cbf37289) Importer(815301076,1909f56bfc062723c751e8b465ee728b) (PreviewImporter) -> (artifact id: '8d0f5f86b81eb5c42ee002a4ebb37026') in 0.2946025 seconds
Number of updated asset objects reloaded before import = 0Number of asset objects unloaded after import = 655

========================================================================
Received Import Request.
  Time since last request: 0.549107 seconds.
  path: Assets/Survival/Prefabs/Enemy/OrkDestroyer2.prefab
  artifactKey: Guid(d31d29bd659534649b718966cbf37289) Importer(815301076,1909f56bfc062723c751e8b465ee728b)
Start importing Assets/Survival/Prefabs/Enemy/OrkDestroyer2.prefab using Guid(d31d29bd659534649b718966cbf37289) Importer(815301076,1909f56bfc062723c751e8b465ee728b) (PreviewImporter) -> (artifact id: '078d2ff36116ece711d7bb81c198b0a2') in 3.7530739 seconds
Number of updated asset objects reloaded before import = 0Number of asset objects unloaded after import = 655

========================================================================
Received Prepare
Assembly reference Packages/com.unity.cinemachine/Editor/Samples/ExposeHDRPInternals/HDRP-Editor-ref.asmref has no target assembly definition
Assembly reference Packages/com.unity.cinemachine/Editor/Samples/ExposeHDRPInternals/HDRP-Editor-ref.asmref has no target assembly definition
Begin MonoManager ReloadAssembly
- Loaded All Assemblies, in  0.958 seconds
Assembly reference Packages/com.unity.cinemachine/Editor/Samples/ExposeHDRPInternals/HDRP-Editor-ref.asmref has no target assembly definition
'Packages/com.unity.cinemachine/Editor/Obsolete/CinemachineVirtualCameraBaseEditor.cs' contains partial class of Unity.Object, exactly 1 of the partial classes needs to be in a file with the same filename. This is to know the one that can be referenced from ie. GameObjects
'Packages/com.unity.cinemachine/Editor/Editors/CinemachineVirtualCameraBaseEditor.cs' contains partial class of Unity.Object, exactly 1 of the partial classes needs to be in a file with the same filename. This is to know the one that can be referenced from ie. GameObjects
Refreshing native plugins compatible for Editor in 1.58 ms, found 4 plugins.
Native extension for iOS target not found
Native extension for Android target not found
Native extension for UWP target not found
Native extension for WindowsStandalone target not found
Failed to load: C:/Program Files/Unity/Hub/Editor/6000.0.28f1/Editor/Data/PlaybackEngines/VisionOSPlayer\x64\UnityEditor.VisionOS.Native.dll
Native extension for VisionOS target not found
Native extension for WebGL target not found
Assembly reference Packages/com.unity.cinemachine/Editor/Samples/ExposeHDRPInternals/HDRP-Editor-ref.asmref has no target assembly definition
[Package Manager] Failed to launch server process. Reason: Unity was launched with the -noUpm command-line argument
[Package Manager] Unable to send message (not connected to server process).
[Package Manager] Cannot connect to Unity Package Manager local server
Mono: successfully reloaded assembly
- Finished resetting the current domain, in  1.302 seconds
Domain Reload Profiling: 2260ms
	BeginReloadAssembly (273ms)
		ExecutionOrderSort (0ms)
		DisableScriptedObjects (26ms)
		BackupInstance (0ms)
		ReleaseScriptingObjects (0ms)
		CreateAndSetChildDomain (84ms)
	RebuildCommonClasses (49ms)
	RebuildNativeTypeToScriptingClass (19ms)
	initialDomainReloadingComplete (37ms)
	LoadAllAssembliesAndSetupDomain (579ms)
		LoadAssemblies (420ms)
		RebuildTransferFunctionScriptingTraits (0ms)
		AnalyzeDomain (268ms)
			TypeCache.Refresh (10ms)
				TypeCache.ScanAssembly (0ms)
			BuildScriptInfoCaches (241ms)
			ResolveRequiredComponents (12ms)
	FinalizeReload (1302ms)
		ReleaseScriptCaches (0ms)
		RebuildScriptCaches (0ms)
		SetupLoadedEditorAssemblies (916ms)
			LogAssemblyErrors (0ms)
			InitializePlatformSupportModulesInManaged (19ms)
			SetLoadedEditorAssemblies (8ms)
			BeforeProcessingInitializeOnLoad (117ms)
			ProcessInitializeOnLoadAttributes (699ms)
			ProcessInitializeOnLoadMethodAttributes (64ms)
			AfterProcessingInitializeOnLoad (9ms)
			EditorAssembliesLoaded (0ms)
		ExecutionOrderSort2 (0ms)
		AwakeInstancesAfterBackupRestoration (18ms)
Refreshing native plugins compatible for Editor in 3.18 ms, found 4 plugins.
Preloading 0 native plugins for Editor in 0.00 ms.
Unloading 14 Unused Serialized files (Serialized files now loaded: 0)
Unloading 6758 unused Assets / (4.2 MB). Loaded Objects now: 8080.
Memory consumption went from 246.2 MB to 242.0 MB.
Total: 18.395200 ms (FindLiveObjects: 1.724400 ms CreateObjectMapping: 1.656300 ms MarkObjects: 10.144300 ms  DeleteObjects: 4.868900 ms)

Prepare: number of updated asset objects reloaded= 0
========================================================================
Received Prepare
Assembly reference Packages/com.unity.cinemachine/Editor/Samples/ExposeHDRPInternals/HDRP-Editor-ref.asmref has no target assembly definition
Assembly reference Packages/com.unity.cinemachine/Editor/Samples/ExposeHDRPInternals/HDRP-Editor-ref.asmref has no target assembly definition
Begin MonoManager ReloadAssembly
- Loaded All Assemblies, in  1.007 seconds
Assembly reference Packages/com.unity.cinemachine/Editor/Samples/ExposeHDRPInternals/HDRP-Editor-ref.asmref has no target assembly definition
'Packages/com.unity.cinemachine/Editor/Obsolete/CinemachineVirtualCameraBaseEditor.cs' contains partial class of Unity.Object, exactly 1 of the partial classes needs to be in a file with the same filename. This is to know the one that can be referenced from ie. GameObjects
'Packages/com.unity.cinemachine/Editor/Editors/CinemachineVirtualCameraBaseEditor.cs' contains partial class of Unity.Object, exactly 1 of the partial classes needs to be in a file with the same filename. This is to know the one that can be referenced from ie. GameObjects
Refreshing native plugins compatible for Editor in 1.74 ms, found 4 plugins.
Native extension for iOS target not found
Native extension for Android target not found
Native extension for UWP target not found
Native extension for WindowsStandalone target not found
Failed to load: C:/Program Files/Unity/Hub/Editor/6000.0.28f1/Editor/Data/PlaybackEngines/VisionOSPlayer\x64\UnityEditor.VisionOS.Native.dll
Native extension for VisionOS target not found
Native extension for WebGL target not found
Assembly reference Packages/com.unity.cinemachine/Editor/Samples/ExposeHDRPInternals/HDRP-Editor-ref.asmref has no target assembly definition
[Package Manager] Failed to launch server process. Reason: Unity was launched with the -noUpm command-line argument
[Package Manager] Unable to send message (not connected to server process).
[Package Manager] Cannot connect to Unity Package Manager local server
Mono: successfully reloaded assembly
- Finished resetting the current domain, in  1.177 seconds
Domain Reload Profiling: 2184ms
	BeginReloadAssembly (269ms)
		ExecutionOrderSort (0ms)
		DisableScriptedObjects (9ms)
		BackupInstance (0ms)
		ReleaseScriptingObjects (0ms)
		CreateAndSetChildDomain (74ms)
	RebuildCommonClasses (44ms)
	RebuildNativeTypeToScriptingClass (14ms)
	initialDomainReloadingComplete (37ms)
	LoadAllAssembliesAndSetupDomain (642ms)
		LoadAssemblies (497ms)
		RebuildTransferFunctionScriptingTraits (0ms)
		AnalyzeDomain (272ms)
			TypeCache.Refresh (19ms)
				TypeCache.ScanAssembly (1ms)
			BuildScriptInfoCaches (238ms)
			ResolveRequiredComponents (10ms)
	FinalizeReload (1178ms)
		ReleaseScriptCaches (0ms)
		RebuildScriptCaches (0ms)
		SetupLoadedEditorAssemblies (824ms)
			LogAssemblyErrors (0ms)
			InitializePlatformSupportModulesInManaged (39ms)
			SetLoadedEditorAssemblies (9ms)
			BeforeProcessingInitializeOnLoad (127ms)
			ProcessInitializeOnLoadAttributes (583ms)
			ProcessInitializeOnLoadMethodAttributes (58ms)
			AfterProcessingInitializeOnLoad (8ms)
			EditorAssembliesLoaded (1ms)
		ExecutionOrderSort2 (0ms)
		AwakeInstancesAfterBackupRestoration (13ms)
Refreshing native plugins compatible for Editor in 2.55 ms, found 4 plugins.
Preloading 0 native plugins for Editor in 0.00 ms.
Unloading 14 Unused Serialized files (Serialized files now loaded: 0)
Unloading 6757 unused Assets / (4.6 MB). Loaded Objects now: 8083.
Memory consumption went from 246.0 MB to 241.4 MB.
Total: 11.336400 ms (FindLiveObjects: 0.873900 ms CreateObjectMapping: 0.765500 ms MarkObjects: 6.818300 ms  DeleteObjects: 2.877400 ms)

Prepare: number of updated asset objects reloaded= 0
========================================================================
Received Prepare
Assembly reference Packages/com.unity.cinemachine/Editor/Samples/ExposeHDRPInternals/HDRP-Editor-ref.asmref has no target assembly definition
Assembly reference Packages/com.unity.cinemachine/Editor/Samples/ExposeHDRPInternals/HDRP-Editor-ref.asmref has no target assembly definition
Begin MonoManager ReloadAssembly
- Loaded All Assemblies, in  0.829 seconds
Assembly reference Packages/com.unity.cinemachine/Editor/Samples/ExposeHDRPInternals/HDRP-Editor-ref.asmref has no target assembly definition
'Packages/com.unity.cinemachine/Editor/Obsolete/CinemachineVirtualCameraBaseEditor.cs' contains partial class of Unity.Object, exactly 1 of the partial classes needs to be in a file with the same filename. This is to know the one that can be referenced from ie. GameObjects
'Packages/com.unity.cinemachine/Editor/Editors/CinemachineVirtualCameraBaseEditor.cs' contains partial class of Unity.Object, exactly 1 of the partial classes needs to be in a file with the same filename. This is to know the one that can be referenced from ie. GameObjects
Refreshing native plugins compatible for Editor in 1.34 ms, found 4 plugins.
Native extension for iOS target not found
Native extension for Android target not found
Native extension for UWP target not found
Native extension for WindowsStandalone target not found
Failed to load: C:/Program Files/Unity/Hub/Editor/6000.0.28f1/Editor/Data/PlaybackEngines/VisionOSPlayer\x64\UnityEditor.VisionOS.Native.dll
Native extension for VisionOS target not found
Native extension for WebGL target not found
Assembly reference Packages/com.unity.cinemachine/Editor/Samples/ExposeHDRPInternals/HDRP-Editor-ref.asmref has no target assembly definition
[Package Manager] Failed to launch server process. Reason: Unity was launched with the -noUpm command-line argument
[Package Manager] Unable to send message (not connected to server process).
[Package Manager] Cannot connect to Unity Package Manager local server
Mono: successfully reloaded assembly
- Finished resetting the current domain, in  1.263 seconds
Domain Reload Profiling: 2092ms
	BeginReloadAssembly (202ms)
		ExecutionOrderSort (0ms)
		DisableScriptedObjects (6ms)
		BackupInstance (0ms)
		ReleaseScriptingObjects (0ms)
		CreateAndSetChildDomain (59ms)
	RebuildCommonClasses (44ms)
	RebuildNativeTypeToScriptingClass (16ms)
	initialDomainReloadingComplete (34ms)
	LoadAllAssembliesAndSetupDomain (532ms)
		LoadAssemblies (363ms)
		RebuildTransferFunctionScriptingTraits (0ms)
		AnalyzeDomain (260ms)
			TypeCache.Refresh (8ms)
				TypeCache.ScanAssembly (0ms)
			BuildScriptInfoCaches (236ms)
			ResolveRequiredComponents (11ms)
	FinalizeReload (1263ms)
		ReleaseScriptCaches (0ms)
		RebuildScriptCaches (0ms)
		SetupLoadedEditorAssemblies (895ms)
			LogAssemblyErrors (0ms)
			InitializePlatformSupportModulesInManaged (22ms)
			SetLoadedEditorAssemblies (6ms)
			BeforeProcessingInitializeOnLoad (96ms)
			ProcessInitializeOnLoadAttributes (692ms)
			ProcessInitializeOnLoadMethodAttributes (70ms)
			AfterProcessingInitializeOnLoad (8ms)
			EditorAssembliesLoaded (1ms)
		ExecutionOrderSort2 (0ms)
		AwakeInstancesAfterBackupRestoration (19ms)
Refreshing native plugins compatible for Editor in 3.89 ms, found 4 plugins.
Preloading 0 native plugins for Editor in 0.00 ms.
Unloading 14 Unused Serialized files (Serialized files now loaded: 0)
Unloading 6757 unused Assets / (4.7 MB). Loaded Objects now: 8086.
Memory consumption went from 246.0 MB to 241.3 MB.
Total: 17.550900 ms (FindLiveObjects: 1.200400 ms CreateObjectMapping: 1.331300 ms MarkObjects: 9.008900 ms  DeleteObjects: 6.008300 ms)

Prepare: number of updated asset objects reloaded= 0
========================================================================
Received Prepare
Assembly reference Packages/com.unity.cinemachine/Editor/Samples/ExposeHDRPInternals/HDRP-Editor-ref.asmref has no target assembly definition
Assembly reference Packages/com.unity.cinemachine/Editor/Samples/ExposeHDRPInternals/HDRP-Editor-ref.asmref has no target assembly definition
Begin MonoManager ReloadAssembly
- Loaded All Assemblies, in  0.891 seconds
Assembly reference Packages/com.unity.cinemachine/Editor/Samples/ExposeHDRPInternals/HDRP-Editor-ref.asmref has no target assembly definition
'Packages/com.unity.cinemachine/Editor/Obsolete/CinemachineVirtualCameraBaseEditor.cs' contains partial class of Unity.Object, exactly 1 of the partial classes needs to be in a file with the same filename. This is to know the one that can be referenced from ie. GameObjects
'Packages/com.unity.cinemachine/Editor/Editors/CinemachineVirtualCameraBaseEditor.cs' contains partial class of Unity.Object, exactly 1 of the partial classes needs to be in a file with the same filename. This is to know the one that can be referenced from ie. GameObjects
Refreshing native plugins compatible for Editor in 1.66 ms, found 4 plugins.
Native extension for iOS target not found
Native extension for Android target not found
Native extension for UWP target not found
Native extension for WindowsStandalone target not found
Failed to load: C:/Program Files/Unity/Hub/Editor/6000.0.28f1/Editor/Data/PlaybackEngines/VisionOSPlayer\x64\UnityEditor.VisionOS.Native.dll
Native extension for VisionOS target not found
Native extension for WebGL target not found
Assembly reference Packages/com.unity.cinemachine/Editor/Samples/ExposeHDRPInternals/HDRP-Editor-ref.asmref has no target assembly definition
[Package Manager] Failed to launch server process. Reason: Unity was launched with the -noUpm command-line argument
[Package Manager] Unable to send message (not connected to server process).
[Package Manager] Cannot connect to Unity Package Manager local server
Mono: successfully reloaded assembly
- Finished resetting the current domain, in  1.111 seconds
Domain Reload Profiling: 2001ms
	BeginReloadAssembly (251ms)
		ExecutionOrderSort (0ms)
		DisableScriptedObjects (7ms)
		BackupInstance (0ms)
		ReleaseScriptingObjects (0ms)
		CreateAndSetChildDomain (70ms)
	RebuildCommonClasses (50ms)
	RebuildNativeTypeToScriptingClass (15ms)
	initialDomainReloadingComplete (37ms)
	LoadAllAssembliesAndSetupDomain (537ms)
		LoadAssemblies (415ms)
		RebuildTransferFunctionScriptingTraits (0ms)
		AnalyzeDomain (244ms)
			TypeCache.Refresh (17ms)
				TypeCache.ScanAssembly (2ms)
			BuildScriptInfoCaches (211ms)
			ResolveRequiredComponents (10ms)
	FinalizeReload (1111ms)
		ReleaseScriptCaches (0ms)
		RebuildScriptCaches (0ms)
		SetupLoadedEditorAssemblies (804ms)
			LogAssemblyErrors (0ms)
			InitializePlatformSupportModulesInManaged (23ms)
			SetLoadedEditorAssemblies (7ms)
			BeforeProcessingInitializeOnLoad (100ms)
			ProcessInitializeOnLoadAttributes (621ms)
			ProcessInitializeOnLoadMethodAttributes (45ms)
			AfterProcessingInitializeOnLoad (8ms)
			EditorAssembliesLoaded (0ms)
		ExecutionOrderSort2 (0ms)
		AwakeInstancesAfterBackupRestoration (19ms)
Refreshing native plugins compatible for Editor in 2.63 ms, found 4 plugins.
Preloading 0 native plugins for Editor in 0.00 ms.
Unloading 14 Unused Serialized files (Serialized files now loaded: 0)
Unloading 6757 unused Assets / (4.3 MB). Loaded Objects now: 8089.
Memory consumption went from 246.0 MB to 241.7 MB.
Total: 14.498800 ms (FindLiveObjects: 1.382700 ms CreateObjectMapping: 1.946500 ms MarkObjects: 7.428700 ms  DeleteObjects: 3.738700 ms)

Prepare: number of updated asset objects reloaded= 0
========================================================================
Received Prepare
Assembly reference Packages/com.unity.cinemachine/Editor/Samples/ExposeHDRPInternals/HDRP-Editor-ref.asmref has no target assembly definition
Assembly reference Packages/com.unity.cinemachine/Editor/Samples/ExposeHDRPInternals/HDRP-Editor-ref.asmref has no target assembly definition
Begin MonoManager ReloadAssembly
- Loaded All Assemblies, in  0.829 seconds
Assembly reference Packages/com.unity.cinemachine/Editor/Samples/ExposeHDRPInternals/HDRP-Editor-ref.asmref has no target assembly definition
'Packages/com.unity.cinemachine/Editor/Obsolete/CinemachineVirtualCameraBaseEditor.cs' contains partial class of Unity.Object, exactly 1 of the partial classes needs to be in a file with the same filename. This is to know the one that can be referenced from ie. GameObjects
'Packages/com.unity.cinemachine/Editor/Editors/CinemachineVirtualCameraBaseEditor.cs' contains partial class of Unity.Object, exactly 1 of the partial classes needs to be in a file with the same filename. This is to know the one that can be referenced from ie. GameObjects
Refreshing native plugins compatible for Editor in 2.59 ms, found 4 plugins.
Native extension for iOS target not found
Native extension for Android target not found
Native extension for UWP target not found
Native extension for WindowsStandalone target not found
Failed to load: C:/Program Files/Unity/Hub/Editor/6000.0.28f1/Editor/Data/PlaybackEngines/VisionOSPlayer\x64\UnityEditor.VisionOS.Native.dll
Native extension for VisionOS target not found
Native extension for WebGL target not found
Assembly reference Packages/com.unity.cinemachine/Editor/Samples/ExposeHDRPInternals/HDRP-Editor-ref.asmref has no target assembly definition
[Package Manager] Failed to launch server process. Reason: Unity was launched with the -noUpm command-line argument
[Package Manager] Unable to send message (not connected to server process).
[Package Manager] Cannot connect to Unity Package Manager local server
Mono: successfully reloaded assembly
- Finished resetting the current domain, in  1.256 seconds
Domain Reload Profiling: 2085ms
	BeginReloadAssembly (206ms)
		ExecutionOrderSort (0ms)
		DisableScriptedObjects (5ms)
		BackupInstance (0ms)
		ReleaseScriptingObjects (0ms)
		CreateAndSetChildDomain (53ms)
	RebuildCommonClasses (44ms)
	RebuildNativeTypeToScriptingClass (13ms)
	initialDomainReloadingComplete (31ms)
	LoadAllAssembliesAndSetupDomain (535ms)
		LoadAssemblies (379ms)
		RebuildTransferFunctionScriptingTraits (0ms)
		AnalyzeDomain (254ms)
			TypeCache.Refresh (9ms)
				TypeCache.ScanAssembly (0ms)
			BuildScriptInfoCaches (225ms)
			ResolveRequiredComponents (15ms)
	FinalizeReload (1256ms)
		ReleaseScriptCaches (0ms)
		RebuildScriptCaches (0ms)
		SetupLoadedEditorAssemblies (875ms)
			LogAssemblyErrors (0ms)
			InitializePlatformSupportModulesInManaged (31ms)
			SetLoadedEditorAssemblies (7ms)
			BeforeProcessingInitializeOnLoad (97ms)
			ProcessInitializeOnLoadAttributes (662ms)
			ProcessInitializeOnLoadMethodAttributes (68ms)
			AfterProcessingInitializeOnLoad (9ms)
			EditorAssembliesLoaded (0ms)
		ExecutionOrderSort2 (0ms)
		AwakeInstancesAfterBackupRestoration (20ms)
Refreshing native plugins compatible for Editor in 2.73 ms, found 4 plugins.
Preloading 0 native plugins for Editor in 0.00 ms.
Unloading 14 Unused Serialized files (Serialized files now loaded: 0)
Unloading 6757 unused Assets / (4.6 MB). Loaded Objects now: 8092.
Memory consumption went from 246.1 MB to 241.4 MB.
Total: 12.814000 ms (FindLiveObjects: 1.444800 ms CreateObjectMapping: 0.743200 ms MarkObjects: 6.704800 ms  DeleteObjects: 3.919400 ms)

Prepare: number of updated asset objects reloaded= 0
========================================================================
Received Import Request.
  Time since last request: 511.945699 seconds.
  path: Assets/Survival/Prefabs/Enemy/OrkDestroyer2.prefab
  artifactKey: Guid(d31d29bd659534649b718966cbf37289) Importer(815301076,1909f56bfc062723c751e8b465ee728b)
Start importing Assets/Survival/Prefabs/Enemy/OrkDestroyer2.prefab using Guid(d31d29bd659534649b718966cbf37289) Importer(815301076,1909f56bfc062723c751e8b465ee728b) (PreviewImporter) -> (artifact id: 'a2877807a016edbb58fda22edfe635c5') in 1.1650429 seconds
Number of updated asset objects reloaded before import = 0Number of asset objects unloaded after import = 656

========================================================================
Received Prepare
Assembly reference Packages/com.unity.cinemachine/Editor/Samples/ExposeHDRPInternals/HDRP-Editor-ref.asmref has no target assembly definition
Assembly reference Packages/com.unity.cinemachine/Editor/Samples/ExposeHDRPInternals/HDRP-Editor-ref.asmref has no target assembly definition
Begin MonoManager ReloadAssembly
- Loaded All Assemblies, in  0.909 seconds
Assembly reference Packages/com.unity.cinemachine/Editor/Samples/ExposeHDRPInternals/HDRP-Editor-ref.asmref has no target assembly definition
'Packages/com.unity.cinemachine/Editor/Obsolete/CinemachineVirtualCameraBaseEditor.cs' contains partial class of Unity.Object, exactly 1 of the partial classes needs to be in a file with the same filename. This is to know the one that can be referenced from ie. GameObjects
'Packages/com.unity.cinemachine/Editor/Editors/CinemachineVirtualCameraBaseEditor.cs' contains partial class of Unity.Object, exactly 1 of the partial classes needs to be in a file with the same filename. This is to know the one that can be referenced from ie. GameObjects
Refreshing native plugins compatible for Editor in 1.98 ms, found 4 plugins.
Native extension for iOS target not found
Native extension for Android target not found
Native extension for UWP target not found
Native extension for WindowsStandalone target not found
Failed to load: C:/Program Files/Unity/Hub/Editor/6000.0.28f1/Editor/Data/PlaybackEngines/VisionOSPlayer\x64\UnityEditor.VisionOS.Native.dll
Native extension for VisionOS target not found
Native extension for WebGL target not found
Assembly reference Packages/com.unity.cinemachine/Editor/Samples/ExposeHDRPInternals/HDRP-Editor-ref.asmref has no target assembly definition
[Package Manager] Failed to launch server process. Reason: Unity was launched with the -noUpm command-line argument
[Package Manager] Unable to send message (not connected to server process).
[Package Manager] Cannot connect to Unity Package Manager local server
Mono: successfully reloaded assembly
- Finished resetting the current domain, in  1.326 seconds
Domain Reload Profiling: 2236ms
	BeginReloadAssembly (251ms)
		ExecutionOrderSort (0ms)
		DisableScriptedObjects (21ms)
		BackupInstance (0ms)
		ReleaseScriptingObjects (0ms)
		CreateAndSetChildDomain (78ms)
	RebuildCommonClasses (34ms)
	RebuildNativeTypeToScriptingClass (17ms)
	initialDomainReloadingComplete (34ms)
	LoadAllAssembliesAndSetupDomain (574ms)
		LoadAssemblies (425ms)
		RebuildTransferFunctionScriptingTraits (0ms)
		AnalyzeDomain (258ms)
			TypeCache.Refresh (13ms)
				TypeCache.ScanAssembly (0ms)
			BuildScriptInfoCaches (227ms)
			ResolveRequiredComponents (13ms)
	FinalizeReload (1327ms)
		ReleaseScriptCaches (0ms)
		RebuildScriptCaches (0ms)
		SetupLoadedEditorAssemblies (943ms)
			LogAssemblyErrors (0ms)
			InitializePlatformSupportModulesInManaged (17ms)
			SetLoadedEditorAssemblies (5ms)
			BeforeProcessingInitializeOnLoad (97ms)
			ProcessInitializeOnLoadAttributes (745ms)
			ProcessInitializeOnLoadMethodAttributes (70ms)
			AfterProcessingInitializeOnLoad (8ms)
			EditorAssembliesLoaded (1ms)
		ExecutionOrderSort2 (0ms)
		AwakeInstancesAfterBackupRestoration (19ms)
Refreshing native plugins compatible for Editor in 2.60 ms, found 4 plugins.
Preloading 0 native plugins for Editor in 0.00 ms.
Unloading 14 Unused Serialized files (Serialized files now loaded: 0)
Unloading 6758 unused Assets / (5.6 MB). Loaded Objects now: 8115.
Memory consumption went from 250.4 MB to 244.8 MB.
Total: 14.700600 ms (FindLiveObjects: 1.160800 ms CreateObjectMapping: 1.224500 ms MarkObjects: 6.892400 ms  DeleteObjects: 5.421400 ms)

Prepare: number of updated asset objects reloaded= 0
========================================================================
Received Prepare
Assembly reference Packages/com.unity.cinemachine/Editor/Samples/ExposeHDRPInternals/HDRP-Editor-ref.asmref has no target assembly definition
Assembly reference Packages/com.unity.cinemachine/Editor/Samples/ExposeHDRPInternals/HDRP-Editor-ref.asmref has no target assembly definition
Begin MonoManager ReloadAssembly
- Loaded All Assemblies, in  0.869 seconds
Assembly reference Packages/com.unity.cinemachine/Editor/Samples/ExposeHDRPInternals/HDRP-Editor-ref.asmref has no target assembly definition
'Packages/com.unity.cinemachine/Editor/Obsolete/CinemachineVirtualCameraBaseEditor.cs' contains partial class of Unity.Object, exactly 1 of the partial classes needs to be in a file with the same filename. This is to know the one that can be referenced from ie. GameObjects
'Packages/com.unity.cinemachine/Editor/Editors/CinemachineVirtualCameraBaseEditor.cs' contains partial class of Unity.Object, exactly 1 of the partial classes needs to be in a file with the same filename. This is to know the one that can be referenced from ie. GameObjects
Refreshing native plugins compatible for Editor in 1.47 ms, found 4 plugins.
Native extension for iOS target not found
Native extension for Android target not found
Native extension for UWP target not found
Native extension for WindowsStandalone target not found
Failed to load: C:/Program Files/Unity/Hub/Editor/6000.0.28f1/Editor/Data/PlaybackEngines/VisionOSPlayer\x64\UnityEditor.VisionOS.Native.dll
Native extension for VisionOS target not found
Native extension for WebGL target not found
Assembly reference Packages/com.unity.cinemachine/Editor/Samples/ExposeHDRPInternals/HDRP-Editor-ref.asmref has no target assembly definition
[Package Manager] Failed to launch server process. Reason: Unity was launched with the -noUpm command-line argument
[Package Manager] Unable to send message (not connected to server process).
[Package Manager] Cannot connect to Unity Package Manager local server
Mono: successfully reloaded assembly
- Finished resetting the current domain, in  1.047 seconds
Domain Reload Profiling: 1918ms
	BeginReloadAssembly (224ms)
		ExecutionOrderSort (0ms)
		DisableScriptedObjects (6ms)
		BackupInstance (0ms)
		ReleaseScriptingObjects (0ms)
		CreateAndSetChildDomain (61ms)
	RebuildCommonClasses (52ms)
	RebuildNativeTypeToScriptingClass (12ms)
	initialDomainReloadingComplete (31ms)
	LoadAllAssembliesAndSetupDomain (552ms)
		LoadAssemblies (405ms)
		RebuildTransferFunctionScriptingTraits (0ms)
		AnalyzeDomain (255ms)
			TypeCache.Refresh (15ms)
				TypeCache.ScanAssembly (1ms)
			BuildScriptInfoCaches (222ms)
			ResolveRequiredComponents (12ms)
	FinalizeReload (1047ms)
		ReleaseScriptCaches (0ms)
		RebuildScriptCaches (0ms)
		SetupLoadedEditorAssemblies (717ms)
			LogAssemblyErrors (0ms)
			InitializePlatformSupportModulesInManaged (26ms)
			SetLoadedEditorAssemblies (8ms)
			BeforeProcessingInitializeOnLoad (102ms)
			ProcessInitializeOnLoadAttributes (527ms)
			ProcessInitializeOnLoadMethodAttributes (47ms)
			AfterProcessingInitializeOnLoad (7ms)
			EditorAssembliesLoaded (0ms)
		ExecutionOrderSort2 (0ms)
		AwakeInstancesAfterBackupRestoration (16ms)
Refreshing native plugins compatible for Editor in 1.51 ms, found 4 plugins.
Preloading 0 native plugins for Editor in 0.00 ms.
Unloading 14 Unused Serialized files (Serialized files now loaded: 0)
Unloading 6757 unused Assets / (5.3 MB). Loaded Objects now: 8118.
Memory consumption went from 250.2 MB to 244.9 MB.
Total: 9.380700 ms (FindLiveObjects: 0.823200 ms CreateObjectMapping: 0.613100 ms MarkObjects: 4.595000 ms  DeleteObjects: 3.347700 ms)

Prepare: number of updated asset objects reloaded= 0
========================================================================
Received Import Request.
  Time since last request: 220.884195 seconds.
  path: Assets/Survival/Animations/Controllers/Scary_Evil_Run.controller
  artifactKey: Guid(1ea2358c75ff9ae47a7270b0ca9ac6e6) Importer(815301076,1909f56bfc062723c751e8b465ee728b)
Start importing Assets/Survival/Animations/Controllers/Scary_Evil_Run.controller using Guid(1ea2358c75ff9ae47a7270b0ca9ac6e6) Importer(815301076,1909f56bfc062723c751e8b465ee728b) (PreviewImporter) -> (artifact id: '10063389b8fe5da5a9d2a8305ddf9533') in 0.0605057 seconds
Number of updated asset objects reloaded before import = 0Number of asset objects unloaded after import = 16

========================================================================
Received Import Request.
  Time since last request: 0.670628 seconds.
  path: Assets/Survival/Animations/Controllers/Scary_Evil_Run 1.controller
  artifactKey: Guid(6276af18472f46041ac9b1d16290e57e) Importer(815301076,1909f56bfc062723c751e8b465ee728b)
Start importing Assets/Survival/Animations/Controllers/Scary_Evil_Run 1.controller using Guid(6276af18472f46041ac9b1d16290e57e) Importer(815301076,1909f56bfc062723c751e8b465ee728b) (PreviewImporter) -> (artifact id: 'fc1f6797f0eff6e001b0efe9ca4bf9e8') in 0.0115895 seconds
Number of updated asset objects reloaded before import = 0Number of asset objects unloaded after import = 16

========================================================================
Received Import Request.
  Time since last request: 7.620804 seconds.
  path: Assets/Survival/Animations/Controllers/OrcController.controller
  artifactKey: Guid(6276af18472f46041ac9b1d16290e57e) Importer(815301076,1909f56bfc062723c751e8b465ee728b)
Start importing Assets/Survival/Animations/Controllers/OrcController.controller using Guid(6276af18472f46041ac9b1d16290e57e) Importer(815301076,1909f56bfc062723c751e8b465ee728b) (PreviewImporter) -> (artifact id: '75f6f930e5abbd5255b382144a73a374') in 0.0123028 seconds
Number of updated asset objects reloaded before import = 0Number of asset objects unloaded after import = 16

========================================================================
Received Prepare
Assembly reference Packages/com.unity.cinemachine/Editor/Samples/ExposeHDRPInternals/HDRP-Editor-ref.asmref has no target assembly definition
Assembly reference Packages/com.unity.cinemachine/Editor/Samples/ExposeHDRPInternals/HDRP-Editor-ref.asmref has no target assembly definition
Begin MonoManager ReloadAssembly
- Loaded All Assemblies, in  0.873 seconds
Assembly reference Packages/com.unity.cinemachine/Editor/Samples/ExposeHDRPInternals/HDRP-Editor-ref.asmref has no target assembly definition
'Packages/com.unity.cinemachine/Editor/Obsolete/CinemachineVirtualCameraBaseEditor.cs' contains partial class of Unity.Object, exactly 1 of the partial classes needs to be in a file with the same filename. This is to know the one that can be referenced from ie. GameObjects
'Packages/com.unity.cinemachine/Editor/Editors/CinemachineVirtualCameraBaseEditor.cs' contains partial class of Unity.Object, exactly 1 of the partial classes needs to be in a file with the same filename. This is to know the one that can be referenced from ie. GameObjects
Refreshing native plugins compatible for Editor in 1.93 ms, found 4 plugins.
Native extension for iOS target not found
Native extension for Android target not found
Native extension for UWP target not found
Native extension for WindowsStandalone target not found
Failed to load: C:/Program Files/Unity/Hub/Editor/6000.0.28f1/Editor/Data/PlaybackEngines/VisionOSPlayer\x64\UnityEditor.VisionOS.Native.dll
Native extension for VisionOS target not found
Native extension for WebGL target not found
Assembly reference Packages/com.unity.cinemachine/Editor/Samples/ExposeHDRPInternals/HDRP-Editor-ref.asmref has no target assembly definition
[Package Manager] Failed to launch server process. Reason: Unity was launched with the -noUpm command-line argument
[Package Manager] Unable to send message (not connected to server process).
[Package Manager] Cannot connect to Unity Package Manager local server
Mono: successfully reloaded assembly
- Finished resetting the current domain, in  1.280 seconds
Domain Reload Profiling: 2153ms
	BeginReloadAssembly (206ms)
		ExecutionOrderSort (0ms)
		DisableScriptedObjects (6ms)
		BackupInstance (0ms)
		ReleaseScriptingObjects (0ms)
		CreateAndSetChildDomain (61ms)
	RebuildCommonClasses (43ms)
	RebuildNativeTypeToScriptingClass (20ms)
	initialDomainReloadingComplete (28ms)
	LoadAllAssembliesAndSetupDomain (576ms)
		LoadAssemblies (379ms)
		RebuildTransferFunctionScriptingTraits (0ms)
		AnalyzeDomain (286ms)
			TypeCache.Refresh (12ms)
				TypeCache.ScanAssembly (0ms)
			BuildScriptInfoCaches (254ms)
			ResolveRequiredComponents (15ms)
	FinalizeReload (1280ms)
		ReleaseScriptCaches (0ms)
		RebuildScriptCaches (0ms)
		SetupLoadedEditorAssemblies (904ms)
			LogAssemblyErrors (0ms)
			InitializePlatformSupportModulesInManaged (18ms)
			SetLoadedEditorAssemblies (7ms)
			BeforeProcessingInitializeOnLoad (85ms)
			ProcessInitializeOnLoadAttributes (718ms)
			ProcessInitializeOnLoadMethodAttributes (66ms)
			AfterProcessingInitializeOnLoad (10ms)
			EditorAssembliesLoaded (0ms)
		ExecutionOrderSort2 (0ms)
		AwakeInstancesAfterBackupRestoration (20ms)
Refreshing native plugins compatible for Editor in 2.73 ms, found 4 plugins.
Preloading 0 native plugins for Editor in 0.00 ms.
Unloading 14 Unused Serialized files (Serialized files now loaded: 0)
Unloading 6757 unused Assets / (5.1 MB). Loaded Objects now: 8121.
Memory consumption went from 250.2 MB to 245.1 MB.
Total: 18.774800 ms (FindLiveObjects: 1.279500 ms CreateObjectMapping: 2.272200 ms MarkObjects: 8.272800 ms  DeleteObjects: 6.948300 ms)

Prepare: number of updated asset objects reloaded= 0
========================================================================
Received Prepare
Assembly reference Packages/com.unity.cinemachine/Editor/Samples/ExposeHDRPInternals/HDRP-Editor-ref.asmref has no target assembly definition
Assembly reference Packages/com.unity.cinemachine/Editor/Samples/ExposeHDRPInternals/HDRP-Editor-ref.asmref has no target assembly definition
Begin MonoManager ReloadAssembly
- Loaded All Assemblies, in  4.071 seconds
Assembly reference Packages/com.unity.cinemachine/Editor/Samples/ExposeHDRPInternals/HDRP-Editor-ref.asmref has no target assembly definition
'Packages/com.unity.cinemachine/Editor/Obsolete/CinemachineVirtualCameraBaseEditor.cs' contains partial class of Unity.Object, exactly 1 of the partial classes needs to be in a file with the same filename. This is to know the one that can be referenced from ie. GameObjects
'Packages/com.unity.cinemachine/Editor/Editors/CinemachineVirtualCameraBaseEditor.cs' contains partial class of Unity.Object, exactly 1 of the partial classes needs to be in a file with the same filename. This is to know the one that can be referenced from ie. GameObjects
Refreshing native plugins compatible for Editor in 2.38 ms, found 4 plugins.
Native extension for iOS target not found
Native extension for Android target not found
Native extension for UWP target not found
Native extension for WindowsStandalone target not found
Failed to load: C:/Program Files/Unity/Hub/Editor/6000.0.28f1/Editor/Data/PlaybackEngines/VisionOSPlayer\x64\UnityEditor.VisionOS.Native.dll
Native extension for VisionOS target not found
Native extension for WebGL target not found
Assembly reference Packages/com.unity.cinemachine/Editor/Samples/ExposeHDRPInternals/HDRP-Editor-ref.asmref has no target assembly definition
[Package Manager] Failed to launch server process. Reason: Unity was launched with the -noUpm command-line argument
[Package Manager] Unable to send message (not connected to server process).
[Package Manager] Cannot connect to Unity Package Manager local server
Mono: successfully reloaded assembly
- Finished resetting the current domain, in  2.034 seconds
Domain Reload Profiling: 6107ms
	BeginReloadAssembly (655ms)
		ExecutionOrderSort (0ms)
		DisableScriptedObjects (6ms)
		BackupInstance (0ms)
		ReleaseScriptingObjects (0ms)
		CreateAndSetChildDomain (51ms)
	RebuildCommonClasses (197ms)
	RebuildNativeTypeToScriptingClass (16ms)
	initialDomainReloadingComplete (38ms)
	LoadAllAssembliesAndSetupDomain (3166ms)
		LoadAssemblies (3199ms)
		RebuildTransferFunctionScriptingTraits (0ms)
		AnalyzeDomain (514ms)
			TypeCache.Refresh (13ms)
				TypeCache.ScanAssembly (0ms)
			BuildScriptInfoCaches (472ms)
			ResolveRequiredComponents (21ms)
	FinalizeReload (2034ms)
		ReleaseScriptCaches (0ms)
		RebuildScriptCaches (0ms)
		SetupLoadedEditorAssemblies (1204ms)
			LogAssemblyErrors (0ms)
			InitializePlatformSupportModulesInManaged (31ms)
			SetLoadedEditorAssemblies (10ms)
			BeforeProcessingInitializeOnLoad (173ms)
			ProcessInitializeOnLoadAttributes (898ms)
			ProcessInitializeOnLoadMethodAttributes (77ms)
			AfterProcessingInitializeOnLoad (15ms)
			EditorAssembliesLoaded (0ms)
		ExecutionOrderSort2 (0ms)
		AwakeInstancesAfterBackupRestoration (23ms)
Refreshing native plugins compatible for Editor in 4.61 ms, found 4 plugins.
Preloading 0 native plugins for Editor in 0.00 ms.
Unloading 14 Unused Serialized files (Serialized files now loaded: 0)
Unloading 6757 unused Assets / (4.5 MB). Loaded Objects now: 8124.
Memory consumption went from 250.2 MB to 245.7 MB.
Total: 15.893800 ms (FindLiveObjects: 1.065600 ms CreateObjectMapping: 0.751100 ms MarkObjects: 8.533700 ms  DeleteObjects: 5.541400 ms)

Prepare: number of updated asset objects reloaded= 0
========================================================================
Received Import Request.
  Time since last request: 650.625361 seconds.
  path: Assets/Survival/Prefabs/Enemy/OrkDestroyer2.prefab
  artifactKey: Guid(d31d29bd659534649b718966cbf37289) Importer(815301076,1909f56bfc062723c751e8b465ee728b)
Start importing Assets/Survival/Prefabs/Enemy/OrkDestroyer2.prefab using Guid(d31d29bd659534649b718966cbf37289) Importer(815301076,1909f56bfc062723c751e8b465ee728b) (PreviewImporter) -> (artifact id: '039535feea604b2bae5a1e17068a6a39') in 1.2057139 seconds
Number of updated asset objects reloaded before import = 0Number of asset objects unloaded after import = 548

========================================================================
Received Import Request.
  Time since last request: 4.908735 seconds.
  path: Assets/Survival/Prefabs/Enemy/OrkDestroyer2.prefab
  artifactKey: Guid(d31d29bd659534649b718966cbf37289) Importer(815301076,1909f56bfc062723c751e8b465ee728b)
Start importing Assets/Survival/Prefabs/Enemy/OrkDestroyer2.prefab using Guid(d31d29bd659534649b718966cbf37289) Importer(815301076,1909f56bfc062723c751e8b465ee728b) (PreviewImporter) -> (artifact id: 'bc47bc47cc88b9e74a9b2d49a8f1f7ae') in 0.251644 seconds
Number of updated asset objects reloaded before import = 0Number of asset objects unloaded after import = 548

========================================================================
Received Import Request.
  Time since last request: 0.933692 seconds.
  path: Assets/Survival/Prefabs/Enemy/evil@Walking.prefab
  artifactKey: Guid(2c0a3f6b096b6ac4190d9e468aef043a) Importer(815301076,1909f56bfc062723c751e8b465ee728b)
Start importing Assets/Survival/Prefabs/Enemy/evil@Walking.prefab using Guid(2c0a3f6b096b6ac4190d9e468aef043a) Importer(815301076,1909f56bfc062723c751e8b465ee728b) (PreviewImporter) -> (artifact id: '32a8ee0af0c44d65901b7cc09a4ea9d6') in 0.0817971 seconds
Number of updated asset objects reloaded before import = 0Number of asset objects unloaded after import = 358

========================================================================
Received Import Request.
  Time since last request: 5.647299 seconds.
  path: Assets/Survival/Animations/Controllers/OrcController.controller
  artifactKey: Guid(6276af18472f46041ac9b1d16290e57e) Importer(815301076,1909f56bfc062723c751e8b465ee728b)
Start importing Assets/Survival/Animations/Controllers/OrcController.controller using Guid(6276af18472f46041ac9b1d16290e57e) Importer(815301076,1909f56bfc062723c751e8b465ee728b) (PreviewImporter) -> (artifact id: '6d9c47d7cbd2dd76dad2bad5fd4aa58e') in 0.0076335 seconds
Number of updated asset objects reloaded before import = 0Number of asset objects unloaded after import = 17

========================================================================
Received Prepare
Assembly reference Packages/com.unity.cinemachine/Editor/Samples/ExposeHDRPInternals/HDRP-Editor-ref.asmref has no target assembly definition
Assembly reference Packages/com.unity.cinemachine/Editor/Samples/ExposeHDRPInternals/HDRP-Editor-ref.asmref has no target assembly definition
Begin MonoManager ReloadAssembly
- Loaded All Assemblies, in  0.906 seconds
Assembly reference Packages/com.unity.cinemachine/Editor/Samples/ExposeHDRPInternals/HDRP-Editor-ref.asmref has no target assembly definition
'Packages/com.unity.cinemachine/Editor/Obsolete/CinemachineVirtualCameraBaseEditor.cs' contains partial class of Unity.Object, exactly 1 of the partial classes needs to be in a file with the same filename. This is to know the one that can be referenced from ie. GameObjects
'Packages/com.unity.cinemachine/Editor/Editors/CinemachineVirtualCameraBaseEditor.cs' contains partial class of Unity.Object, exactly 1 of the partial classes needs to be in a file with the same filename. This is to know the one that can be referenced from ie. GameObjects
Refreshing native plugins compatible for Editor in 1.63 ms, found 4 plugins.
Native extension for iOS target not found
Native extension for Android target not found
Native extension for UWP target not found
Native extension for WindowsStandalone target not found
Failed to load: C:/Program Files/Unity/Hub/Editor/6000.0.28f1/Editor/Data/PlaybackEngines/VisionOSPlayer\x64\UnityEditor.VisionOS.Native.dll
Native extension for VisionOS target not found
Native extension for WebGL target not found
Assembly reference Packages/com.unity.cinemachine/Editor/Samples/ExposeHDRPInternals/HDRP-Editor-ref.asmref has no target assembly definition
[Package Manager] Failed to launch server process. Reason: Unity was launched with the -noUpm command-line argument
[Package Manager] Unable to send message (not connected to server process).
[Package Manager] Cannot connect to Unity Package Manager local server
Mono: successfully reloaded assembly
- Finished resetting the current domain, in  1.241 seconds
Domain Reload Profiling: 2150ms
	BeginReloadAssembly (253ms)
		ExecutionOrderSort (0ms)
		DisableScriptedObjects (24ms)
		BackupInstance (0ms)
		ReleaseScriptingObjects (0ms)
		CreateAndSetChildDomain (81ms)
	RebuildCommonClasses (37ms)
	RebuildNativeTypeToScriptingClass (15ms)
	initialDomainReloadingComplete (29ms)
	LoadAllAssembliesAndSetupDomain (575ms)
		LoadAssemblies (398ms)
		RebuildTransferFunctionScriptingTraits (0ms)
		AnalyzeDomain (276ms)
			TypeCache.Refresh (10ms)
				TypeCache.ScanAssembly (0ms)
			BuildScriptInfoCaches (245ms)
			ResolveRequiredComponents (15ms)
	FinalizeReload (1242ms)
		ReleaseScriptCaches (0ms)
		RebuildScriptCaches (0ms)
		SetupLoadedEditorAssemblies (856ms)
			LogAssemblyErrors (0ms)
			InitializePlatformSupportModulesInManaged (19ms)
			SetLoadedEditorAssemblies (6ms)
			BeforeProcessingInitializeOnLoad (95ms)
			ProcessInitializeOnLoadAttributes (657ms)
			ProcessInitializeOnLoadMethodAttributes (70ms)
			AfterProcessingInitializeOnLoad (9ms)
			EditorAssembliesLoaded (1ms)
		ExecutionOrderSort2 (0ms)
		AwakeInstancesAfterBackupRestoration (22ms)
Refreshing native plugins compatible for Editor in 3.15 ms, found 4 plugins.
Preloading 0 native plugins for Editor in 0.00 ms.
Unloading 14 Unused Serialized files (Serialized files now loaded: 0)
Unloading 6758 unused Assets / (4.3 MB). Loaded Objects now: 8147.
Memory consumption went from 254.5 MB to 250.2 MB.
Total: 14.779800 ms (FindLiveObjects: 0.853300 ms CreateObjectMapping: 1.140800 ms MarkObjects: 8.290600 ms  DeleteObjects: 4.493500 ms)

Prepare: number of updated asset objects reloaded= 0
========================================================================
Received Import Request.
  Time since last request: 309.222153 seconds.
  path: Assets/Survival/Prefabs/Enemy/OrkDestroyer2.prefab
  artifactKey: Guid(d31d29bd659534649b718966cbf37289) Importer(815301076,1909f56bfc062723c751e8b465ee728b)
Start importing Assets/Survival/Prefabs/Enemy/OrkDestroyer2.prefab using Guid(d31d29bd659534649b718966cbf37289) Importer(815301076,1909f56bfc062723c751e8b465ee728b) (PreviewImporter) -> (artifact id: '5bd55c4cab6320de7184c7cf5b36f4e7') in 0.7879061 seconds
Number of updated asset objects reloaded before import = 0Number of asset objects unloaded after import = 549

========================================================================
Received Prepare
Assembly reference Packages/com.unity.cinemachine/Editor/Samples/ExposeHDRPInternals/HDRP-Editor-ref.asmref has no target assembly definition
Assembly reference Packages/com.unity.cinemachine/Editor/Samples/ExposeHDRPInternals/HDRP-Editor-ref.asmref has no target assembly definition
Begin MonoManager ReloadAssembly
- Loaded All Assemblies, in  0.909 seconds
Assembly reference Packages/com.unity.cinemachine/Editor/Samples/ExposeHDRPInternals/HDRP-Editor-ref.asmref has no target assembly definition
'Packages/com.unity.cinemachine/Editor/Obsolete/CinemachineVirtualCameraBaseEditor.cs' contains partial class of Unity.Object, exactly 1 of the partial classes needs to be in a file with the same filename. This is to know the one that can be referenced from ie. GameObjects
'Packages/com.unity.cinemachine/Editor/Editors/CinemachineVirtualCameraBaseEditor.cs' contains partial class of Unity.Object, exactly 1 of the partial classes needs to be in a file with the same filename. This is to know the one that can be referenced from ie. GameObjects
Refreshing native plugins compatible for Editor in 1.32 ms, found 4 plugins.
Native extension for iOS target not found
Native extension for Android target not found
Native extension for UWP target not found
Native extension for WindowsStandalone target not found
Failed to load: C:/Program Files/Unity/Hub/Editor/6000.0.28f1/Editor/Data/PlaybackEngines/VisionOSPlayer\x64\UnityEditor.VisionOS.Native.dll
Native extension for VisionOS target not found
Native extension for WebGL target not found
Assembly reference Packages/com.unity.cinemachine/Editor/Samples/ExposeHDRPInternals/HDRP-Editor-ref.asmref has no target assembly definition
[Package Manager] Failed to launch server process. Reason: Unity was launched with the -noUpm command-line argument
[Package Manager] Unable to send message (not connected to server process).
[Package Manager] Cannot connect to Unity Package Manager local server
Mono: successfully reloaded assembly
- Finished resetting the current domain, in  1.163 seconds
Domain Reload Profiling: 2071ms
	BeginReloadAssembly (239ms)
		ExecutionOrderSort (0ms)
		DisableScriptedObjects (24ms)
		BackupInstance (0ms)
		ReleaseScriptingObjects (0ms)
		CreateAndSetChildDomain (68ms)
	RebuildCommonClasses (54ms)
	RebuildNativeTypeToScriptingClass (17ms)
	initialDomainReloadingComplete (39ms)
	LoadAllAssembliesAndSetupDomain (558ms)
		LoadAssemblies (377ms)
		RebuildTransferFunctionScriptingTraits (0ms)
		AnalyzeDomain (282ms)
			TypeCache.Refresh (11ms)
				TypeCache.ScanAssembly (0ms)
			BuildScriptInfoCaches (249ms)
			ResolveRequiredComponents (15ms)
	FinalizeReload (1163ms)
		ReleaseScriptCaches (0ms)
		RebuildScriptCaches (0ms)
		SetupLoadedEditorAssemblies (808ms)
			LogAssemblyErrors (0ms)
			InitializePlatformSupportModulesInManaged (17ms)
			SetLoadedEditorAssemblies (8ms)
			BeforeProcessingInitializeOnLoad (98ms)
			ProcessInitializeOnLoadAttributes (605ms)
			ProcessInitializeOnLoadMethodAttributes (70ms)
			AfterProcessingInitializeOnLoad (9ms)
			EditorAssembliesLoaded (1ms)
		ExecutionOrderSort2 (0ms)
		AwakeInstancesAfterBackupRestoration (19ms)
Refreshing native plugins compatible for Editor in 2.65 ms, found 4 plugins.
Preloading 0 native plugins for Editor in 0.00 ms.
Unloading 14 Unused Serialized files (Serialized files now loaded: 0)
Unloading 6758 unused Assets / (4.6 MB). Loaded Objects now: 8170.
Memory consumption went from 258.7 MB to 254.1 MB.
Total: 13.965500 ms (FindLiveObjects: 1.052700 ms CreateObjectMapping: 1.201600 ms MarkObjects: 7.523700 ms  DeleteObjects: 4.185300 ms)

Prepare: number of updated asset objects reloaded= 0
========================================================================
Received Import Request.
  Time since last request: 91.992607 seconds.
  path: Assets/Survival/Prefabs/Enemy/OrkDestroyer2.prefab
  artifactKey: Guid(d31d29bd659534649b718966cbf37289) Importer(815301076,1909f56bfc062723c751e8b465ee728b)
Start importing Assets/Survival/Prefabs/Enemy/OrkDestroyer2.prefab using Guid(d31d29bd659534649b718966cbf37289) Importer(815301076,1909f56bfc062723c751e8b465ee728b) (PreviewImporter) -> (artifact id: '8c20398aeeca3c7c2597d331fc0efb1f') in 0.7838256 seconds
Number of updated asset objects reloaded before import = 0Number of asset objects unloaded after import = 549

========================================================================
Received Prepare
Assembly reference Packages/com.unity.cinemachine/Editor/Samples/ExposeHDRPInternals/HDRP-Editor-ref.asmref has no target assembly definition
Assembly reference Packages/com.unity.cinemachine/Editor/Samples/ExposeHDRPInternals/HDRP-Editor-ref.asmref has no target assembly definition
Begin MonoManager ReloadAssembly
- Loaded All Assemblies, in  0.905 seconds
Assembly reference Packages/com.unity.cinemachine/Editor/Samples/ExposeHDRPInternals/HDRP-Editor-ref.asmref has no target assembly definition
'Packages/com.unity.cinemachine/Editor/Obsolete/CinemachineVirtualCameraBaseEditor.cs' contains partial class of Unity.Object, exactly 1 of the partial classes needs to be in a file with the same filename. This is to know the one that can be referenced from ie. GameObjects
'Packages/com.unity.cinemachine/Editor/Editors/CinemachineVirtualCameraBaseEditor.cs' contains partial class of Unity.Object, exactly 1 of the partial classes needs to be in a file with the same filename. This is to know the one that can be referenced from ie. GameObjects
Refreshing native plugins compatible for Editor in 1.70 ms, found 4 plugins.
Native extension for iOS target not found
Native extension for Android target not found
Native extension for UWP target not found
Native extension for WindowsStandalone target not found
Failed to load: C:/Program Files/Unity/Hub/Editor/6000.0.28f1/Editor/Data/PlaybackEngines/VisionOSPlayer\x64\UnityEditor.VisionOS.Native.dll
Native extension for VisionOS target not found
Native extension for WebGL target not found
Assembly reference Packages/com.unity.cinemachine/Editor/Samples/ExposeHDRPInternals/HDRP-Editor-ref.asmref has no target assembly definition
[Package Manager] Failed to launch server process. Reason: Unity was launched with the -noUpm command-line argument
[Package Manager] Unable to send message (not connected to server process).
[Package Manager] Cannot connect to Unity Package Manager local server
Mono: successfully reloaded assembly
- Finished resetting the current domain, in  1.309 seconds
Domain Reload Profiling: 2215ms
	BeginReloadAssembly (262ms)
		ExecutionOrderSort (0ms)
		DisableScriptedObjects (19ms)
		BackupInstance (0ms)
		ReleaseScriptingObjects (0ms)
		CreateAndSetChildDomain (91ms)
	RebuildCommonClasses (34ms)
	RebuildNativeTypeToScriptingClass (13ms)
	initialDomainReloadingComplete (26ms)
	LoadAllAssembliesAndSetupDomain (570ms)
		LoadAssemblies (395ms)
		RebuildTransferFunctionScriptingTraits (0ms)
		AnalyzeDomain (276ms)
			TypeCache.Refresh (15ms)
				TypeCache.ScanAssembly (1ms)
			BuildScriptInfoCaches (244ms)
			ResolveRequiredComponents (12ms)
	FinalizeReload (1310ms)
		ReleaseScriptCaches (0ms)
		RebuildScriptCaches (0ms)
		SetupLoadedEditorAssemblies (914ms)
			LogAssemblyErrors (0ms)
			InitializePlatformSupportModulesInManaged (25ms)
			SetLoadedEditorAssemblies (8ms)
			BeforeProcessingInitializeOnLoad (113ms)
			ProcessInitializeOnLoadAttributes (694ms)
			ProcessInitializeOnLoadMethodAttributes (64ms)
			AfterProcessingInitializeOnLoad (9ms)
			EditorAssembliesLoaded (0ms)
		ExecutionOrderSort2 (0ms)
		AwakeInstancesAfterBackupRestoration (22ms)
Refreshing native plugins compatible for Editor in 2.24 ms, found 4 plugins.
Preloading 0 native plugins for Editor in 0.00 ms.
Unloading 14 Unused Serialized files (Serialized files now loaded: 0)
Unloading 6758 unused Assets / (4.5 MB). Loaded Objects now: 8193.
Memory consumption went from 262.9 MB to 258.4 MB.
Total: 15.967600 ms (FindLiveObjects: 1.485800 ms CreateObjectMapping: 1.221000 ms MarkObjects: 8.561500 ms  DeleteObjects: 4.697600 ms)

Prepare: number of updated asset objects reloaded= 0
========================================================================
Received Import Request.
  Time since last request: 90.356397 seconds.
  path: Assets/Survival/Prefabs/Enemy/evil@Walking.prefab
  artifactKey: Guid(2c0a3f6b096b6ac4190d9e468aef043a) Importer(815301076,1909f56bfc062723c751e8b465ee728b)
Start importing Assets/Survival/Prefabs/Enemy/evil@Walking.prefab using Guid(2c0a3f6b096b6ac4190d9e468aef043a) Importer(815301076,1909f56bfc062723c751e8b465ee728b) (PreviewImporter) -> (artifact id: 'dc174a449e9cafd9fac72337ceec4263') in 0.6424441 seconds
Number of updated asset objects reloaded before import = 0Number of asset objects unloaded after import = 358

========================================================================
Received Prepare
Assembly reference Packages/com.unity.cinemachine/Editor/Samples/ExposeHDRPInternals/HDRP-Editor-ref.asmref has no target assembly definition
Assembly reference Packages/com.unity.cinemachine/Editor/Samples/ExposeHDRPInternals/HDRP-Editor-ref.asmref has no target assembly definition
Begin MonoManager ReloadAssembly
- Loaded All Assemblies, in  0.882 seconds
Assembly reference Packages/com.unity.cinemachine/Editor/Samples/ExposeHDRPInternals/HDRP-Editor-ref.asmref has no target assembly definition
'Packages/com.unity.cinemachine/Editor/Obsolete/CinemachineVirtualCameraBaseEditor.cs' contains partial class of Unity.Object, exactly 1 of the partial classes needs to be in a file with the same filename. This is to know the one that can be referenced from ie. GameObjects
'Packages/com.unity.cinemachine/Editor/Editors/CinemachineVirtualCameraBaseEditor.cs' contains partial class of Unity.Object, exactly 1 of the partial classes needs to be in a file with the same filename. This is to know the one that can be referenced from ie. GameObjects
Refreshing native plugins compatible for Editor in 1.77 ms, found 4 plugins.
Native extension for iOS target not found
Native extension for Android target not found
Native extension for UWP target not found
Native extension for WindowsStandalone target not found
Failed to load: C:/Program Files/Unity/Hub/Editor/6000.0.28f1/Editor/Data/PlaybackEngines/VisionOSPlayer\x64\UnityEditor.VisionOS.Native.dll
Native extension for VisionOS target not found
Native extension for WebGL target not found
Assembly reference Packages/com.unity.cinemachine/Editor/Samples/ExposeHDRPInternals/HDRP-Editor-ref.asmref has no target assembly definition
[Package Manager] Failed to launch server process. Reason: Unity was launched with the -noUpm command-line argument
[Package Manager] Unable to send message (not connected to server process).
[Package Manager] Cannot connect to Unity Package Manager local server
Mono: successfully reloaded assembly
- Finished resetting the current domain, in  1.151 seconds
Domain Reload Profiling: 2035ms
	BeginReloadAssembly (234ms)
		ExecutionOrderSort (0ms)
		DisableScriptedObjects (24ms)
		BackupInstance (0ms)
		ReleaseScriptingObjects (0ms)
		CreateAndSetChildDomain (68ms)
	RebuildCommonClasses (42ms)
	RebuildNativeTypeToScriptingClass (12ms)
	initialDomainReloadingComplete (30ms)
	LoadAllAssembliesAndSetupDomain (566ms)
		LoadAssemblies (370ms)
		RebuildTransferFunctionScriptingTraits (0ms)
		AnalyzeDomain (291ms)
			TypeCache.Refresh (10ms)
				TypeCache.ScanAssembly (0ms)
			BuildScriptInfoCaches (257ms)
			ResolveRequiredComponents (17ms)
	FinalizeReload (1151ms)
		ReleaseScriptCaches (0ms)
		RebuildScriptCaches (0ms)
		SetupLoadedEditorAssemblies (794ms)
			LogAssemblyErrors (0ms)
			InitializePlatformSupportModulesInManaged (16ms)
			SetLoadedEditorAssemblies (6ms)
			BeforeProcessingInitializeOnLoad (85ms)
			ProcessInitializeOnLoadAttributes (610ms)
			ProcessInitializeOnLoadMethodAttributes (67ms)
			AfterProcessingInitializeOnLoad (9ms)
			EditorAssembliesLoaded (0ms)
		ExecutionOrderSort2 (0ms)
		AwakeInstancesAfterBackupRestoration (24ms)
Refreshing native plugins compatible for Editor in 3.15 ms, found 4 plugins.
Preloading 0 native plugins for Editor in 0.00 ms.
Unloading 14 Unused Serialized files (Serialized files now loaded: 0)
Unloading 6758 unused Assets / (6.0 MB). Loaded Objects now: 8216.
Memory consumption went from 267.0 MB to 261.0 MB.
Total: 17.080200 ms (FindLiveObjects: 1.190700 ms CreateObjectMapping: 0.973900 ms MarkObjects: 7.230600 ms  DeleteObjects: 7.683100 ms)

Prepare: number of updated asset objects reloaded= 0
========================================================================
Received Prepare
Assembly reference Packages/com.unity.cinemachine/Editor/Samples/ExposeHDRPInternals/HDRP-Editor-ref.asmref has no target assembly definition
Assembly reference Packages/com.unity.cinemachine/Editor/Samples/ExposeHDRPInternals/HDRP-Editor-ref.asmref has no target assembly definition
Begin MonoManager ReloadAssembly
- Loaded All Assemblies, in  0.901 seconds
Assembly reference Packages/com.unity.cinemachine/Editor/Samples/ExposeHDRPInternals/HDRP-Editor-ref.asmref has no target assembly definition
'Packages/com.unity.cinemachine/Editor/Obsolete/CinemachineVirtualCameraBaseEditor.cs' contains partial class of Unity.Object, exactly 1 of the partial classes needs to be in a file with the same filename. This is to know the one that can be referenced from ie. GameObjects
'Packages/com.unity.cinemachine/Editor/Editors/CinemachineVirtualCameraBaseEditor.cs' contains partial class of Unity.Object, exactly 1 of the partial classes needs to be in a file with the same filename. This is to know the one that can be referenced from ie. GameObjects
Refreshing native plugins compatible for Editor in 1.44 ms, found 4 plugins.
Native extension for iOS target not found
Native extension for Android target not found
Native extension for UWP target not found
Native extension for WindowsStandalone target not found
Failed to load: C:/Program Files/Unity/Hub/Editor/6000.0.28f1/Editor/Data/PlaybackEngines/VisionOSPlayer\x64\UnityEditor.VisionOS.Native.dll
Native extension for VisionOS target not found
Native extension for WebGL target not found
Assembly reference Packages/com.unity.cinemachine/Editor/Samples/ExposeHDRPInternals/HDRP-Editor-ref.asmref has no target assembly definition
[Package Manager] Failed to launch server process. Reason: Unity was launched with the -noUpm command-line argument
[Package Manager] Unable to send message (not connected to server process).
[Package Manager] Cannot connect to Unity Package Manager local server
Mono: successfully reloaded assembly
- Finished resetting the current domain, in  1.432 seconds
Domain Reload Profiling: 2332ms
	BeginReloadAssembly (287ms)
		ExecutionOrderSort (1ms)
		DisableScriptedObjects (18ms)
		BackupInstance (0ms)
		ReleaseScriptingObjects (0ms)
		CreateAndSetChildDomain (82ms)
	RebuildCommonClasses (38ms)
	RebuildNativeTypeToScriptingClass (14ms)
	initialDomainReloadingComplete (30ms)
	LoadAllAssembliesAndSetupDomain (530ms)
		LoadAssemblies (421ms)
		RebuildTransferFunctionScriptingTraits (0ms)
		AnalyzeDomain (225ms)
			TypeCache.Refresh (13ms)
				TypeCache.ScanAssembly (2ms)
			BuildScriptInfoCaches (195ms)
			ResolveRequiredComponents (12ms)
	FinalizeReload (1433ms)
		ReleaseScriptCaches (0ms)
		RebuildScriptCaches (0ms)
		SetupLoadedEditorAssemblies (1059ms)
			LogAssemblyErrors (0ms)
			InitializePlatformSupportModulesInManaged (19ms)
			SetLoadedEditorAssemblies (5ms)
			BeforeProcessingInitializeOnLoad (93ms)
			ProcessInitializeOnLoadAttributes (857ms)
			ProcessInitializeOnLoadMethodAttributes (72ms)
			AfterProcessingInitializeOnLoad (12ms)
			EditorAssembliesLoaded (1ms)
		ExecutionOrderSort2 (0ms)
		AwakeInstancesAfterBackupRestoration (23ms)
Refreshing native plugins compatible for Editor in 2.14 ms, found 4 plugins.
Preloading 0 native plugins for Editor in 0.00 ms.
Unloading 14 Unused Serialized files (Serialized files now loaded: 0)
Unloading 6757 unused Assets / (4.9 MB). Loaded Objects now: 8219.
Memory consumption went from 266.8 MB to 262.0 MB.
Total: 16.554700 ms (FindLiveObjects: 1.192700 ms CreateObjectMapping: 1.207100 ms MarkObjects: 7.526100 ms  DeleteObjects: 6.626200 ms)

Prepare: number of updated asset objects reloaded= 0
========================================================================
Received Import Request.
  Time since last request: 188.641794 seconds.
  path: Assets/Survival/Prefabs/Enemy/OrkDestroyer2.prefab
  artifactKey: Guid(d31d29bd659534649b718966cbf37289) Importer(815301076,1909f56bfc062723c751e8b465ee728b)
Start importing Assets/Survival/Prefabs/Enemy/OrkDestroyer2.prefab using Guid(d31d29bd659534649b718966cbf37289) Importer(815301076,1909f56bfc062723c751e8b465ee728b) (PreviewImporter) -> (artifact id: 'aa2b37f7a4ba7dce81bfb021d740d63a') in 0.8825971 seconds
Number of updated asset objects reloaded before import = 0Number of asset objects unloaded after import = 549

========================================================================
Received Prepare
Assembly reference Packages/com.unity.cinemachine/Editor/Samples/ExposeHDRPInternals/HDRP-Editor-ref.asmref has no target assembly definition
Assembly reference Packages/com.unity.cinemachine/Editor/Samples/ExposeHDRPInternals/HDRP-Editor-ref.asmref has no target assembly definition
Begin MonoManager ReloadAssembly
- Loaded All Assemblies, in  0.867 seconds
Assembly reference Packages/com.unity.cinemachine/Editor/Samples/ExposeHDRPInternals/HDRP-Editor-ref.asmref has no target assembly definition
'Packages/com.unity.cinemachine/Editor/Obsolete/CinemachineVirtualCameraBaseEditor.cs' contains partial class of Unity.Object, exactly 1 of the partial classes needs to be in a file with the same filename. This is to know the one that can be referenced from ie. GameObjects
'Packages/com.unity.cinemachine/Editor/Editors/CinemachineVirtualCameraBaseEditor.cs' contains partial class of Unity.Object, exactly 1 of the partial classes needs to be in a file with the same filename. This is to know the one that can be referenced from ie. GameObjects
Refreshing native plugins compatible for Editor in 1.36 ms, found 4 plugins.
Native extension for iOS target not found
Native extension for Android target not found
Native extension for UWP target not found
Native extension for WindowsStandalone target not found
Failed to load: C:/Program Files/Unity/Hub/Editor/6000.0.28f1/Editor/Data/PlaybackEngines/VisionOSPlayer\x64\UnityEditor.VisionOS.Native.dll
Native extension for VisionOS target not found
Native extension for WebGL target not found
Assembly reference Packages/com.unity.cinemachine/Editor/Samples/ExposeHDRPInternals/HDRP-Editor-ref.asmref has no target assembly definition
[Package Manager] Failed to launch server process. Reason: Unity was launched with the -noUpm command-line argument
[Package Manager] Unable to send message (not connected to server process).
[Package Manager] Cannot connect to Unity Package Manager local server
Mono: successfully reloaded assembly
- Finished resetting the current domain, in  1.104 seconds
Domain Reload Profiling: 1969ms
	BeginReloadAssembly (241ms)
		ExecutionOrderSort (0ms)
		DisableScriptedObjects (22ms)
		BackupInstance (0ms)
		ReleaseScriptingObjects (0ms)
		CreateAndSetChildDomain (77ms)
	RebuildCommonClasses (38ms)
	RebuildNativeTypeToScriptingClass (13ms)
	initialDomainReloadingComplete (33ms)
	LoadAllAssembliesAndSetupDomain (539ms)
		LoadAssemblies (373ms)
		RebuildTransferFunctionScriptingTraits (0ms)
		AnalyzeDomain (265ms)
			TypeCache.Refresh (10ms)
				TypeCache.ScanAssembly (0ms)
			BuildScriptInfoCaches (239ms)
			ResolveRequiredComponents (11ms)
	FinalizeReload (1105ms)
		ReleaseScriptCaches (0ms)
		RebuildScriptCaches (0ms)
		SetupLoadedEditorAssemblies (785ms)
			LogAssemblyErrors (0ms)
			InitializePlatformSupportModulesInManaged (20ms)
			SetLoadedEditorAssemblies (8ms)
			BeforeProcessingInitializeOnLoad (90ms)
			ProcessInitializeOnLoadAttributes (604ms)
			ProcessInitializeOnLoadMethodAttributes (56ms)
			AfterProcessingInitializeOnLoad (7ms)
			EditorAssembliesLoaded (0ms)
		ExecutionOrderSort2 (0ms)
		AwakeInstancesAfterBackupRestoration (19ms)
Refreshing native plugins compatible for Editor in 1.78 ms, found 4 plugins.
Preloading 0 native plugins for Editor in 0.00 ms.
Unloading 14 Unused Serialized files (Serialized files now loaded: 0)
Unloading 6758 unused Assets / (4.8 MB). Loaded Objects now: 8242.
Memory consumption went from 271.2 MB to 266.3 MB.
Total: 12.378700 ms (FindLiveObjects: 0.870100 ms CreateObjectMapping: 1.118200 ms MarkObjects: 6.501200 ms  DeleteObjects: 3.888000 ms)

Prepare: number of updated asset objects reloaded= 0
========================================================================
Received Prepare
Assembly reference Packages/com.unity.cinemachine/Editor/Samples/ExposeHDRPInternals/HDRP-Editor-ref.asmref has no target assembly definition
Assembly reference Packages/com.unity.cinemachine/Editor/Samples/ExposeHDRPInternals/HDRP-Editor-ref.asmref has no target assembly definition
Begin MonoManager ReloadAssembly
- Loaded All Assemblies, in  0.892 seconds
Assembly reference Packages/com.unity.cinemachine/Editor/Samples/ExposeHDRPInternals/HDRP-Editor-ref.asmref has no target assembly definition
'Packages/com.unity.cinemachine/Editor/Obsolete/CinemachineVirtualCameraBaseEditor.cs' contains partial class of Unity.Object, exactly 1 of the partial classes needs to be in a file with the same filename. This is to know the one that can be referenced from ie. GameObjects
'Packages/com.unity.cinemachine/Editor/Editors/CinemachineVirtualCameraBaseEditor.cs' contains partial class of Unity.Object, exactly 1 of the partial classes needs to be in a file with the same filename. This is to know the one that can be referenced from ie. GameObjects
Refreshing native plugins compatible for Editor in 1.35 ms, found 4 plugins.
Native extension for iOS target not found
Native extension for Android target not found
Native extension for UWP target not found
Native extension for WindowsStandalone target not found
Failed to load: C:/Program Files/Unity/Hub/Editor/6000.0.28f1/Editor/Data/PlaybackEngines/VisionOSPlayer\x64\UnityEditor.VisionOS.Native.dll
Native extension for VisionOS target not found
Native extension for WebGL target not found
Assembly reference Packages/com.unity.cinemachine/Editor/Samples/ExposeHDRPInternals/HDRP-Editor-ref.asmref has no target assembly definition
[Package Manager] Failed to launch server process. Reason: Unity was launched with the -noUpm command-line argument
[Package Manager] Unable to send message (not connected to server process).
[Package Manager] Cannot connect to Unity Package Manager local server
Mono: successfully reloaded assembly
- Finished resetting the current domain, in  1.141 seconds
Domain Reload Profiling: 2035ms
	BeginReloadAssembly (257ms)
		ExecutionOrderSort (0ms)
		DisableScriptedObjects (9ms)
		BackupInstance (0ms)
		ReleaseScriptingObjects (0ms)
		CreateAndSetChildDomain (77ms)
	RebuildCommonClasses (47ms)
	RebuildNativeTypeToScriptingClass (14ms)
	initialDomainReloadingComplete (30ms)
	LoadAllAssembliesAndSetupDomain (546ms)
		LoadAssemblies (398ms)
		RebuildTransferFunctionScriptingTraits (0ms)
		AnalyzeDomain (255ms)
			TypeCache.Refresh (13ms)
				TypeCache.ScanAssembly (1ms)
			BuildScriptInfoCaches (223ms)
			ResolveRequiredComponents (13ms)
	FinalizeReload (1142ms)
		ReleaseScriptCaches (0ms)
		RebuildScriptCaches (0ms)
		SetupLoadedEditorAssemblies (811ms)
			LogAssemblyErrors (0ms)
			InitializePlatformSupportModulesInManaged (17ms)
			SetLoadedEditorAssemblies (7ms)
			BeforeProcessingInitializeOnLoad (88ms)
			ProcessInitializeOnLoadAttributes (624ms)
			ProcessInitializeOnLoadMethodAttributes (66ms)
			AfterProcessingInitializeOnLoad (8ms)
			EditorAssembliesLoaded (1ms)
		ExecutionOrderSort2 (0ms)
		AwakeInstancesAfterBackupRestoration (21ms)
Refreshing native plugins compatible for Editor in 2.83 ms, found 4 plugins.
Preloading 0 native plugins for Editor in 0.00 ms.
Unloading 14 Unused Serialized files (Serialized files now loaded: 0)
Unloading 6757 unused Assets / (4.4 MB). Loaded Objects now: 8245.
Memory consumption went from 271.0 MB to 266.6 MB.
Total: 23.455100 ms (FindLiveObjects: 1.658000 ms CreateObjectMapping: 1.777300 ms MarkObjects: 14.929100 ms  DeleteObjects: 5.088000 ms)

Prepare: number of updated asset objects reloaded= 0
========================================================================
Received Prepare
Assembly reference Packages/com.unity.cinemachine/Editor/Samples/ExposeHDRPInternals/HDRP-Editor-ref.asmref has no target assembly definition
Assembly reference Packages/com.unity.cinemachine/Editor/Samples/ExposeHDRPInternals/HDRP-Editor-ref.asmref has no target assembly definition
Begin MonoManager ReloadAssembly
- Loaded All Assemblies, in  0.821 seconds
Assembly reference Packages/com.unity.cinemachine/Editor/Samples/ExposeHDRPInternals/HDRP-Editor-ref.asmref has no target assembly definition
'Packages/com.unity.cinemachine/Editor/Obsolete/CinemachineVirtualCameraBaseEditor.cs' contains partial class of Unity.Object, exactly 1 of the partial classes needs to be in a file with the same filename. This is to know the one that can be referenced from ie. GameObjects
'Packages/com.unity.cinemachine/Editor/Editors/CinemachineVirtualCameraBaseEditor.cs' contains partial class of Unity.Object, exactly 1 of the partial classes needs to be in a file with the same filename. This is to know the one that can be referenced from ie. GameObjects
Refreshing native plugins compatible for Editor in 1.43 ms, found 4 plugins.
Native extension for iOS target not found
Native extension for Android target not found
Native extension for UWP target not found
Native extension for WindowsStandalone target not found
Failed to load: C:/Program Files/Unity/Hub/Editor/6000.0.28f1/Editor/Data/PlaybackEngines/VisionOSPlayer\x64\UnityEditor.VisionOS.Native.dll
Native extension for VisionOS target not found
Native extension for WebGL target not found
Assembly reference Packages/com.unity.cinemachine/Editor/Samples/ExposeHDRPInternals/HDRP-Editor-ref.asmref has no target assembly definition
[Package Manager] Failed to launch server process. Reason: Unity was launched with the -noUpm command-line argument
[Package Manager] Unable to send message (not connected to server process).
[Package Manager] Cannot connect to Unity Package Manager local server
Mono: successfully reloaded assembly
- Finished resetting the current domain, in  1.143 seconds
Domain Reload Profiling: 1963ms
	BeginReloadAssembly (201ms)
		ExecutionOrderSort (0ms)
		DisableScriptedObjects (5ms)
		BackupInstance (0ms)
		ReleaseScriptingObjects (0ms)
		CreateAndSetChildDomain (59ms)
	RebuildCommonClasses (34ms)
	RebuildNativeTypeToScriptingClass (12ms)
	initialDomainReloadingComplete (35ms)
	LoadAllAssembliesAndSetupDomain (538ms)
		LoadAssemblies (376ms)
		RebuildTransferFunctionScriptingTraits (0ms)
		AnalyzeDomain (254ms)
			TypeCache.Refresh (10ms)
				TypeCache.ScanAssembly (0ms)
			BuildScriptInfoCaches (225ms)
			ResolveRequiredComponents (14ms)
	FinalizeReload (1144ms)
		ReleaseScriptCaches (0ms)
		RebuildScriptCaches (0ms)
		SetupLoadedEditorAssemblies (768ms)
			LogAssemblyErrors (0ms)
			InitializePlatformSupportModulesInManaged (20ms)
			SetLoadedEditorAssemblies (7ms)
			BeforeProcessingInitializeOnLoad (91ms)
			ProcessInitializeOnLoadAttributes (581ms)
			ProcessInitializeOnLoadMethodAttributes (62ms)
			AfterProcessingInitializeOnLoad (8ms)
			EditorAssembliesLoaded (0ms)
		ExecutionOrderSort2 (0ms)
		AwakeInstancesAfterBackupRestoration (15ms)
Refreshing native plugins compatible for Editor in 2.05 ms, found 4 plugins.
Preloading 0 native plugins for Editor in 0.00 ms.
Unloading 14 Unused Serialized files (Serialized files now loaded: 0)
Unloading 6757 unused Assets / (4.4 MB). Loaded Objects now: 8248.
Memory consumption went from 271.0 MB to 266.6 MB.
Total: 14.993100 ms (FindLiveObjects: 1.225700 ms CreateObjectMapping: 1.689800 ms MarkObjects: 7.551500 ms  DeleteObjects: 4.524800 ms)

Prepare: number of updated asset objects reloaded= 0
========================================================================
Received Import Request.
  Time since last request: 266.017506 seconds.
  path: Assets/Survival/Prefabs/Enemy/evil@Walking.prefab
  artifactKey: Guid(2c0a3f6b096b6ac4190d9e468aef043a) Importer(815301076,1909f56bfc062723c751e8b465ee728b)
Start importing Assets/Survival/Prefabs/Enemy/evil@Walking.prefab using Guid(2c0a3f6b096b6ac4190d9e468aef043a) Importer(815301076,1909f56bfc062723c751e8b465ee728b) (PreviewImporter) -> (artifact id: '77c4c237df18e977bc634ffa4151c2bc') in 0.580323 seconds
Number of updated asset objects reloaded before import = 0Number of asset objects unloaded after import = 358

========================================================================
Received Import Request.
  Time since last request: 51.336940 seconds.
  path: Assets/OrkDestroyer2/Animation/Ork_destroyer2@walk1.fbx
  artifactKey: Guid(2f4de260009d2ab4d8b79fa5d7fcf165) Importer(815301076,1909f56bfc062723c751e8b465ee728b)
Start importing Assets/OrkDestroyer2/Animation/Ork_destroyer2@walk1.fbx using Guid(2f4de260009d2ab4d8b79fa5d7fcf165) Importer(815301076,1909f56bfc062723c751e8b465ee728b) (PreviewImporter) -> (artifact id: 'd9a0ac90ca562553a878ce3ccb6ed18e') in 0.3324238 seconds
Number of updated asset objects reloaded before import = 0Number of asset objects unloaded after import = 490

========================================================================
Received Import Request.
  Time since last request: 27.486277 seconds.
  path: Assets/OrkDestroyer2/Animation/Ork_destroyer2@atack1.fbx
  artifactKey: Guid(abd937aa8ef3ee04dada1c73833a7855) Importer(815301076,1909f56bfc062723c751e8b465ee728b)
Start importing Assets/OrkDestroyer2/Animation/Ork_destroyer2@atack1.fbx using Guid(abd937aa8ef3ee04dada1c73833a7855) Importer(815301076,1909f56bfc062723c751e8b465ee728b) (PreviewImporter) -> (artifact id: '3a0aeeae8528b192b111a21e52ecdaed') in 0.3274197 seconds
Number of updated asset objects reloaded before import = 0Number of asset objects unloaded after import = 490

========================================================================
Received Prepare
Assembly reference Packages/com.unity.cinemachine/Editor/Samples/ExposeHDRPInternals/HDRP-Editor-ref.asmref has no target assembly definition
Assembly reference Packages/com.unity.cinemachine/Editor/Samples/ExposeHDRPInternals/HDRP-Editor-ref.asmref has no target assembly definition
Begin MonoManager ReloadAssembly
- Loaded All Assemblies, in  0.870 seconds
Assembly reference Packages/com.unity.cinemachine/Editor/Samples/ExposeHDRPInternals/HDRP-Editor-ref.asmref has no target assembly definition
'Packages/com.unity.cinemachine/Editor/Obsolete/CinemachineVirtualCameraBaseEditor.cs' contains partial class of Unity.Object, exactly 1 of the partial classes needs to be in a file with the same filename. This is to know the one that can be referenced from ie. GameObjects
'Packages/com.unity.cinemachine/Editor/Editors/CinemachineVirtualCameraBaseEditor.cs' contains partial class of Unity.Object, exactly 1 of the partial classes needs to be in a file with the same filename. This is to know the one that can be referenced from ie. GameObjects
Refreshing native plugins compatible for Editor in 2.48 ms, found 4 plugins.
Native extension for iOS target not found
Native extension for Android target not found
Native extension for UWP target not found
Native extension for WindowsStandalone target not found
Failed to load: C:/Program Files/Unity/Hub/Editor/6000.0.28f1/Editor/Data/PlaybackEngines/VisionOSPlayer\x64\UnityEditor.VisionOS.Native.dll
Native extension for VisionOS target not found
Native extension for WebGL target not found
Assembly reference Packages/com.unity.cinemachine/Editor/Samples/ExposeHDRPInternals/HDRP-Editor-ref.asmref has no target assembly definition
[Package Manager] Failed to launch server process. Reason: Unity was launched with the -noUpm command-line argument
[Package Manager] Unable to send message (not connected to server process).
[Package Manager] Cannot connect to Unity Package Manager local server
Mono: successfully reloaded assembly
- Finished resetting the current domain, in  1.137 seconds
Domain Reload Profiling: 2006ms
	BeginReloadAssembly (227ms)
		ExecutionOrderSort (0ms)
		DisableScriptedObjects (18ms)
		BackupInstance (0ms)
		ReleaseScriptingObjects (0ms)
		CreateAndSetChildDomain (66ms)
	RebuildCommonClasses (35ms)
	RebuildNativeTypeToScriptingClass (13ms)
	initialDomainReloadingComplete (30ms)
	LoadAllAssembliesAndSetupDomain (563ms)
		LoadAssemblies (380ms)
		RebuildTransferFunctionScriptingTraits (0ms)
		AnalyzeDomain (275ms)
			TypeCache.Refresh (8ms)
				TypeCache.ScanAssembly (0ms)
			BuildScriptInfoCaches (247ms)
			ResolveRequiredComponents (15ms)
	FinalizeReload (1138ms)
		ReleaseScriptCaches (0ms)
		RebuildScriptCaches (0ms)
		SetupLoadedEditorAssemblies (794ms)
			LogAssemblyErrors (0ms)
			InitializePlatformSupportModulesInManaged (17ms)
			SetLoadedEditorAssemblies (9ms)
			BeforeProcessingInitializeOnLoad (93ms)
			ProcessInitializeOnLoadAttributes (600ms)
			ProcessInitializeOnLoadMethodAttributes (66ms)
			AfterProcessingInitializeOnLoad (8ms)
			EditorAssembliesLoaded (0ms)
		ExecutionOrderSort2 (0ms)
		AwakeInstancesAfterBackupRestoration (20ms)
Refreshing native plugins compatible for Editor in 2.25 ms, found 4 plugins.
Preloading 0 native plugins for Editor in 0.00 ms.
Unloading 14 Unused Serialized files (Serialized files now loaded: 0)
Unloading 6758 unused Assets / (4.0 MB). Loaded Objects now: 8271.
Memory consumption went from 275.3 MB to 271.3 MB.
Total: 12.677500 ms (FindLiveObjects: 1.034500 ms CreateObjectMapping: 0.932100 ms MarkObjects: 7.284500 ms  DeleteObjects: 3.424500 ms)

Prepare: number of updated asset objects reloaded= 0
========================================================================
Received Prepare
Assembly reference Packages/com.unity.cinemachine/Editor/Samples/ExposeHDRPInternals/HDRP-Editor-ref.asmref has no target assembly definition
Assembly reference Packages/com.unity.cinemachine/Editor/Samples/ExposeHDRPInternals/HDRP-Editor-ref.asmref has no target assembly definition
Begin MonoManager ReloadAssembly
- Loaded All Assemblies, in  0.886 seconds
Assembly reference Packages/com.unity.cinemachine/Editor/Samples/ExposeHDRPInternals/HDRP-Editor-ref.asmref has no target assembly definition
'Packages/com.unity.cinemachine/Editor/Obsolete/CinemachineVirtualCameraBaseEditor.cs' contains partial class of Unity.Object, exactly 1 of the partial classes needs to be in a file with the same filename. This is to know the one that can be referenced from ie. GameObjects
'Packages/com.unity.cinemachine/Editor/Editors/CinemachineVirtualCameraBaseEditor.cs' contains partial class of Unity.Object, exactly 1 of the partial classes needs to be in a file with the same filename. This is to know the one that can be referenced from ie. GameObjects
Refreshing native plugins compatible for Editor in 1.41 ms, found 4 plugins.
Native extension for iOS target not found
Native extension for Android target not found
Native extension for UWP target not found
Native extension for WindowsStandalone target not found
Failed to load: C:/Program Files/Unity/Hub/Editor/6000.0.28f1/Editor/Data/PlaybackEngines/VisionOSPlayer\x64\UnityEditor.VisionOS.Native.dll
Native extension for VisionOS target not found
Native extension for WebGL target not found
Assembly reference Packages/com.unity.cinemachine/Editor/Samples/ExposeHDRPInternals/HDRP-Editor-ref.asmref has no target assembly definition
[Package Manager] Failed to launch server process. Reason: Unity was launched with the -noUpm command-line argument
[Package Manager] Unable to send message (not connected to server process).
[Package Manager] Cannot connect to Unity Package Manager local server
Mono: successfully reloaded assembly
- Finished resetting the current domain, in  1.038 seconds
Domain Reload Profiling: 1927ms
	BeginReloadAssembly (236ms)
		ExecutionOrderSort (0ms)
		DisableScriptedObjects (8ms)
		BackupInstance (0ms)
		ReleaseScriptingObjects (0ms)
		CreateAndSetChildDomain (71ms)
	RebuildCommonClasses (50ms)
	RebuildNativeTypeToScriptingClass (15ms)
	initialDomainReloadingComplete (29ms)
	LoadAllAssembliesAndSetupDomain (559ms)
		LoadAssemblies (390ms)
		RebuildTransferFunctionScriptingTraits (0ms)
		AnalyzeDomain (275ms)
			TypeCache.Refresh (13ms)
				TypeCache.ScanAssembly (1ms)
			BuildScriptInfoCaches (245ms)
			ResolveRequiredComponents (11ms)
	FinalizeReload (1038ms)
		ReleaseScriptCaches (0ms)
		RebuildScriptCaches (0ms)
		SetupLoadedEditorAssemblies (734ms)
			LogAssemblyErrors (0ms)
			InitializePlatformSupportModulesInManaged (24ms)
			SetLoadedEditorAssemblies (6ms)
			BeforeProcessingInitializeOnLoad (86ms)
			ProcessInitializeOnLoadAttributes (569ms)
			ProcessInitializeOnLoadMethodAttributes (44ms)
			AfterProcessingInitializeOnLoad (6ms)
			EditorAssembliesLoaded (0ms)
		ExecutionOrderSort2 (0ms)
		AwakeInstancesAfterBackupRestoration (16ms)
Refreshing native plugins compatible for Editor in 1.39 ms, found 4 plugins.
Preloading 0 native plugins for Editor in 0.00 ms.
Unloading 14 Unused Serialized files (Serialized files now loaded: 0)
Unloading 6757 unused Assets / (4.4 MB). Loaded Objects now: 8274.
Memory consumption went from 275.2 MB to 270.8 MB.
Total: 8.510000 ms (FindLiveObjects: 0.799700 ms CreateObjectMapping: 0.633300 ms MarkObjects: 4.547900 ms  DeleteObjects: 2.527800 ms)

Prepare: number of updated asset objects reloaded= 0
========================================================================
Received Prepare
Assembly reference Packages/com.unity.cinemachine/Editor/Samples/ExposeHDRPInternals/HDRP-Editor-ref.asmref has no target assembly definition
Assembly reference Packages/com.unity.cinemachine/Editor/Samples/ExposeHDRPInternals/HDRP-Editor-ref.asmref has no target assembly definition
Begin MonoManager ReloadAssembly
- Loaded All Assemblies, in  0.817 seconds
Assembly reference Packages/com.unity.cinemachine/Editor/Samples/ExposeHDRPInternals/HDRP-Editor-ref.asmref has no target assembly definition
'Packages/com.unity.cinemachine/Editor/Obsolete/CinemachineVirtualCameraBaseEditor.cs' contains partial class of Unity.Object, exactly 1 of the partial classes needs to be in a file with the same filename. This is to know the one that can be referenced from ie. GameObjects
'Packages/com.unity.cinemachine/Editor/Editors/CinemachineVirtualCameraBaseEditor.cs' contains partial class of Unity.Object, exactly 1 of the partial classes needs to be in a file with the same filename. This is to know the one that can be referenced from ie. GameObjects
Refreshing native plugins compatible for Editor in 5.10 ms, found 4 plugins.
Native extension for iOS target not found
Native extension for Android target not found
Native extension for UWP target not found
Native extension for WindowsStandalone target not found
Failed to load: C:/Program Files/Unity/Hub/Editor/6000.0.28f1/Editor/Data/PlaybackEngines/VisionOSPlayer\x64\UnityEditor.VisionOS.Native.dll
Native extension for VisionOS target not found
Native extension for WebGL target not found
Assembly reference Packages/com.unity.cinemachine/Editor/Samples/ExposeHDRPInternals/HDRP-Editor-ref.asmref has no target assembly definition
[Package Manager] Failed to launch server process. Reason: Unity was launched with the -noUpm command-line argument
[Package Manager] Unable to send message (not connected to server process).
[Package Manager] Cannot connect to Unity Package Manager local server
Mono: successfully reloaded assembly
- Finished resetting the current domain, in  1.361 seconds
Domain Reload Profiling: 2180ms
	BeginReloadAssembly (213ms)
		ExecutionOrderSort (0ms)
		DisableScriptedObjects (6ms)
		BackupInstance (0ms)
		ReleaseScriptingObjects (0ms)
		CreateAndSetChildDomain (73ms)
	RebuildCommonClasses (34ms)
	RebuildNativeTypeToScriptingClass (12ms)
	initialDomainReloadingComplete (26ms)
	LoadAllAssembliesAndSetupDomain (534ms)
		LoadAssemblies (372ms)
		RebuildTransferFunctionScriptingTraits (0ms)
		AnalyzeDomain (249ms)
			TypeCache.Refresh (9ms)
				TypeCache.ScanAssembly (0ms)
			BuildScriptInfoCaches (223ms)
			ResolveRequiredComponents (12ms)
	FinalizeReload (1361ms)
		ReleaseScriptCaches (0ms)
		RebuildScriptCaches (0ms)
		SetupLoadedEditorAssemblies (986ms)
			LogAssemblyErrors (0ms)
			InitializePlatformSupportModulesInManaged (20ms)
			SetLoadedEditorAssemblies (7ms)
			BeforeProcessingInitializeOnLoad (103ms)
			ProcessInitializeOnLoadAttributes (778ms)
			ProcessInitializeOnLoadMethodAttributes (67ms)
			AfterProcessingInitializeOnLoad (10ms)
			EditorAssembliesLoaded (1ms)
		ExecutionOrderSort2 (0ms)
		AwakeInstancesAfterBackupRestoration (22ms)
Refreshing native plugins compatible for Editor in 1.86 ms, found 4 plugins.
Preloading 0 native plugins for Editor in 0.00 ms.
Unloading 14 Unused Serialized files (Serialized files now loaded: 0)
Unloading 6757 unused Assets / (4.7 MB). Loaded Objects now: 8277.
Memory consumption went from 275.2 MB to 270.5 MB.
Total: 14.063800 ms (FindLiveObjects: 1.325900 ms CreateObjectMapping: 1.240600 ms MarkObjects: 6.777800 ms  DeleteObjects: 4.718200 ms)

Prepare: number of updated asset objects reloaded= 0
========================================================================
Received Import Request.
  Time since last request: 482.129591 seconds.
  path: Assets/Survival/Prefabs/Enemy/evil@Walking.prefab
  artifactKey: Guid(2c0a3f6b096b6ac4190d9e468aef043a) Importer(815301076,1909f56bfc062723c751e8b465ee728b)
Start importing Assets/Survival/Prefabs/Enemy/evil@Walking.prefab using Guid(2c0a3f6b096b6ac4190d9e468aef043a) Importer(815301076,1909f56bfc062723c751e8b465ee728b) (PreviewImporter) -> (artifact id: 'd6fcfa29b0093032882caabc70b3ecfb') in 0.6868236 seconds
Number of updated asset objects reloaded before import = 0Number of asset objects unloaded after import = 358

========================================================================
Received Import Request.
  Time since last request: 12.984838 seconds.
  path: Assets/Survival/Scripts/SpawnManager.cs
  artifactKey: Guid(54d680d75575544469cda57a5da0ad60) Importer(815301076,1909f56bfc062723c751e8b465ee728b)
Start importing Assets/Survival/Scripts/SpawnManager.cs using Guid(54d680d75575544469cda57a5da0ad60) Importer(815301076,1909f56bfc062723c751e8b465ee728b) (PreviewImporter) -> (artifact id: '469174aa0caa8c5f9a925f4727a6240b') in 0.0024318 seconds
Number of updated asset objects reloaded before import = 0Number of asset objects unloaded after import = 0

========================================================================
Received Prepare
Assembly reference Packages/com.unity.cinemachine/Editor/Samples/ExposeHDRPInternals/HDRP-Editor-ref.asmref has no target assembly definition
Assembly reference Packages/com.unity.cinemachine/Editor/Samples/ExposeHDRPInternals/HDRP-Editor-ref.asmref has no target assembly definition
Begin MonoManager ReloadAssembly
- Loaded All Assemblies, in  0.950 seconds
Assembly reference Packages/com.unity.cinemachine/Editor/Samples/ExposeHDRPInternals/HDRP-Editor-ref.asmref has no target assembly definition
'Packages/com.unity.cinemachine/Editor/Obsolete/CinemachineVirtualCameraBaseEditor.cs' contains partial class of Unity.Object, exactly 1 of the partial classes needs to be in a file with the same filename. This is to know the one that can be referenced from ie. GameObjects
'Packages/com.unity.cinemachine/Editor/Editors/CinemachineVirtualCameraBaseEditor.cs' contains partial class of Unity.Object, exactly 1 of the partial classes needs to be in a file with the same filename. This is to know the one that can be referenced from ie. GameObjects
Refreshing native plugins compatible for Editor in 1.41 ms, found 4 plugins.
Native extension for iOS target not found
Native extension for Android target not found
Native extension for UWP target not found
Native extension for WindowsStandalone target not found
Failed to load: C:/Program Files/Unity/Hub/Editor/6000.0.28f1/Editor/Data/PlaybackEngines/VisionOSPlayer\x64\UnityEditor.VisionOS.Native.dll
Native extension for VisionOS target not found
Native extension for WebGL target not found
Assembly reference Packages/com.unity.cinemachine/Editor/Samples/ExposeHDRPInternals/HDRP-Editor-ref.asmref has no target assembly definition
[Package Manager] Failed to launch server process. Reason: Unity was launched with the -noUpm command-line argument
[Package Manager] Unable to send message (not connected to server process).
[Package Manager] Cannot connect to Unity Package Manager local server
Mono: successfully reloaded assembly
- Finished resetting the current domain, in  1.150 seconds
Domain Reload Profiling: 2100ms
	BeginReloadAssembly (267ms)
		ExecutionOrderSort (0ms)
		DisableScriptedObjects (24ms)
		BackupInstance (0ms)
		ReleaseScriptingObjects (0ms)
		CreateAndSetChildDomain (85ms)
	RebuildCommonClasses (46ms)
	RebuildNativeTypeToScriptingClass (12ms)
	initialDomainReloadingComplete (38ms)
	LoadAllAssembliesAndSetupDomain (587ms)
		LoadAssemblies (404ms)
		RebuildTransferFunctionScriptingTraits (0ms)
		AnalyzeDomain (291ms)
			TypeCache.Refresh (15ms)
				TypeCache.ScanAssembly (1ms)
			BuildScriptInfoCaches (258ms)
			ResolveRequiredComponents (13ms)
	FinalizeReload (1150ms)
		ReleaseScriptCaches (0ms)
		RebuildScriptCaches (0ms)
		SetupLoadedEditorAssemblies (819ms)
			LogAssemblyErrors (0ms)
			InitializePlatformSupportModulesInManaged (17ms)
			SetLoadedEditorAssemblies (6ms)
			BeforeProcessingInitializeOnLoad (91ms)
			ProcessInitializeOnLoadAttributes (644ms)
			ProcessInitializeOnLoadMethodAttributes (54ms)
			AfterProcessingInitializeOnLoad (7ms)
			EditorAssembliesLoaded (0ms)
		ExecutionOrderSort2 (0ms)
		AwakeInstancesAfterBackupRestoration (16ms)
Refreshing native plugins compatible for Editor in 2.31 ms, found 4 plugins.
Preloading 0 native plugins for Editor in 0.00 ms.
Unloading 14 Unused Serialized files (Serialized files now loaded: 0)
Unloading 6758 unused Assets / (5.1 MB). Loaded Objects now: 8300.
Memory consumption went from 279.5 MB to 274.4 MB.
Total: 14.436900 ms (FindLiveObjects: 1.133500 ms CreateObjectMapping: 1.402700 ms MarkObjects: 7.178700 ms  DeleteObjects: 4.719700 ms)

Prepare: number of updated asset objects reloaded= 0
========================================================================
Received Prepare
Assembly reference Packages/com.unity.cinemachine/Editor/Samples/ExposeHDRPInternals/HDRP-Editor-ref.asmref has no target assembly definition
Assembly reference Packages/com.unity.cinemachine/Editor/Samples/ExposeHDRPInternals/HDRP-Editor-ref.asmref has no target assembly definition
Begin MonoManager ReloadAssembly
- Loaded All Assemblies, in  0.841 seconds
Assembly reference Packages/com.unity.cinemachine/Editor/Samples/ExposeHDRPInternals/HDRP-Editor-ref.asmref has no target assembly definition
'Packages/com.unity.cinemachine/Editor/Obsolete/CinemachineVirtualCameraBaseEditor.cs' contains partial class of Unity.Object, exactly 1 of the partial classes needs to be in a file with the same filename. This is to know the one that can be referenced from ie. GameObjects
'Packages/com.unity.cinemachine/Editor/Editors/CinemachineVirtualCameraBaseEditor.cs' contains partial class of Unity.Object, exactly 1 of the partial classes needs to be in a file with the same filename. This is to know the one that can be referenced from ie. GameObjects
Refreshing native plugins compatible for Editor in 1.60 ms, found 4 plugins.
Native extension for iOS target not found
Native extension for Android target not found
Native extension for UWP target not found
Native extension for WindowsStandalone target not found
Failed to load: C:/Program Files/Unity/Hub/Editor/6000.0.28f1/Editor/Data/PlaybackEngines/VisionOSPlayer\x64\UnityEditor.VisionOS.Native.dll
Native extension for VisionOS target not found
Native extension for WebGL target not found
Assembly reference Packages/com.unity.cinemachine/Editor/Samples/ExposeHDRPInternals/HDRP-Editor-ref.asmref has no target assembly definition
[Package Manager] Failed to launch server process. Reason: Unity was launched with the -noUpm command-line argument
[Package Manager] Unable to send message (not connected to server process).
[Package Manager] Cannot connect to Unity Package Manager local server
Mono: successfully reloaded assembly
- Finished resetting the current domain, in  1.117 seconds
Domain Reload Profiling: 1961ms
	BeginReloadAssembly (218ms)
		ExecutionOrderSort (0ms)
		DisableScriptedObjects (6ms)
		BackupInstance (0ms)
		ReleaseScriptingObjects (0ms)
		CreateAndSetChildDomain (51ms)
	RebuildCommonClasses (41ms)
	RebuildNativeTypeToScriptingClass (12ms)
	initialDomainReloadingComplete (28ms)
	LoadAllAssembliesAndSetupDomain (544ms)
		LoadAssemblies (414ms)
		RebuildTransferFunctionScriptingTraits (0ms)
		AnalyzeDomain (238ms)
			TypeCache.Refresh (8ms)
				TypeCache.ScanAssembly (0ms)
			BuildScriptInfoCaches (213ms)
			ResolveRequiredComponents (12ms)
	FinalizeReload (1118ms)
		ReleaseScriptCaches (0ms)
		RebuildScriptCaches (0ms)
		SetupLoadedEditorAssemblies (792ms)
			LogAssemblyErrors (0ms)
			InitializePlatformSupportModulesInManaged (25ms)
			SetLoadedEditorAssemblies (6ms)
			BeforeProcessingInitializeOnLoad (87ms)
			ProcessInitializeOnLoadAttributes (598ms)
			ProcessInitializeOnLoadMethodAttributes (66ms)
			AfterProcessingInitializeOnLoad (9ms)
			EditorAssembliesLoaded (0ms)
		ExecutionOrderSort2 (0ms)
		AwakeInstancesAfterBackupRestoration (21ms)
Refreshing native plugins compatible for Editor in 3.32 ms, found 4 plugins.
Preloading 0 native plugins for Editor in 0.00 ms.
Unloading 14 Unused Serialized files (Serialized files now loaded: 0)
Unloading 6757 unused Assets / (4.3 MB). Loaded Objects now: 8303.
Memory consumption went from 279.3 MB to 275.1 MB.
Total: 14.686200 ms (FindLiveObjects: 1.089300 ms CreateObjectMapping: 1.444400 ms MarkObjects: 8.156600 ms  DeleteObjects: 3.994300 ms)

Prepare: number of updated asset objects reloaded= 0
========================================================================
Received Import Request.
  Time since last request: 477.888871 seconds.
  path: Assets/Survival/Scripts/SpawnManager.cs
  artifactKey: Guid(54d680d75575544469cda57a5da0ad60) Importer(815301076,1909f56bfc062723c751e8b465ee728b)
Start importing Assets/Survival/Scripts/SpawnManager.cs using Guid(54d680d75575544469cda57a5da0ad60) Importer(815301076,1909f56bfc062723c751e8b465ee728b) (PreviewImporter) -> (artifact id: '9c4ee5b66ea73258f410698f40ce0812') in 0.0268042 seconds
Number of updated asset objects reloaded before import = 0Number of asset objects unloaded after import = 0

========================================================================
Received Import Request.
  Time since last request: 35.035793 seconds.
  path: Assets/Survival/Scripts/EnemyAI.cs
  artifactKey: Guid(737d2cf4ebe1b09409087041c0924420) Importer(815301076,1909f56bfc062723c751e8b465ee728b)
Start importing Assets/Survival/Scripts/EnemyAI.cs using Guid(737d2cf4ebe1b09409087041c0924420) Importer(815301076,1909f56bfc062723c751e8b465ee728b) (PreviewImporter) -> (artifact id: 'ebd0076b51c7ad9b6f201a94fa1c43a2') in 0.0010336 seconds
Number of updated asset objects reloaded before import = 0Number of asset objects unloaded after import = 0

========================================================================
Received Prepare
Assembly reference Packages/com.unity.cinemachine/Editor/Samples/ExposeHDRPInternals/HDRP-Editor-ref.asmref has no target assembly definition
Assembly reference Packages/com.unity.cinemachine/Editor/Samples/ExposeHDRPInternals/HDRP-Editor-ref.asmref has no target assembly definition
Begin MonoManager ReloadAssembly
- Loaded All Assemblies, in  0.857 seconds
Assembly reference Packages/com.unity.cinemachine/Editor/Samples/ExposeHDRPInternals/HDRP-Editor-ref.asmref has no target assembly definition
'Packages/com.unity.cinemachine/Editor/Obsolete/CinemachineVirtualCameraBaseEditor.cs' contains partial class of Unity.Object, exactly 1 of the partial classes needs to be in a file with the same filename. This is to know the one that can be referenced from ie. GameObjects
'Packages/com.unity.cinemachine/Editor/Editors/CinemachineVirtualCameraBaseEditor.cs' contains partial class of Unity.Object, exactly 1 of the partial classes needs to be in a file with the same filename. This is to know the one that can be referenced from ie. GameObjects
Refreshing native plugins compatible for Editor in 1.43 ms, found 4 plugins.
Native extension for iOS target not found
Native extension for Android target not found
Native extension for UWP target not found
Native extension for WindowsStandalone target not found
Failed to load: C:/Program Files/Unity/Hub/Editor/6000.0.28f1/Editor/Data/PlaybackEngines/VisionOSPlayer\x64\UnityEditor.VisionOS.Native.dll
Native extension for VisionOS target not found
Native extension for WebGL target not found
Assembly reference Packages/com.unity.cinemachine/Editor/Samples/ExposeHDRPInternals/HDRP-Editor-ref.asmref has no target assembly definition
[Package Manager] Failed to launch server process. Reason: Unity was launched with the -noUpm command-line argument
[Package Manager] Unable to send message (not connected to server process).
[Package Manager] Cannot connect to Unity Package Manager local server
Mono: successfully reloaded assembly
- Finished resetting the current domain, in  1.136 seconds
Domain Reload Profiling: 1991ms
	BeginReloadAssembly (247ms)
		ExecutionOrderSort (0ms)
		DisableScriptedObjects (8ms)
		BackupInstance (0ms)
		ReleaseScriptingObjects (0ms)
		CreateAndSetChildDomain (77ms)
	RebuildCommonClasses (34ms)
	RebuildNativeTypeToScriptingClass (13ms)
	initialDomainReloadingComplete (30ms)
	LoadAllAssembliesAndSetupDomain (531ms)
		LoadAssemblies (392ms)
		RebuildTransferFunctionScriptingTraits (0ms)
		AnalyzeDomain (249ms)
			TypeCache.Refresh (14ms)
				TypeCache.ScanAssembly (1ms)
			BuildScriptInfoCaches (218ms)
			ResolveRequiredComponents (12ms)
	FinalizeReload (1136ms)
		ReleaseScriptCaches (0ms)
		RebuildScriptCaches (0ms)
		SetupLoadedEditorAssemblies (810ms)
			LogAssemblyErrors (0ms)
			InitializePlatformSupportModulesInManaged (19ms)
			SetLoadedEditorAssemblies (6ms)
			BeforeProcessingInitializeOnLoad (89ms)
			ProcessInitializeOnLoadAttributes (628ms)
			ProcessInitializeOnLoadMethodAttributes (60ms)
			AfterProcessingInitializeOnLoad (8ms)
			EditorAssembliesLoaded (0ms)
		ExecutionOrderSort2 (0ms)
		AwakeInstancesAfterBackupRestoration (20ms)
Refreshing native plugins compatible for Editor in 1.80 ms, found 4 plugins.
Preloading 0 native plugins for Editor in 0.00 ms.
Unloading 14 Unused Serialized files (Serialized files now loaded: 0)
Unloading 6757 unused Assets / (4.6 MB). Loaded Objects now: 8306.
Memory consumption went from 279.3 MB to 274.7 MB.
Total: 10.143200 ms (FindLiveObjects: 1.158500 ms CreateObjectMapping: 1.343200 ms MarkObjects: 4.777500 ms  DeleteObjects: 2.862300 ms)

Prepare: number of updated asset objects reloaded= 0
========================================================================
Received Prepare
Assembly reference Packages/com.unity.cinemachine/Editor/Samples/ExposeHDRPInternals/HDRP-Editor-ref.asmref has no target assembly definition
Assembly reference Packages/com.unity.cinemachine/Editor/Samples/ExposeHDRPInternals/HDRP-Editor-ref.asmref has no target assembly definition
Begin MonoManager ReloadAssembly
- Loaded All Assemblies, in  0.816 seconds
Assembly reference Packages/com.unity.cinemachine/Editor/Samples/ExposeHDRPInternals/HDRP-Editor-ref.asmref has no target assembly definition
'Packages/com.unity.cinemachine/Editor/Obsolete/CinemachineVirtualCameraBaseEditor.cs' contains partial class of Unity.Object, exactly 1 of the partial classes needs to be in a file with the same filename. This is to know the one that can be referenced from ie. GameObjects
'Packages/com.unity.cinemachine/Editor/Editors/CinemachineVirtualCameraBaseEditor.cs' contains partial class of Unity.Object, exactly 1 of the partial classes needs to be in a file with the same filename. This is to know the one that can be referenced from ie. GameObjects
Refreshing native plugins compatible for Editor in 2.05 ms, found 4 plugins.
Native extension for iOS target not found
Native extension for Android target not found
Native extension for UWP target not found
Native extension for WindowsStandalone target not found
Failed to load: C:/Program Files/Unity/Hub/Editor/6000.0.28f1/Editor/Data/PlaybackEngines/VisionOSPlayer\x64\UnityEditor.VisionOS.Native.dll
Native extension for VisionOS target not found
Native extension for WebGL target not found
Assembly reference Packages/com.unity.cinemachine/Editor/Samples/ExposeHDRPInternals/HDRP-Editor-ref.asmref has no target assembly definition
[Package Manager] Failed to launch server process. Reason: Unity was launched with the -noUpm command-line argument
[Package Manager] Unable to send message (not connected to server process).
[Package Manager] Cannot connect to Unity Package Manager local server
Mono: successfully reloaded assembly
- Finished resetting the current domain, in  1.114 seconds
Domain Reload Profiling: 1931ms
	BeginReloadAssembly (209ms)
		ExecutionOrderSort (0ms)
		DisableScriptedObjects (8ms)
		BackupInstance (0ms)
		ReleaseScriptingObjects (0ms)
		CreateAndSetChildDomain (47ms)
	RebuildCommonClasses (44ms)
	RebuildNativeTypeToScriptingClass (13ms)
	initialDomainReloadingComplete (30ms)
	LoadAllAssembliesAndSetupDomain (521ms)
		LoadAssemblies (378ms)
		RebuildTransferFunctionScriptingTraits (0ms)
		AnalyzeDomain (248ms)
			TypeCache.Refresh (8ms)
				TypeCache.ScanAssembly (0ms)
			BuildScriptInfoCaches (223ms)
			ResolveRequiredComponents (11ms)
	FinalizeReload (1115ms)
		ReleaseScriptCaches (0ms)
		RebuildScriptCaches (0ms)
		SetupLoadedEditorAssemblies (781ms)
			LogAssemblyErrors (0ms)
			InitializePlatformSupportModulesInManaged (21ms)
			SetLoadedEditorAssemblies (7ms)
			BeforeProcessingInitializeOnLoad (89ms)
			ProcessInitializeOnLoadAttributes (596ms)
			ProcessInitializeOnLoadMethodAttributes (61ms)
			AfterProcessingInitializeOnLoad (6ms)
			EditorAssembliesLoaded (0ms)
		ExecutionOrderSort2 (0ms)
		AwakeInstancesAfterBackupRestoration (19ms)
Refreshing native plugins compatible for Editor in 2.01 ms, found 4 plugins.
Preloading 0 native plugins for Editor in 0.00 ms.
Unloading 14 Unused Serialized files (Serialized files now loaded: 0)
Unloading 6757 unused Assets / (4.3 MB). Loaded Objects now: 8309.
Memory consumption went from 279.4 MB to 275.1 MB.
Total: 14.560500 ms (FindLiveObjects: 1.323300 ms CreateObjectMapping: 1.109900 ms MarkObjects: 8.565300 ms  DeleteObjects: 3.560900 ms)

Prepare: number of updated asset objects reloaded= 0
========================================================================
Received Prepare
Assembly reference Packages/com.unity.cinemachine/Editor/Samples/ExposeHDRPInternals/HDRP-Editor-ref.asmref has no target assembly definition
Assembly reference Packages/com.unity.cinemachine/Editor/Samples/ExposeHDRPInternals/HDRP-Editor-ref.asmref has no target assembly definition
Begin MonoManager ReloadAssembly
- Loaded All Assemblies, in  0.859 seconds
Assembly reference Packages/com.unity.cinemachine/Editor/Samples/ExposeHDRPInternals/HDRP-Editor-ref.asmref has no target assembly definition
'Packages/com.unity.cinemachine/Editor/Obsolete/CinemachineVirtualCameraBaseEditor.cs' contains partial class of Unity.Object, exactly 1 of the partial classes needs to be in a file with the same filename. This is to know the one that can be referenced from ie. GameObjects
'Packages/com.unity.cinemachine/Editor/Editors/CinemachineVirtualCameraBaseEditor.cs' contains partial class of Unity.Object, exactly 1 of the partial classes needs to be in a file with the same filename. This is to know the one that can be referenced from ie. GameObjects
Refreshing native plugins compatible for Editor in 2.07 ms, found 4 plugins.
Native extension for iOS target not found
Native extension for Android target not found
Native extension for UWP target not found
Native extension for WindowsStandalone target not found
Failed to load: C:/Program Files/Unity/Hub/Editor/6000.0.28f1/Editor/Data/PlaybackEngines/VisionOSPlayer\x64\UnityEditor.VisionOS.Native.dll
Native extension for VisionOS target not found
Native extension for WebGL target not found
Assembly reference Packages/com.unity.cinemachine/Editor/Samples/ExposeHDRPInternals/HDRP-Editor-ref.asmref has no target assembly definition
[Package Manager] Failed to launch server process. Reason: Unity was launched with the -noUpm command-line argument
[Package Manager] Unable to send message (not connected to server process).
[Package Manager] Cannot connect to Unity Package Manager local server
Mono: successfully reloaded assembly
- Finished resetting the current domain, in  1.226 seconds
Domain Reload Profiling: 2085ms
	BeginReloadAssembly (212ms)
		ExecutionOrderSort (0ms)
		DisableScriptedObjects (5ms)
		BackupInstance (0ms)
		ReleaseScriptingObjects (0ms)
		CreateAndSetChildDomain (58ms)
	RebuildCommonClasses (32ms)
	RebuildNativeTypeToScriptingClass (13ms)
	initialDomainReloadingComplete (32ms)
	LoadAllAssembliesAndSetupDomain (569ms)
		LoadAssemblies (405ms)
		RebuildTransferFunctionScriptingTraits (0ms)
		AnalyzeDomain (260ms)
			TypeCache.Refresh (12ms)
				TypeCache.ScanAssembly (0ms)
			BuildScriptInfoCaches (231ms)
			ResolveRequiredComponents (10ms)
	FinalizeReload (1227ms)
		ReleaseScriptCaches (0ms)
		RebuildScriptCaches (0ms)
		SetupLoadedEditorAssemblies (852ms)
			LogAssemblyErrors (0ms)
			InitializePlatformSupportModulesInManaged (16ms)
			SetLoadedEditorAssemblies (4ms)
			BeforeProcessingInitializeOnLoad (99ms)
			ProcessInitializeOnLoadAttributes (642ms)
			ProcessInitializeOnLoadMethodAttributes (72ms)
			AfterProcessingInitializeOnLoad (18ms)
			EditorAssembliesLoaded (1ms)
		ExecutionOrderSort2 (0ms)
		AwakeInstancesAfterBackupRestoration (25ms)
Refreshing native plugins compatible for Editor in 2.49 ms, found 4 plugins.
Preloading 0 native plugins for Editor in 0.00 ms.
Unloading 14 Unused Serialized files (Serialized files now loaded: 0)
Unloading 6757 unused Assets / (4.7 MB). Loaded Objects now: 8312.
Memory consumption went from 279.4 MB to 274.6 MB.
Total: 12.683400 ms (FindLiveObjects: 1.225500 ms CreateObjectMapping: 0.765100 ms MarkObjects: 6.567800 ms  DeleteObjects: 4.123600 ms)

Prepare: number of updated asset objects reloaded= 0
========================================================================
Received Prepare
Assembly reference Packages/com.unity.cinemachine/Editor/Samples/ExposeHDRPInternals/HDRP-Editor-ref.asmref has no target assembly definition
Assembly reference Packages/com.unity.cinemachine/Editor/Samples/ExposeHDRPInternals/HDRP-Editor-ref.asmref has no target assembly definition
Begin MonoManager ReloadAssembly
- Loaded All Assemblies, in  0.891 seconds
Assembly reference Packages/com.unity.cinemachine/Editor/Samples/ExposeHDRPInternals/HDRP-Editor-ref.asmref has no target assembly definition
'Packages/com.unity.cinemachine/Editor/Obsolete/CinemachineVirtualCameraBaseEditor.cs' contains partial class of Unity.Object, exactly 1 of the partial classes needs to be in a file with the same filename. This is to know the one that can be referenced from ie. GameObjects
'Packages/com.unity.cinemachine/Editor/Editors/CinemachineVirtualCameraBaseEditor.cs' contains partial class of Unity.Object, exactly 1 of the partial classes needs to be in a file with the same filename. This is to know the one that can be referenced from ie. GameObjects
Refreshing native plugins compatible for Editor in 1.76 ms, found 4 plugins.
Native extension for iOS target not found
Native extension for Android target not found
Native extension for UWP target not found
Native extension for WindowsStandalone target not found
Failed to load: C:/Program Files/Unity/Hub/Editor/6000.0.28f1/Editor/Data/PlaybackEngines/VisionOSPlayer\x64\UnityEditor.VisionOS.Native.dll
Native extension for VisionOS target not found
Native extension for WebGL target not found
Assembly reference Packages/com.unity.cinemachine/Editor/Samples/ExposeHDRPInternals/HDRP-Editor-ref.asmref has no target assembly definition
[Package Manager] Failed to launch server process. Reason: Unity was launched with the -noUpm command-line argument
[Package Manager] Unable to send message (not connected to server process).
[Package Manager] Cannot connect to Unity Package Manager local server
Mono: successfully reloaded assembly
- Finished resetting the current domain, in  1.255 seconds
Domain Reload Profiling: 2145ms
	BeginReloadAssembly (214ms)
		ExecutionOrderSort (0ms)
		DisableScriptedObjects (5ms)
		BackupInstance (0ms)
		ReleaseScriptingObjects (0ms)
		CreateAndSetChildDomain (54ms)
	RebuildCommonClasses (57ms)
	RebuildNativeTypeToScriptingClass (18ms)
	initialDomainReloadingComplete (35ms)
	LoadAllAssembliesAndSetupDomain (565ms)
		LoadAssemblies (408ms)
		RebuildTransferFunctionScriptingTraits (0ms)
		AnalyzeDomain (265ms)
			TypeCache.Refresh (10ms)
				TypeCache.ScanAssembly (0ms)
			BuildScriptInfoCaches (239ms)
			ResolveRequiredComponents (12ms)
	FinalizeReload (1256ms)
		ReleaseScriptCaches (0ms)
		RebuildScriptCaches (0ms)
		SetupLoadedEditorAssemblies (858ms)
			LogAssemblyErrors (0ms)
			InitializePlatformSupportModulesInManaged (22ms)
			SetLoadedEditorAssemblies (5ms)
			BeforeProcessingInitializeOnLoad (98ms)
			ProcessInitializeOnLoadAttributes (653ms)
			ProcessInitializeOnLoadMethodAttributes (71ms)
			AfterProcessingInitializeOnLoad (9ms)
			EditorAssembliesLoaded (0ms)
		ExecutionOrderSort2 (0ms)
		AwakeInstancesAfterBackupRestoration (23ms)
Refreshing native plugins compatible for Editor in 1.60 ms, found 4 plugins.
Preloading 0 native plugins for Editor in 0.00 ms.
Unloading 14 Unused Serialized files (Serialized files now loaded: 0)
Unloading 6757 unused Assets / (4.6 MB). Loaded Objects now: 8315.
Memory consumption went from 279.4 MB to 274.7 MB.
Total: 9.222300 ms (FindLiveObjects: 0.835600 ms CreateObjectMapping: 0.877300 ms MarkObjects: 4.704600 ms  DeleteObjects: 2.803500 ms)

Prepare: number of updated asset objects reloaded= 0
========================================================================
Received Prepare
Assembly reference Packages/com.unity.cinemachine/Editor/Samples/ExposeHDRPInternals/HDRP-Editor-ref.asmref has no target assembly definition
Assembly reference Packages/com.unity.cinemachine/Editor/Samples/ExposeHDRPInternals/HDRP-Editor-ref.asmref has no target assembly definition
Begin MonoManager ReloadAssembly
- Loaded All Assemblies, in  0.852 seconds
Assembly reference Packages/com.unity.cinemachine/Editor/Samples/ExposeHDRPInternals/HDRP-Editor-ref.asmref has no target assembly definition
'Packages/com.unity.cinemachine/Editor/Obsolete/CinemachineVirtualCameraBaseEditor.cs' contains partial class of Unity.Object, exactly 1 of the partial classes needs to be in a file with the same filename. This is to know the one that can be referenced from ie. GameObjects
'Packages/com.unity.cinemachine/Editor/Editors/CinemachineVirtualCameraBaseEditor.cs' contains partial class of Unity.Object, exactly 1 of the partial classes needs to be in a file with the same filename. This is to know the one that can be referenced from ie. GameObjects
Refreshing native plugins compatible for Editor in 1.71 ms, found 4 plugins.
Native extension for iOS target not found
Native extension for Android target not found
Native extension for UWP target not found
Native extension for WindowsStandalone target not found
Failed to load: C:/Program Files/Unity/Hub/Editor/6000.0.28f1/Editor/Data/PlaybackEngines/VisionOSPlayer\x64\UnityEditor.VisionOS.Native.dll
Native extension for VisionOS target not found
Native extension for WebGL target not found
Assembly reference Packages/com.unity.cinemachine/Editor/Samples/ExposeHDRPInternals/HDRP-Editor-ref.asmref has no target assembly definition
[Package Manager] Failed to launch server process. Reason: Unity was launched with the -noUpm command-line argument
[Package Manager] Unable to send message (not connected to server process).
[Package Manager] Cannot connect to Unity Package Manager local server
Mono: successfully reloaded assembly
- Finished resetting the current domain, in  1.143 seconds
Domain Reload Profiling: 1993ms
	BeginReloadAssembly (224ms)
		ExecutionOrderSort (0ms)
		DisableScriptedObjects (6ms)
		BackupInstance (0ms)
		ReleaseScriptingObjects (0ms)
		CreateAndSetChildDomain (69ms)
	RebuildCommonClasses (37ms)
	RebuildNativeTypeToScriptingClass (12ms)
	initialDomainReloadingComplete (26ms)
	LoadAllAssembliesAndSetupDomain (551ms)
		LoadAssemblies (399ms)
		RebuildTransferFunctionScriptingTraits (0ms)
		AnalyzeDomain (251ms)
			TypeCache.Refresh (9ms)
				TypeCache.ScanAssembly (0ms)
			BuildScriptInfoCaches (227ms)
			ResolveRequiredComponents (10ms)
	FinalizeReload (1143ms)
		ReleaseScriptCaches (0ms)
		RebuildScriptCaches (0ms)
		SetupLoadedEditorAssemblies (819ms)
			LogAssemblyErrors (0ms)
			InitializePlatformSupportModulesInManaged (17ms)
			SetLoadedEditorAssemblies (5ms)
			BeforeProcessingInitializeOnLoad (94ms)
			ProcessInitializeOnLoadAttributes (636ms)
			ProcessInitializeOnLoadMethodAttributes (59ms)
			AfterProcessingInitializeOnLoad (7ms)
			EditorAssembliesLoaded (0ms)
		ExecutionOrderSort2 (0ms)
		AwakeInstancesAfterBackupRestoration (21ms)
Refreshing native plugins compatible for Editor in 2.57 ms, found 4 plugins.
Preloading 0 native plugins for Editor in 0.00 ms.
Unloading 14 Unused Serialized files (Serialized files now loaded: 0)
Unloading 6757 unused Assets / (4.7 MB). Loaded Objects now: 8318.
Memory consumption went from 279.4 MB to 274.7 MB.
Total: 16.808900 ms (FindLiveObjects: 1.320700 ms CreateObjectMapping: 1.543600 ms MarkObjects: 8.564800 ms  DeleteObjects: 5.377400 ms)

Prepare: number of updated asset objects reloaded= 0
========================================================================
Received Prepare
Assembly reference Packages/com.unity.cinemachine/Editor/Samples/ExposeHDRPInternals/HDRP-Editor-ref.asmref has no target assembly definition
Assembly reference Packages/com.unity.cinemachine/Editor/Samples/ExposeHDRPInternals/HDRP-Editor-ref.asmref has no target assembly definition
Begin MonoManager ReloadAssembly
- Loaded All Assemblies, in  0.851 seconds
Assembly reference Packages/com.unity.cinemachine/Editor/Samples/ExposeHDRPInternals/HDRP-Editor-ref.asmref has no target assembly definition
'Packages/com.unity.cinemachine/Editor/Obsolete/CinemachineVirtualCameraBaseEditor.cs' contains partial class of Unity.Object, exactly 1 of the partial classes needs to be in a file with the same filename. This is to know the one that can be referenced from ie. GameObjects
'Packages/com.unity.cinemachine/Editor/Editors/CinemachineVirtualCameraBaseEditor.cs' contains partial class of Unity.Object, exactly 1 of the partial classes needs to be in a file with the same filename. This is to know the one that can be referenced from ie. GameObjects
Refreshing native plugins compatible for Editor in 1.44 ms, found 4 plugins.
Native extension for iOS target not found
Native extension for Android target not found
Native extension for UWP target not found
Native extension for WindowsStandalone target not found
Failed to load: C:/Program Files/Unity/Hub/Editor/6000.0.28f1/Editor/Data/PlaybackEngines/VisionOSPlayer\x64\UnityEditor.VisionOS.Native.dll
Native extension for VisionOS target not found
Native extension for WebGL target not found
Assembly reference Packages/com.unity.cinemachine/Editor/Samples/ExposeHDRPInternals/HDRP-Editor-ref.asmref has no target assembly definition
[Package Manager] Failed to launch server process. Reason: Unity was launched with the -noUpm command-line argument
[Package Manager] Unable to send message (not connected to server process).
[Package Manager] Cannot connect to Unity Package Manager local server
Mono: successfully reloaded assembly
- Finished resetting the current domain, in  1.221 seconds
Domain Reload Profiling: 2073ms
	BeginReloadAssembly (227ms)
		ExecutionOrderSort (0ms)
		DisableScriptedObjects (8ms)
		BackupInstance (0ms)
		ReleaseScriptingObjects (0ms)
		CreateAndSetChildDomain (58ms)
	RebuildCommonClasses (36ms)
	RebuildNativeTypeToScriptingClass (13ms)
	initialDomainReloadingComplete (29ms)
	LoadAllAssembliesAndSetupDomain (546ms)
		LoadAssemblies (381ms)
		RebuildTransferFunctionScriptingTraits (0ms)
		AnalyzeDomain (274ms)
			TypeCache.Refresh (10ms)
				TypeCache.ScanAssembly (0ms)
			BuildScriptInfoCaches (241ms)
			ResolveRequiredComponents (17ms)
	FinalizeReload (1222ms)
		ReleaseScriptCaches (0ms)
		RebuildScriptCaches (0ms)
		SetupLoadedEditorAssemblies (866ms)
			LogAssemblyErrors (0ms)
			InitializePlatformSupportModulesInManaged (24ms)
			SetLoadedEditorAssemblies (5ms)
			BeforeProcessingInitializeOnLoad (87ms)
			ProcessInitializeOnLoadAttributes (660ms)
			ProcessInitializeOnLoadMethodAttributes (81ms)
			AfterProcessingInitializeOnLoad (8ms)
			EditorAssembliesLoaded (1ms)
		ExecutionOrderSort2 (0ms)
		AwakeInstancesAfterBackupRestoration (20ms)
Refreshing native plugins compatible for Editor in 1.45 ms, found 4 plugins.
Preloading 0 native plugins for Editor in 0.00 ms.
Unloading 14 Unused Serialized files (Serialized files now loaded: 0)
Unloading 6757 unused Assets / (5.1 MB). Loaded Objects now: 8321.
Memory consumption went from 279.4 MB to 274.3 MB.
Total: 14.502900 ms (FindLiveObjects: 1.068600 ms CreateObjectMapping: 1.202600 ms MarkObjects: 7.547700 ms  DeleteObjects: 4.682100 ms)

Prepare: number of updated asset objects reloaded= 0
========================================================================
Received Import Request.
  Time since last request: 2650.904897 seconds.
  path: Assets/UnityTechnologies/ParticlePack/Shared/Environment/Materials/Light.mat
  artifactKey: Guid(47fbc90daa91ab541984ebd9f72db2d4) Importer(815301076,1909f56bfc062723c751e8b465ee728b)
Start importing Assets/UnityTechnologies/ParticlePack/Shared/Environment/Materials/Light.mat using Guid(47fbc90daa91ab541984ebd9f72db2d4) Importer(815301076,1909f56bfc062723c751e8b465ee728b) (PreviewImporter) -> (artifact id: 'e2d2e724933bc1e1546986578e395fb3') in 2.0738918 seconds
Number of updated asset objects reloaded before import = 0Number of asset objects unloaded after import = 1

========================================================================
Received Import Request.
  Time since last request: 0.000038 seconds.
  path: Assets/UnityTechnologies/ParticlePack/Shared/Environment/Models/SmallLight.fbx
  artifactKey: Guid(7469d4eaf5d47b246b3501c892dd5292) Importer(815301076,1909f56bfc062723c751e8b465ee728b)
Start importing Assets/UnityTechnologies/ParticlePack/Shared/Environment/Models/SmallLight.fbx using Guid(7469d4eaf5d47b246b3501c892dd5292) Importer(815301076,1909f56bfc062723c751e8b465ee728b) (PreviewImporter) -> (artifact id: '730b9b82fd09d3b6e4e3337ba05c7511') in 0.1923018 seconds
Number of updated asset objects reloaded before import = 0Number of asset objects unloaded after import = 11

========================================================================
Received Import Request.
  Time since last request: 0.000039 seconds.
  path: Assets/UnityTechnologies/ParticlePack/Scenes/Main Scene with Legacy Particles/Lightmap-1_comp_light.exr
  artifactKey: Guid(42365006bc39253438eea408030c887f) Importer(815301076,1909f56bfc062723c751e8b465ee728b)
Start importing Assets/UnityTechnologies/ParticlePack/Scenes/Main Scene with Legacy Particles/Lightmap-1_comp_light.exr using Guid(42365006bc39253438eea408030c887f) Importer(815301076,1909f56bfc062723c751e8b465ee728b) (PreviewImporter) -> (artifact id: '7bd67e68ee37b1c9323fff81477daf0e') in 0.0690794 seconds
Number of updated asset objects reloaded before import = 0Number of asset objects unloaded after import = 2

